,chi4LYS5.xvg,chi4LYS8.xvg,chi4ARG10.xvg,chi4ARG11.xvg,chi4ARG16.xvg,chi4ARG21.xvg,chi4ARG24.xvg,chi4LYS30.xvg,chi4ARG37.xvg,chi4LYS39.xvg,chi4LYS42.xvg,chi4LYS49.xvg,chi4LYS51.xvg,chi4LYS65.xvg,chi4ARG68.xvg,chi4ARG69.xvg,chi4ARG70.xvg,chi4LYS103.xvg
0,1,1,2,2,0,0,1,2,1,1,1,2,1,1,1,1,1,1
1,2,1,2,2,0,0,1,2,1,1,1,2,1,1,0,1,2,0
2,2,1,1,1,0,1,1,2,1,1,2,2,1,1,1,1,2,0
3,2,1,2,2,0,2,1,2,1,1,1,2,1,1,0,1,1,1
4,0,1,2,1,0,1,1,0,1,0,2,1,1,1,0,1,2,1
5,2,1,1,2,0,1,1,0,1,0,0,1,1,1,1,1,1,1
6,2,1,2,1,1,1,1,0,1,1,0,1,1,1,1,1,1,2
7,2,1,2,1,0,1,1,2,1,0,0,2,1,1,0,1,1,0
8,1,1,2,1,1,2,1,2,1,1,0,2,1,1,0,1,0,0
9,2,1,2,1,0,0,1,2,1,1,0,2,1,1,1,1,1,0
10,1,1,2,1,0,0,1,2,1,1,1,1,1,1,1,1,1,1
11,1,1,1,1,0,0,1,2,1,1,1,2,1,1,1,1,1,2
12,1,1,2,1,0,0,1,2,1,1,2,1,1,1,0,1,0,1
13,1,1,2,1,0,1,1,2,1,1,2,2,1,1,1,1,0,2
14,1,1,2,1,0,1,1,2,1,0,2,2,1,1,1,2,2,1
15,1,1,2,1,1,0,1,0,1,1,2,2,1,1,1,0,1,1
16,1,1,1,1,0,1,1,2,1,2,2,1,1,1,0,1,1,1
17,1,1,1,1,1,1,1,2,1,1,2,0,1,1,1,1,1,0
18,1,1,2,1,1,1,1,2,1,1,0,2,1,2,0,2,2,1
19,1,1,1,1,0,1,1,2,1,1,0,2,1,0,0,1,2,1
20,1,1,2,1,0,1,1,2,1,1,0,2,1,0,1,1,1,1
21,2,1,1,1,1,1,1,2,1,1,2,2,1,1,1,0,1,1
22,0,1,1,1,0,1,1,2,1,1,2,2,1,1,1,0,0,0
23,0,1,2,1,1,1,1,2,1,1,2,2,1,1,1,1,1,1
24,0,1,2,1,1,1,1,2,1,1,2,1,1,0,1,0,1,1
25,1,1,2,1,0,1,1,2,1,0,2,1,1,2,1,0,1,1
26,1,1,1,1,0,1,1,2,1,0,2,1,1,2,1,1,1,1
27,1,1,1,1,1,1,1,2,1,0,2,1,1,0,1,1,2,2
28,1,1,1,1,0,1,1,2,1,1,2,2,1,1,1,1,0,1
29,1,1,1,1,0,0,1,2,1,1,2,1,1,1,1,1,1,1
30,1,1,2,1,0,1,1,2,1,1,2,1,1,1,0,2,1,1
31,0,1,2,1,1,1,1,2,1,2,1,1,1,1,1,2,2,1
32,1,1,1,1,1,1,1,2,1,0,1,1,1,1,1,2,2,0
33,1,1,1,1,1,0,1,2,1,1,1,1,1,1,0,2,2,0
34,1,1,2,1,0,1,1,2,1,2,1,1,1,1,0,1,1,2
35,2,1,1,1,0,0,1,2,1,2,1,0,1,1,1,1,1,2
36,2,1,2,1,1,0,1,2,1,2,0,1,1,1,1,1,2,1
37,1,1,1,1,0,1,1,2,1,1,1,1,1,1,1,0,2,1
38,1,1,2,1,1,1,1,2,1,1,1,1,1,1,1,1,1,1
39,1,1,2,1,0,1,1,2,1,1,0,1,1,1,1,1,2,1
40,2,1,1,1,0,1,1,2,1,1,2,1,1,1,0,1,1,2
41,1,1,2,1,0,2,1,2,1,1,2,1,1,1,1,1,1,1
42,1,1,2,1,1,1,1,2,1,1,2,1,1,1,1,1,1,0
43,1,0,2,1,0,2,1,2,1,1,2,1,1,1,1,1,1,1
44,0,1,2,1,0,1,1,2,1,1,0,1,1,1,1,0,2,1
45,1,1,2,1,1,0,1,2,1,1,0,1,1,1,1,0,1,0
46,0,1,2,1,1,1,1,2,1,2,0,1,1,1,1,1,1,1
47,1,1,2,1,0,1,1,2,1,2,0,1,1,1,1,0,2,2
48,0,1,2,1,0,1,1,2,1,1,0,1,1,1,1,1,2,2
49,0,1,2,1,0,1,1,2,1,1,0,1,1,0,1,1,1,2
50,1,1,1,1,0,1,1,2,1,1,0,1,1,0,0,1,2,1
51,1,1,2,1,1,1,1,2,1,0,0,1,1,1,1,2,0,1
52,0,1,2,1,1,1,1,2,1,1,0,1,1,0,1,1,1,1
53,0,1,2,1,0,1,1,2,1,1,0,1,1,1,1,2,1,0
54,0,1,0,1,0,2,1,0,1,1,1,1,1,1,1,0,2,1
55,0,1,1,1,1,1,1,0,1,2,1,2,1,1,1,0,1,1
56,1,1,1,0,0,1,1,0,1,1,1,1,1,1,1,1,1,1
57,1,1,1,1,1,1,1,0,1,1,1,1,1,1,1,2,1,2
58,2,1,1,1,0,1,1,2,1,1,2,1,1,1,1,2,1,1
59,2,1,1,1,1,0,1,2,1,0,0,1,1,1,1,2,2,0
60,2,1,1,1,1,1,1,2,1,0,0,1,1,0,1,1,2,1
61,0,1,1,1,1,1,1,2,1,1,0,1,1,1,1,1,0,1
62,2,1,1,1,1,1,1,1,1,2,0,1,1,0,1,1,2,1
63,2,1,1,1,0,1,1,1,1,2,0,1,1,1,0,1,1,0
64,1,1,1,1,0,1,1,1,1,2,1,1,1,1,1,1,1,0
65,2,1,1,1,0,1,1,2,1,1,0,1,1,1,1,1,1,1
66,2,1,1,1,0,1,1,2,1,0,1,1,1,2,1,1,2,1
67,1,1,1,1,1,1,1,2,1,2,2,1,1,2,1,2,2,1
68,2,1,1,1,1,1,1,2,1,1,0,1,1,1,1,2,1,1
69,0,1,1,2,1,1,1,2,1,1,0,1,1,1,1,2,1,1
70,0,1,2,1,0,1,1,2,1,2,1,2,1,1,1,0,2,1
71,0,1,1,1,1,1,1,2,1,2,1,1,1,1,1,1,2,0
72,0,1,1,1,0,1,1,2,1,2,1,2,1,1,0,1,1,1
73,2,1,1,1,1,1,1,2,1,2,1,1,1,0,0,1,0,1
74,2,1,1,1,0,2,1,2,1,1,1,1,1,1,1,1,1,1
75,2,1,1,1,1,1,1,2,1,1,1,1,1,1,1,1,0,1
76,2,1,1,1,1,0,1,2,1,1,1,1,1,1,1,0,0,0
77,2,1,1,1,1,1,1,2,1,1,1,1,1,2,1,1,1,1
78,1,1,1,1,0,0,1,2,1,0,1,2,1,2,1,1,2,2
79,2,1,1,1,0,0,1,2,1,1,1,1,1,1,1,2,1,1
80,0,1,1,0,0,1,1,1,1,1,1,2,1,1,1,2,1,1
81,0,1,1,0,1,1,1,0,1,2,2,1,1,0,0,1,1,2
82,0,1,1,1,0,0,1,0,1,1,1,1,1,0,1,2,0,1
83,2,1,1,1,0,1,1,0,1,1,1,1,1,1,1,2,0,1
84,2,1,1,0,1,1,1,0,1,0,1,1,1,0,1,2,0,1
85,2,1,1,0,0,1,1,1,1,1,0,1,1,1,0,0,0,1
86,2,0,1,0,0,1,1,1,1,1,2,1,1,1,0,2,0,1
87,2,0,1,0,1,1,1,1,1,1,2,1,1,1,1,2,0,1
88,2,1,1,0,0,1,1,1,1,1,0,1,1,1,1,2,0,1
89,2,1,1,1,1,1,1,0,1,1,0,0,1,1,2,2,2,1
90,2,1,0,1,1,1,1,0,1,1,0,1,1,1,2,1,1,1
91,2,1,0,1,1,1,1,1,1,1,0,1,1,1,2,2,0,1
92,2,1,0,1,1,1,1,0,1,1,1,1,1,1,2,1,0,2
93,2,1,0,1,1,1,1,0,1,0,1,1,1,1,2,0,1,0
94,2,1,0,1,0,2,1,0,1,1,1,0,1,1,2,1,2,1
95,2,1,0,1,0,1,1,0,1,1,2,1,1,1,2,1,1,1
96,0,1,1,1,0,1,1,2,1,1,1,1,1,1,2,1,1,1
97,2,1,0,1,0,1,1,0,1,1,1,1,1,1,2,1,1,0
98,0,1,0,1,0,1,1,1,1,1,1,0,1,1,1,1,2,1
99,0,2,1,1,0,1,1,1,1,0,1,1,1,1,1,1,1,0
100,0,1,0,1,0,1,1,2,1,1,1,1,1,1,1,1,1,1
101,2,1,1,1,0,1,1,0,1,1,1,2,1,1,2,2,2,1
102,2,1,1,1,0,1,1,2,1,2,1,1,1,1,2,2,1,1
103,2,1,1,1,1,1,1,2,1,1,0,1,1,1,1,1,0,1
104,2,1,1,1,0,1,1,2,1,1,1,1,1,1,1,1,0,1
105,0,1,0,1,1,0,1,0,1,1,2,1,1,1,1,1,2,0
106,0,1,1,1,0,1,1,0,1,1,2,2,1,1,1,1,2,1
107,0,1,0,1,0,2,1,0,1,1,2,1,1,1,1,1,2,0
108,0,1,1,1,0,1,1,0,1,1,2,1,1,1,1,1,2,0
109,0,1,1,1,1,0,1,1,1,1,2,1,1,1,1,1,1,1
110,0,1,1,2,0,1,1,2,1,1,2,1,1,0,1,1,0,1
111,1,1,1,1,1,1,1,2,1,2,2,0,1,0,1,2,1,2
112,1,1,0,1,0,1,1,2,1,1,1,1,1,0,1,1,0,0
113,1,1,0,1,0,2,1,2,1,0,2,2,1,1,1,1,2,1
114,1,1,0,1,0,1,1,2,1,1,1,1,1,1,1,2,1,1
115,1,1,0,1,0,0,1,0,1,2,1,1,1,1,1,0,1,1
116,1,1,0,1,0,0,1,0,1,2,1,1,1,0,1,0,1,0
117,1,1,0,1,0,0,1,2,1,2,2,1,1,0,1,1,1,0
118,1,1,0,1,1,0,1,2,1,1,1,1,1,1,0,2,0,2
119,1,1,0,1,0,0,1,2,1,2,2,1,1,1,2,1,1,1
120,1,1,0,1,1,2,1,2,1,1,1,1,1,1,1,1,0,0
121,1,1,2,1,0,1,1,2,1,1,1,1,1,1,1,2,1,0
122,1,1,2,1,1,1,1,2,1,1,2,1,1,1,2,1,1,1
123,1,1,1,1,1,1,1,2,1,1,0,1,1,0,1,1,0,1
124,0,1,1,1,0,0,1,1,1,1,0,1,1,1,1,1,1,0
125,0,1,2,1,1,1,1,1,1,1,1,1,1,1,1,1,0,1
126,1,1,2,1,0,1,1,0,1,1,1,1,1,1,1,1,1,0
127,1,1,2,1,1,1,1,0,1,1,1,2,1,1,1,1,1,1
128,1,1,2,1,1,1,1,2,1,1,1,1,1,1,1,1,1,0
129,1,1,1,1,0,1,1,2,1,1,1,0,1,1,1,1,1,2
130,0,1,2,1,1,1,1,2,1,1,1,2,1,1,1,1,1,2
131,0,1,2,1,1,1,1,2,1,1,2,2,1,1,1,1,1,1
132,0,1,2,1,1,1,1,2,1,0,1,2,1,1,1,1,1,1
133,0,1,2,1,1,1,1,2,1,1,1,1,1,1,1,1,1,1
134,0,1,2,1,0,1,1,2,1,1,1,0,1,1,1,1,1,1
135,0,1,2,1,1,1,1,2,1,0,1,2,1,1,1,1,2,1
136,0,1,1,1,1,0,1,2,1,1,1,1,1,1,1,2,2,1
137,0,1,2,1,0,0,1,2,1,1,1,2,1,1,1,1,1,0
138,0,1,2,1,0,1,1,2,1,0,1,1,1,1,2,1,1,0
139,0,1,2,1,1,1,1,2,1,0,1,1,1,1,2,1,1,1
140,1,1,1,1,0,1,1,2,1,0,1,1,1,1,1,1,1,1
141,2,1,2,1,1,1,1,1,1,0,1,1,1,1,1,0,1,1
142,0,1,1,1,0,2,1,0,1,0,1,1,1,1,1,2,1,1
143,0,1,1,1,1,1,1,1,1,1,1,1,1,1,1,1,1,1
144,2,2,1,1,1,1,1,1,1,1,1,0,1,1,1,1,1,1
145,0,1,1,1,1,1,1,0,1,1,0,0,1,1,0,0,2,1
146,2,1,1,1,0,0,1,0,1,1,0,1,1,1,1,1,2,1
147,1,1,1,1,0,1,1,1,1,1,0,1,1,1,1,2,1,0
148,2,1,1,1,1,2,1,1,1,1,1,2,1,1,1,1,2,1
149,1,1,2,1,1,1,1,0,1,1,1,2,1,1,1,1,1,1
150,1,1,1,1,1,1,1,0,1,1,1,2,1,1,1,1,0,1
151,1,1,1,1,0,1,1,0,1,1,2,2,2,1,1,1,2,1
152,1,1,1,1,0,1,1,2,1,1,1,2,1,1,1,0,1,1
153,1,1,1,1,0,1,1,2,1,1,1,1,1,1,1,1,0,0
154,0,1,1,2,0,2,1,2,1,1,1,2,1,1,1,1,0,1
155,2,2,0,1,0,2,1,0,0,1,1,0,1,1,1,2,1,1
156,2,1,0,1,0,1,1,2,1,1,1,1,1,1,2,1,2,1
157,2,1,0,2,0,1,1,1,1,0,1,1,1,0,1,1,1,1
158,1,1,0,1,1,1,1,1,1,1,1,1,1,1,0,1,1,0
159,0,1,0,1,1,1,1,0,1,0,0,1,1,1,1,0,1,0
160,0,1,0,2,1,1,1,2,1,1,1,1,1,1,1,1,1,2
161,1,1,1,1,1,1,1,0,1,1,1,1,1,1,1,1,2,0
162,1,1,1,1,1,1,1,0,1,1,1,1,1,1,0,1,1,1
163,1,1,1,1,1,2,1,2,1,1,1,1,1,0,0,1,0,1
164,1,1,1,1,1,1,1,2,1,1,1,1,1,0,1,1,1,1
165,2,1,1,1,0,2,1,2,1,1,2,1,1,0,1,1,1,1
166,2,1,1,1,1,1,1,0,1,1,0,1,1,1,1,1,1,0
167,2,1,1,1,0,2,1,2,1,1,0,1,1,1,1,1,1,1
168,2,1,1,1,0,2,1,2,1,1,2,1,1,1,1,1,2,1
169,0,1,1,1,1,2,1,2,1,0,0,1,1,1,0,1,1,1
170,2,1,0,1,0,0,0,2,1,1,1,1,1,1,0,1,1,1
171,2,1,0,1,0,0,0,2,1,1,1,1,1,1,1,2,1,1
172,0,1,0,1,0,0,0,1,1,1,1,1,1,1,1,0,1,1
173,0,1,0,1,0,0,0,0,1,1,1,1,1,1,0,2,0,1
174,0,1,0,1,0,0,1,0,1,1,1,1,1,1,1,1,0,1
175,2,1,1,1,0,0,1,0,1,1,1,1,1,1,1,1,1,1
176,2,1,2,1,0,2,2,0,1,1,1,0,1,1,2,0,0,2
177,2,1,1,1,1,1,1,1,1,1,1,2,1,1,1,1,0,0
178,1,1,1,1,0,1,1,2,1,1,1,1,1,2,1,0,1,1
179,1,1,1,1,1,1,1,2,1,1,1,1,1,1,1,0,1,1
180,1,1,1,1,0,2,1,2,1,1,1,1,1,1,1,1,0,1
181,1,1,1,1,0,1,1,2,1,1,1,1,1,1,1,1,1,0
182,1,1,1,1,1,1,1,0,1,0,1,1,1,1,1,1,0,1
183,2,1,1,1,0,1,1,1,1,0,1,1,1,1,1,2,1,1
184,2,1,1,1,0,1,2,2,1,1,0,1,1,1,1,1,2,1
185,0,1,1,1,0,1,1,0,1,1,1,1,1,1,1,1,0,1
186,0,1,1,1,0,1,1,0,1,1,1,1,1,1,1,1,0,1
187,0,1,1,1,0,1,1,0,1,1,0,1,1,1,0,1,2,1
188,2,1,2,1,1,1,2,0,1,2,0,1,1,1,1,1,1,1
189,1,1,1,1,0,1,1,0,1,2,0,1,1,1,1,1,0,1
190,2,1,1,1,1,0,1,1,1,1,0,1,1,1,1,1,1,0
191,1,1,1,0,1,1,1,1,1,1,0,1,1,1,1,2,1,2
192,1,1,1,0,1,0,2,1,1,2,0,1,1,1,2,2,1,0
193,1,1,1,0,1,1,1,1,1,1,0,1,2,1,1,2,1,0
194,1,1,2,1,1,2,1,1,1,1,0,1,2,1,1,2,1,0
195,1,1,1,1,1,1,1,0,1,1,0,1,1,1,1,2,1,1
196,0,1,1,1,0,1,1,0,1,1,0,0,1,1,1,2,1,0
197,1,1,1,1,1,1,1,0,1,0,0,1,1,0,1,2,1,0
198,1,1,1,1,1,1,1,2,1,1,0,1,1,0,1,1,2,1
199,2,1,1,1,0,1,1,0,1,1,0,1,1,0,1,2,2,1
200,0,1,1,1,1,1,1,1,1,2,0,1,1,1,2,2,1,0
201,2,1,1,1,0,1,1,1,1,1,1,1,1,1,1,2,1,2
202,0,1,0,1,0,1,1,1,1,1,1,1,1,1,1,2,0,1
203,2,1,0,2,1,1,1,1,1,1,1,1,1,1,1,2,1,1
204,2,1,1,1,1,1,1,1,1,1,1,1,1,1,1,2,1,0
205,2,1,1,1,1,1,1,0,1,1,1,1,1,1,1,1,0,1
206,1,1,1,1,1,1,1,2,1,1,1,1,1,1,1,1,2,1
207,1,1,0,2,0,1,1,1,1,1,2,1,1,1,2,0,1,2
208,2,1,0,1,0,1,1,0,1,1,2,1,1,1,2,1,1,0
209,1,1,1,1,0,1,1,1,1,1,1,1,1,1,1,1,1,0
210,1,1,0,2,0,1,1,1,1,1,2,0,1,0,1,0,1,1
211,0,0,0,2,1,1,1,1,1,1,0,1,1,1,1,1,1,1
212,0,1,0,2,1,1,1,1,1,1,2,0,1,1,1,1,0,1
213,1,1,1,1,1,1,1,1,1,1,0,1,1,1,1,2,1,0
214,1,1,1,1,1,1,1,1,1,1,0,1,1,1,1,2,2,0
215,1,1,1,2,1,1,1,1,1,2,0,1,1,1,1,1,1,0
216,1,1,1,1,0,1,1,1,1,1,1,1,1,1,1,1,2,0
217,1,1,1,1,1,1,1,1,1,1,1,1,1,1,2,1,1,1
218,1,1,1,2,0,1,1,0,1,1,0,1,1,1,1,1,1,1
219,0,1,2,2,0,1,1,2,1,1,0,1,1,1,1,1,1,1
220,1,1,2,2,1,1,1,2,1,1,1,1,1,1,1,0,1,1
221,0,1,2,1,0,1,1,2,1,1,1,1,1,1,1,1,2,0
222,1,1,1,2,1,1,1,2,1,1,1,1,1,1,1,1,2,2
223,2,1,1,1,1,1,1,2,1,1,1,1,1,1,1,1,2,2
224,2,1,2,2,1,1,1,2,1,1,1,1,1,2,1,1,2,2
225,2,1,2,1,1,1,1,2,1,1,0,1,1,1,1,1,2,1
226,2,1,1,1,1,1,1,2,1,1,1,1,1,1,1,1,1,0
227,2,1,2,1,0,1,1,2,1,1,1,1,1,1,1,1,0,0
228,1,1,2,2,0,1,1,2,1,1,0,1,1,1,1,0,2,2
229,0,1,2,2,0,1,1,2,1,1,1,1,1,1,1,1,1,0
230,1,1,2,2,1,1,1,2,1,1,2,1,1,1,0,1,1,0
231,0,1,1,1,0,1,1,2,1,1,0,1,1,1,0,1,1,2
232,0,1,2,1,0,2,1,2,1,1,0,0,1,1,1,1,2,2
233,2,1,1,1,0,1,1,2,1,1,1,0,1,1,0,1,0,1
234,1,1,2,1,0,2,1,2,1,2,1,0,1,1,1,1,0,1
235,1,1,2,1,0,1,1,2,1,1,1,1,1,1,1,1,2,1
236,1,1,1,1,1,1,1,2,1,1,0,1,1,1,1,1,2,0
237,1,1,1,1,0,1,1,2,1,0,1,1,1,1,1,2,1,0
238,1,1,1,0,0,1,1,1,1,1,0,1,1,1,1,1,0,2
239,0,1,1,0,1,1,1,0,1,0,0,1,2,1,1,1,1,2
240,1,1,1,1,0,1,1,0,1,0,2,1,2,1,1,1,0,2
241,1,1,1,1,1,1,0,0,1,0,2,0,1,1,1,1,2,1
242,0,1,1,1,1,1,1,2,1,0,2,1,2,1,1,1,1,1
243,1,1,1,1,0,1,1,1,1,0,0,1,1,0,1,1,0,1
244,1,1,1,1,0,0,1,0,1,1,1,2,1,1,1,1,0,0
245,1,1,1,1,0,1,1,1,1,0,0,1,1,1,1,1,1,0
246,0,1,1,1,0,1,1,1,1,0,1,1,1,1,1,1,1,1
247,2,1,1,1,1,1,1,0,1,0,1,1,1,1,1,1,1,1
248,1,1,0,1,0,1,1,2,1,1,0,0,1,1,0,1,1,2
249,0,1,0,1,1,1,1,2,1,1,1,2,1,1,1,1,1,0
250,2,1,1,1,0,1,1,2,1,1,1,2,1,1,0,1,1,1
251,1,1,1,1,0,1,1,2,1,1,1,2,1,1,1,1,1,1
252,1,1,1,1,0,1,0,2,1,1,1,1,1,1,1,1,1,0
253,2,1,1,1,0,1,1,2,1,0,1,2,1,0,1,0,1,0
254,2,1,1,1,1,1,1,2,1,1,0,1,1,1,1,1,1,1
255,2,1,2,1,1,1,1,2,1,2,0,1,1,1,1,1,1,1
256,2,1,2,1,0,1,1,0,1,2,0,1,0,1,0,1,2,0
257,2,1,1,1,1,1,1,0,1,2,0,1,1,0,0,1,1,2
258,2,1,1,1,0,1,1,1,1,2,0,2,0,0,1,0,0,1
259,1,1,1,1,0,1,1,1,1,2,0,1,1,1,1,0,0,0
260,1,1,1,0,0,1,1,0,1,2,0,1,0,1,1,1,1,1
261,1,1,1,1,0,1,1,0,1,2,0,1,1,1,1,1,1,1
262,2,1,2,1,1,1,1,0,1,1,0,2,1,0,1,1,2,0
263,1,1,1,1,0,0,1,1,1,2,0,1,1,0,1,1,1,1
264,2,1,1,1,1,2,1,2,1,2,0,1,1,1,2,1,1,0
265,0,1,1,1,1,2,1,0,1,2,0,2,1,1,1,1,0,0
266,1,1,1,2,1,2,1,2,1,2,0,2,1,2,1,2,2,1
267,1,1,0,1,0,2,1,2,1,1,0,2,1,1,1,2,1,1
268,1,1,1,1,0,1,1,1,1,1,0,2,1,1,1,1,1,2
269,1,1,1,1,0,1,0,0,1,1,1,1,1,0,1,2,1,0
270,1,1,1,1,0,1,1,2,1,1,1,2,1,1,1,2,0,1
271,2,1,0,1,1,1,1,2,1,1,1,2,1,1,1,1,2,1
272,1,1,1,1,0,1,2,2,1,1,1,0,1,2,1,1,1,1
273,1,1,1,1,1,1,1,2,1,1,1,2,1,1,1,2,0,1
274,1,1,1,1,0,1,1,1,1,1,1,2,1,0,1,1,2,1
275,1,1,2,1,0,1,1,2,1,1,1,2,1,1,1,1,2,0
276,1,1,1,0,1,1,1,2,1,1,1,1,1,1,2,1,0,2
277,1,1,1,0,0,1,2,2,1,1,1,1,1,0,1,1,1,1
278,1,1,1,0,1,0,1,2,1,2,1,2,1,2,1,1,2,0
279,0,1,1,1,0,1,1,2,1,1,1,1,1,0,1,1,2,1
280,2,1,1,1,1,1,1,2,1,1,1,2,1,1,1,1,1,1
281,1,1,1,1,1,1,1,2,1,1,1,2,1,1,1,1,0,2
282,1,1,1,1,0,1,1,2,1,1,1,2,0,1,1,1,1,2
283,1,1,1,1,1,1,1,1,1,1,1,1,1,1,1,1,0,1
284,1,1,1,1,1,1,1,1,1,2,2,1,1,1,1,1,1,2
285,1,1,1,1,1,1,0,2,1,0,2,2,1,1,1,2,2,1
286,1,1,1,1,1,1,1,0,1,0,0,2,1,1,0,1,2,1
287,1,1,0,1,0,1,1,2,1,1,0,2,0,2,1,1,1,1
288,1,1,1,1,1,1,1,1,1,0,0,1,2,1,1,1,0,1
289,2,1,0,1,0,1,1,1,1,0,2,1,1,1,1,1,2,2
290,1,1,1,1,0,1,1,2,1,0,2,1,1,1,0,2,1,0
291,2,1,1,1,1,0,1,2,1,1,0,1,1,0,1,1,1,0
292,0,1,1,1,0,0,1,1,1,1,1,1,1,1,0,2,1,0
293,1,1,1,0,0,0,1,0,1,0,2,1,0,2,1,1,1,2
294,2,0,1,0,1,0,1,2,1,1,2,1,0,1,1,1,1,0
295,2,0,1,1,1,0,1,0,1,0,1,1,0,1,1,1,0,0
296,1,0,1,1,1,0,1,1,1,1,1,1,2,1,0,1,2,2
297,1,2,2,1,0,1,0,0,1,1,1,1,0,1,1,1,1,2
298,1,1,1,1,0,1,1,0,1,0,1,1,1,0,1,1,1,1
299,2,1,0,1,0,1,1,0,1,1,1,2,0,1,1,1,2,0
300,1,1,1,1,0,2,1,0,1,0,1,2,0,1,1,1,1,0
301,1,1,2,1,0,1,1,1,1,0,1,1,1,1,1,1,2,2
302,1,1,1,1,1,2,1,1,1,1,0,2,0,1,1,1,2,1
303,2,1,2,1,1,0,1,1,1,0,0,2,1,1,0,2,1,1
304,1,1,2,1,1,0,1,2,1,2,0,2,1,1,1,1,2,0
305,1,1,2,1,0,0,1,2,1,0,1,1,0,1,1,2,0,1
306,1,1,2,1,0,0,1,2,1,0,1,2,0,1,1,1,1,1
307,1,1,2,1,0,1,1,2,1,0,1,0,0,1,1,1,2,1
308,1,0,1,0,0,1,1,2,1,2,0,1,0,1,1,1,2,0
309,1,1,2,1,0,1,1,0,1,2,1,1,0,1,1,1,1,1
310,1,1,2,1,0,1,1,2,1,2,0,2,0,1,0,1,1,1
311,1,1,2,1,0,1,1,2,1,2,1,1,0,1,1,1,2,1
312,1,1,2,1,1,1,1,2,1,2,1,1,0,1,0,1,1,0
313,1,1,2,2,0,1,1,2,1,2,0,2,0,1,1,1,1,1
314,1,1,2,1,0,1,1,2,1,2,0,2,2,1,1,1,1,0
315,1,1,2,1,0,1,1,2,1,2,0,1,0,1,1,1,1,1
316,1,1,2,0,0,1,1,2,1,0,1,1,0,2,1,2,1,1
317,1,1,2,1,1,1,1,2,1,1,1,0,0,2,1,2,2,0
318,1,1,2,1,0,1,1,2,1,2,2,1,0,1,1,2,1,1
319,1,1,2,2,0,1,1,0,1,1,1,2,0,1,1,2,1,0
320,1,1,2,1,0,1,1,0,1,0,2,1,0,1,1,2,1,0
321,1,1,2,1,1,1,1,0,1,1,2,1,1,1,0,2,1,1
322,1,1,2,1,0,1,1,0,1,0,1,1,0,1,0,2,1,1
323,2,1,2,1,0,1,1,0,1,0,1,1,0,1,0,1,1,2
324,0,1,2,1,0,1,1,0,1,0,1,1,0,2,1,1,2,1
325,2,1,0,1,1,1,1,0,1,0,0,2,0,0,1,2,1,1
326,1,1,1,1,1,1,1,2,1,2,1,2,0,1,1,1,2,1
327,1,1,1,1,1,1,1,2,1,0,1,0,0,1,0,2,1,1
328,2,1,2,1,1,1,1,2,1,0,0,2,0,1,1,2,0,1
329,0,1,1,1,1,0,1,2,1,2,1,2,0,1,1,2,0,2
330,1,1,2,1,1,1,1,2,1,0,1,1,0,1,1,1,1,2
331,1,1,2,1,0,1,1,1,1,1,2,1,1,1,1,2,0,1
332,0,1,2,1,0,1,1,0,1,2,0,1,1,1,2,1,0,1
333,2,1,1,1,1,0,1,0,1,1,0,1,1,1,1,1,0,1
334,1,1,2,1,1,1,1,0,1,2,1,1,1,0,1,2,2,1
335,0,1,1,1,1,1,0,2,1,1,2,2,1,0,1,2,1,1
336,1,1,2,1,0,1,1,2,1,1,2,2,1,0,1,2,1,1
337,2,1,1,1,0,1,1,2,1,1,0,0,1,0,1,2,1,0
338,1,1,1,1,0,1,1,2,1,0,0,1,1,0,1,1,0,1
339,1,1,2,1,0,1,1,1,1,0,0,1,1,1,1,1,1,0
340,1,1,2,1,0,2,1,2,1,0,0,1,1,1,1,1,1,0
341,1,1,2,1,0,1,1,2,1,0,0,1,0,1,1,1,2,0
342,1,1,2,2,1,1,1,2,1,0,0,2,2,1,1,2,1,1
343,1,1,2,0,1,1,1,2,1,1,0,2,1,1,1,1,2,0
344,2,1,1,0,0,1,1,1,1,0,0,1,1,1,1,1,1,0
345,2,1,2,1,1,1,1,0,1,0,0,1,1,1,1,2,2,1
346,1,1,1,2,1,1,1,1,1,0,0,2,1,2,1,1,2,0
347,1,1,1,1,1,1,1,0,1,0,2,2,1,1,1,0,2,1
348,1,1,2,1,0,0,1,2,1,0,2,2,1,0,1,1,2,1
349,1,1,2,2,0,0,1,0,1,1,2,2,1,1,1,1,2,1
350,1,1,2,1,0,0,1,1,1,1,1,1,1,1,1,1,1,1
351,1,1,2,1,1,0,1,2,1,1,1,2,1,1,2,2,2,1
352,1,1,2,1,1,0,1,2,1,0,0,1,1,1,1,2,2,1
353,1,1,2,1,0,0,1,2,1,0,0,2,1,1,1,2,2,0
354,2,1,2,1,1,1,1,2,1,2,0,1,1,1,1,1,2,1
355,2,1,2,1,0,2,1,0,1,2,0,1,1,0,1,1,2,1
356,1,1,2,1,1,1,1,0,1,2,0,1,1,0,1,1,2,1
357,1,1,2,1,0,1,1,0,1,1,0,1,1,1,1,2,2,1
358,1,1,2,1,1,1,1,0,1,0,0,1,1,0,2,1,2,1
359,1,1,2,0,1,1,1,1,1,0,0,1,1,0,1,1,1,0
360,1,1,1,0,1,2,1,2,1,0,0,0,1,1,1,1,2,1
361,1,1,1,0,1,1,1,2,1,0,0,1,1,1,0,1,1,1
362,1,1,1,1,0,1,1,0,1,0,0,2,1,1,0,1,2,1
363,1,1,1,1,0,2,1,1,1,2,1,1,1,1,1,1,1,2
364,1,1,1,0,1,2,1,2,1,0,1,1,1,1,0,1,0,0
365,1,1,1,0,1,1,1,2,1,0,1,1,1,1,0,0,0,0
366,1,1,1,0,0,2,1,1,1,0,1,1,1,1,1,1,2,0
367,1,1,2,1,0,1,1,0,1,0,1,1,1,1,1,1,0,1
368,1,1,1,0,1,2,1,0,1,0,1,1,1,1,1,1,2,0
369,1,1,1,0,1,2,1,1,1,0,1,1,1,1,1,1,2,0
370,1,1,1,0,0,2,1,1,1,0,1,1,1,2,1,1,0,1
371,1,1,1,0,0,1,1,1,1,0,1,2,1,1,1,1,0,1
372,1,1,1,1,0,1,1,1,1,0,1,1,1,1,1,2,0,0
373,1,1,1,0,0,2,1,1,1,0,1,2,1,1,1,1,2,1
374,1,1,1,0,1,2,1,1,1,0,2,1,1,0,1,1,2,1
375,1,1,1,0,1,2,1,0,1,0,1,1,1,1,0,0,1,0
376,1,0,1,1,0,1,1,0,1,0,1,1,1,2,1,1,1,1
377,1,1,1,1,1,1,1,0,1,2,0,1,1,0,1,1,0,2
378,1,1,1,1,0,1,1,0,1,2,1,1,1,1,1,2,1,1
379,1,1,1,1,0,1,0,0,1,0,1,1,1,1,1,1,2,1
380,1,1,1,1,1,1,1,1,1,0,1,2,1,1,1,1,1,1
381,1,1,1,1,0,1,1,2,1,0,1,2,1,1,1,1,2,0
382,1,1,1,1,1,1,1,1,1,0,1,1,1,1,1,1,1,1
383,2,1,2,1,1,1,1,1,1,2,1,1,1,1,1,1,1,1
384,1,1,1,1,1,1,1,0,1,0,1,1,1,1,1,1,1,1
385,1,1,1,1,0,1,1,1,1,0,1,1,1,1,1,0,0,0
386,2,1,1,1,0,1,1,0,1,0,1,1,1,1,1,1,0,1
387,2,1,1,1,0,1,1,0,1,2,1,1,1,1,1,1,1,1
388,0,1,1,1,0,2,0,2,1,0,1,1,1,1,0,0,1,0
389,0,1,1,1,1,1,1,2,1,0,1,1,1,1,1,2,1,1
390,0,1,1,1,1,1,1,1,1,0,1,1,1,1,1,1,0,1
391,1,1,1,1,1,1,1,2,1,2,1,1,1,1,1,1,0,1
392,1,1,2,1,1,1,1,2,1,1,1,1,1,1,1,0,0,0
393,1,1,1,1,0,1,1,2,1,1,1,1,1,1,1,0,0,0
394,2,1,1,2,1,1,0,2,1,2,1,1,1,1,1,1,1,1
395,2,1,1,1,0,1,1,2,1,2,1,1,1,1,1,1,2,1
396,2,1,1,1,1,1,1,2,1,2,1,1,1,1,1,1,2,2
397,1,1,2,1,1,2,1,2,1,2,1,1,1,1,0,0,0,1
398,2,1,1,1,0,0,1,2,1,0,1,1,1,1,0,0,2,1
399,2,1,1,1,0,1,1,1,1,0,2,1,1,1,1,0,1,0
400,2,1,1,1,0,1,1,2,1,0,1,1,1,1,0,0,2,1
401,1,1,1,1,0,1,1,1,1,0,1,1,1,1,0,0,1,0
402,0,1,1,1,0,2,1,1,1,2,1,1,0,1,1,0,1,1
403,2,1,1,1,0,1,1,1,1,2,1,1,1,1,0,0,2,1
404,2,1,1,1,0,1,1,1,1,2,2,1,1,1,1,0,2,1
405,1,1,1,1,1,1,1,1,1,1,2,2,1,2,1,1,1,1
406,1,1,1,1,1,1,1,1,1,1,2,1,1,1,0,0,2,1
407,2,1,2,0,1,1,1,1,1,1,2,1,1,1,0,0,2,2
408,0,1,1,1,1,1,1,1,1,1,0,0,1,1,1,1,2,1
409,2,1,2,1,1,1,1,1,1,1,0,2,1,1,1,1,2,0
410,1,1,1,1,1,0,1,2,1,1,2,2,1,1,0,1,2,0
411,1,1,1,1,1,1,2,2,1,1,2,1,1,1,1,1,2,1
412,0,1,1,1,0,1,1,2,1,2,1,1,1,1,1,1,0,1
413,0,1,1,0,1,2,1,2,1,1,1,1,1,1,0,1,0,1
414,1,1,1,0,1,1,1,0,1,1,1,1,1,1,0,1,1,1
415,0,1,1,0,0,2,1,1,1,1,1,1,1,1,1,1,0,0
416,0,1,1,0,1,1,1,0,1,1,1,1,1,1,1,1,1,1
417,0,1,1,0,0,1,1,0,1,1,1,1,1,1,0,1,0,1
418,1,1,1,0,0,1,1,0,1,2,1,0,1,1,1,1,1,1
419,1,1,1,1,1,0,1,1,1,1,1,1,1,1,1,1,1,1
420,1,1,1,0,1,1,1,2,1,1,1,1,1,1,1,1,1,1
421,1,1,1,0,0,1,1,2,1,1,1,1,1,1,0,1,1,1
422,1,1,1,1,0,1,1,0,1,1,1,1,1,1,1,1,1,1
423,0,1,1,0,1,1,1,0,1,1,1,1,1,1,1,1,1,0
424,0,1,1,1,1,1,1,1,1,1,1,1,1,1,1,1,1,0
425,0,1,1,1,1,1,1,1,1,1,1,1,1,0,1,0,1,2
426,1,1,1,0,0,1,1,0,1,1,1,1,1,1,1,0,2,1
427,2,1,1,0,1,1,1,2,1,1,1,0,1,1,1,0,1,0
428,2,1,1,0,0,1,1,2,1,1,1,1,1,1,0,0,0,1
429,1,1,1,0,0,1,1,2,1,1,1,1,1,1,1,0,1,1
430,1,1,1,0,1,1,1,2,1,0,1,1,1,1,0,0,1,0
431,2,1,1,0,0,1,1,2,1,0,1,2,1,1,1,0,2,1
432,2,1,1,0,0,1,1,1,1,1,1,1,1,1,0,1,2,1
433,1,1,2,1,0,1,1,0,1,2,1,2,1,1,1,1,2,0
434,1,1,1,1,0,1,1,0,1,2,1,1,1,1,1,1,2,1
435,1,1,1,0,0,1,1,0,1,2,1,1,1,1,1,1,1,1
436,1,1,1,1,0,2,1,0,1,1,1,2,1,1,0,1,1,1
437,1,1,1,0,0,1,1,0,1,1,1,0,1,1,0,1,2,1
438,2,1,1,1,0,1,1,0,1,1,1,0,1,0,1,1,1,1
439,0,1,2,0,1,1,1,0,1,1,1,1,1,1,1,0,1,1
440,1,1,1,0,1,1,1,0,1,1,1,1,1,1,1,1,1,0
441,1,1,2,1,0,1,1,2,1,0,1,1,1,1,0,1,0,1
442,2,1,1,0,0,1,1,0,1,1,1,0,1,1,1,1,0,0
443,0,2,0,1,0,1,1,0,1,1,1,1,1,1,1,1,1,0
444,0,1,1,1,1,1,1,0,1,1,1,2,1,1,1,1,2,1
445,0,1,1,1,1,1,1,0,1,1,1,1,1,1,1,1,2,1
446,1,1,1,1,0,1,1,2,1,1,1,2,1,1,0,1,2,1
447,1,1,1,1,0,1,1,2,1,1,2,1,1,1,1,0,2,0
448,1,1,1,1,1,1,1,2,1,1,2,1,1,1,0,0,1,0
449,1,1,1,1,0,1,1,0,1,1,2,1,1,1,1,1,2,0
450,1,1,1,1,0,1,1,0,1,2,2,1,1,1,1,1,2,1
451,1,1,1,1,0,1,1,0,1,2,2,1,1,1,0,1,2,1
452,1,1,1,1,0,1,1,2,1,1,2,1,1,1,0,1,2,1
453,1,1,1,1,0,1,1,0,1,0,2,1,1,1,1,1,0,1
454,1,0,2,1,0,1,1,0,1,1,2,2,1,1,0,0,0,2
455,1,1,1,1,1,1,1,1,1,1,2,1,1,1,1,1,1,0
456,1,1,1,0,1,1,1,0,1,1,2,2,1,1,1,2,1,1
457,1,1,1,1,0,1,1,0,1,1,1,1,1,1,0,2,1,2
458,1,1,1,1,0,0,1,0,1,1,1,0,1,1,1,2,1,0
459,1,1,1,1,1,1,1,0,1,1,1,2,1,1,2,1,1,1
460,1,1,1,1,0,1,1,2,1,1,1,1,1,1,1,2,1,2
461,1,1,2,1,1,1,1,2,1,1,1,1,1,1,1,2,0,1
462,1,1,1,1,1,1,1,0,1,0,1,1,1,1,1,2,1,1
463,1,1,1,1,1,1,2,1,1,1,1,2,1,1,1,2,1,1
464,1,1,1,1,1,1,1,0,1,1,1,2,1,1,1,2,1,1
465,1,1,1,1,1,1,1,0,1,0,1,1,1,1,0,2,1,1
466,2,1,2,1,1,1,1,1,1,1,1,1,1,1,1,2,0,1
467,1,1,1,1,1,1,1,1,1,1,1,0,1,1,1,2,0,1
468,1,0,2,1,1,1,1,1,1,1,1,1,1,1,1,1,0,1
469,1,1,1,1,1,1,0,0,1,2,1,2,1,1,1,1,0,0
470,1,1,1,1,1,0,1,0,1,1,1,1,1,0,1,1,0,2
471,1,1,1,1,0,1,1,1,1,1,0,1,1,1,1,1,1,1
472,1,1,1,1,1,1,1,0,1,0,0,0,1,0,1,2,1,1
473,1,1,1,1,1,1,1,0,1,0,0,1,1,0,1,2,0,1
474,1,1,1,1,1,1,1,1,1,0,2,2,1,1,0,2,2,1
475,1,2,1,1,1,1,1,1,1,0,2,2,1,1,1,1,2,1
476,1,1,1,0,0,1,1,1,1,0,1,2,1,0,1,1,0,2
477,1,1,1,0,0,0,1,2,1,0,2,2,1,1,1,1,1,1
478,1,1,1,1,1,2,0,1,1,0,2,1,1,1,1,1,1,0
479,1,1,1,0,1,1,1,1,1,0,2,1,1,1,1,1,2,2
480,1,1,2,1,0,1,1,1,1,0,2,1,1,1,1,1,2,1
481,1,1,1,0,1,1,1,2,1,2,2,2,1,1,1,1,0,1
482,1,1,1,0,1,1,1,2,1,2,1,1,1,1,1,0,0,1
483,1,1,2,0,1,1,0,0,1,2,1,1,1,1,1,1,0,1
484,1,1,2,1,0,1,1,2,1,0,0,2,1,1,1,1,0,2
485,1,1,1,0,0,1,1,1,1,1,0,2,1,1,1,1,2,1
486,0,1,1,1,0,1,1,0,1,1,0,2,1,1,1,2,1,1
487,0,1,1,1,0,0,0,0,1,2,2,2,1,1,1,2,0,1
488,1,1,1,1,0,1,1,0,1,1,2,1,1,1,1,0,0,0
489,0,1,1,1,0,2,0,0,1,2,1,2,1,1,0,1,1,0
490,0,1,2,0,1,1,1,0,1,1,1,2,1,1,1,1,2,1
491,0,1,2,0,0,1,1,1,1,1,1,1,1,1,2,1,2,1
492,2,1,2,1,0,1,1,1,1,2,1,2,1,1,1,1,2,1
493,2,1,1,0,1,1,1,1,1,1,1,2,1,1,2,2,1,0
494,2,1,1,0,0,1,1,2,1,0,1,2,1,1,2,1,2,0
495,2,1,1,0,0,1,1,2,1,0,1,0,1,1,2,1,1,0
496,0,1,1,0,1,1,0,2,1,1,1,2,1,1,2,1,1,1
497,1,1,1,1,1,1,2,2,1,0,1,2,2,1,2,0,0,2
498,1,1,1,1,0,1,1,2,1,0,1,0,1,1,2,1,0,0
499,0,1,1,1,0,1,2,2,1,1,1,2,2,1,2,1,0,2
500,0,1,1,0,1,1,0,2,1,0,1,1,2,1,2,1,0,0
501,0,1,1,1,0,1,1,0,1,2,1,1,2,1,2,1,1,0
502,0,1,1,1,1,0,1,0,1,2,1,0,2,1,2,1,0,1
503,2,1,1,1,1,1,1,1,1,1,1,2,2,1,2,1,1,1
504,0,1,0,1,0,1,1,1,1,0,1,1,2,1,2,1,1,1
505,2,1,1,1,1,1,1,1,1,0,1,1,2,1,2,1,1,1
506,1,1,1,1,1,1,1,0,1,1,1,1,2,1,2,1,0,1
507,1,1,1,1,1,1,1,0,1,2,1,2,2,1,2,0,1,1
508,1,1,1,1,1,1,1,0,1,1,1,1,2,1,2,0,1,0
509,0,1,1,1,1,1,1,1,1,0,1,1,2,1,2,1,1,0
510,0,1,1,1,0,1,1,0,1,0,1,2,2,1,2,1,1,1
511,0,1,1,1,0,1,1,1,1,1,1,0,2,1,2,0,1,1
512,0,1,1,1,0,1,1,0,1,0,1,1,1,1,2,1,1,1
513,0,1,1,1,0,1,1,1,1,1,1,1,1,1,2,1,1,0
514,0,1,1,1,1,1,1,0,1,2,1,1,1,1,2,1,1,0
515,0,1,1,1,0,1,1,1,1,0,1,1,1,1,2,1,0,0
516,2,1,1,1,0,1,1,0,1,1,1,1,1,1,1,2,1,1
517,0,1,1,1,1,1,1,1,1,1,2,2,1,1,1,1,0,1
518,0,1,1,1,1,1,1,0,1,0,1,1,1,1,1,1,1,2
519,0,1,1,1,0,1,1,1,1,1,1,2,2,1,1,1,1,1
520,0,1,1,1,0,1,1,1,1,2,1,2,0,1,1,1,1,0
521,0,1,1,1,0,1,1,0,1,0,1,1,2,1,0,2,0,1
522,0,1,0,1,0,1,1,0,1,1,1,1,1,1,2,1,2,1
523,2,1,1,1,1,1,1,1,1,1,1,2,1,1,2,0,0,2
524,2,1,1,1,0,1,1,0,1,1,1,1,2,1,2,1,0,1
525,1,1,1,1,1,1,1,1,1,0,1,1,1,1,2,1,0,1
526,2,1,1,1,0,1,1,0,1,1,1,2,0,1,2,1,0,1
527,2,1,1,1,0,1,1,0,1,1,1,2,0,1,2,0,0,1
528,2,1,1,1,0,1,1,0,1,1,2,1,0,1,1,1,0,1
529,2,1,1,1,0,1,1,2,1,2,1,2,0,1,1,0,0,0
530,2,1,1,1,0,1,1,2,1,1,1,1,0,1,2,2,0,0
531,1,1,1,1,0,1,1,2,1,1,1,1,1,0,2,0,0,0
532,0,1,1,1,0,1,1,2,1,1,1,1,1,1,2,0,0,1
533,0,1,1,1,1,1,1,2,1,1,1,0,1,1,2,0,0,0
534,2,1,1,1,0,1,1,2,1,1,1,0,1,1,2,0,0,1
535,2,1,1,1,1,1,1,2,1,1,1,1,1,1,2,1,0,1
536,2,1,1,1,0,1,1,2,1,1,1,1,1,1,1,1,0,1
537,0,1,1,1,0,1,1,2,1,2,1,0,1,1,1,1,0,1
538,0,1,1,1,1,1,1,2,1,1,1,1,1,1,1,1,0,0
539,2,1,1,1,0,2,1,0,1,1,1,0,1,1,1,2,0,1
540,2,1,1,1,0,1,1,0,1,1,0,0,0,1,1,1,2,1
541,2,1,1,1,0,1,1,0,1,1,1,1,0,1,2,2,0,0
542,2,1,1,1,1,1,1,2,1,2,1,1,0,0,1,1,0,1
543,2,1,2,1,1,1,1,2,1,0,2,2,0,0,0,1,0,1
544,2,1,1,1,0,1,1,0,1,2,1,2,0,2,1,1,1,1
545,2,2,1,1,1,1,1,0,1,2,1,1,0,1,1,1,0,1
546,2,1,1,1,1,1,1,0,1,1,1,1,0,1,1,1,2,1
547,0,1,1,1,0,1,1,1,1,0,1,1,0,1,2,1,1,0
548,1,1,1,1,0,1,1,0,1,2,1,0,1,1,0,1,1,1
549,1,1,1,1,0,1,1,1,1,2,1,1,1,1,1,1,1,2
550,1,1,1,1,0,1,1,0,1,2,1,2,2,1,2,1,2,0
551,0,1,2,1,1,1,1,0,1,1,1,2,1,1,2,2,1,0
552,2,1,1,1,0,1,1,0,1,1,2,2,2,1,1,0,1,1
553,2,1,1,1,1,1,1,0,1,2,2,1,2,1,1,1,1,2
554,2,1,1,1,0,1,1,0,1,2,2,0,2,1,1,1,1,0
555,2,1,1,1,1,1,1,2,1,2,1,1,2,1,1,0,1,0
556,2,1,1,1,0,1,1,2,1,2,2,1,1,1,1,1,2,1
557,2,1,1,1,1,1,1,2,1,2,1,1,1,0,1,1,0,1
558,2,1,1,1,0,1,1,0,1,2,1,2,2,0,1,1,0,1
559,2,1,1,1,0,1,1,0,1,1,0,2,1,1,1,1,1,1
560,2,1,1,1,1,1,1,0,1,1,0,1,2,1,1,2,0,1
561,2,1,1,1,0,1,1,0,1,1,0,1,2,1,1,1,1,0
562,2,1,1,0,1,1,1,0,1,1,0,2,2,1,1,2,1,0
563,2,1,2,2,1,1,1,0,1,1,1,1,2,1,1,2,2,1
564,2,1,1,0,1,2,1,2,1,2,1,2,2,1,0,2,1,0
565,2,1,1,0,0,1,1,2,1,1,1,1,2,1,1,2,0,1
566,2,1,1,0,1,1,1,2,1,1,1,1,2,1,1,2,1,0
567,0,1,1,2,1,1,1,2,1,2,2,2,2,1,1,2,2,1
568,0,1,1,1,1,1,1,1,1,2,2,1,0,1,1,1,1,1
569,0,1,1,1,0,1,1,0,1,2,1,1,0,0,1,1,2,0
570,0,1,1,1,0,1,1,2,1,2,0,0,2,1,1,2,2,1
571,0,1,1,1,0,1,1,2,1,2,1,1,2,1,1,2,1,2
572,1,1,1,1,0,1,1,2,1,2,1,2,2,1,1,0,0,1
573,1,1,1,1,0,1,1,2,1,1,1,0,2,1,1,0,2,1
574,1,1,1,1,0,1,1,0,1,2,1,1,2,1,0,0,1,1
575,1,1,1,1,1,1,1,0,1,2,0,1,2,1,1,1,2,1
576,1,1,1,1,0,1,1,2,1,2,0,2,2,1,1,1,2,1
577,1,1,1,1,1,1,1,2,1,1,0,2,2,0,1,1,2,0
578,1,0,1,1,0,1,1,0,1,2,0,2,2,1,0,1,0,0
579,1,1,1,1,0,0,1,0,1,2,0,2,0,1,1,1,2,2
580,1,1,1,1,0,1,1,0,1,2,0,1,0,1,1,1,0,1
581,1,1,1,1,1,2,1,0,1,0,1,1,0,1,1,1,1,1
582,1,1,1,1,0,1,1,1,1,1,1,1,2,1,1,1,2,1
583,1,1,1,1,0,1,1,2,1,1,0,1,2,1,1,1,1,1
584,1,1,1,1,0,0,1,1,1,1,0,0,1,1,1,1,1,1
585,0,1,1,1,0,1,1,0,1,2,0,2,1,1,1,1,1,0
586,0,1,1,1,0,0,1,1,1,1,2,1,1,1,1,1,1,0
587,0,1,1,1,0,1,1,1,1,1,2,0,1,1,1,1,1,2
588,2,1,1,1,1,1,1,0,1,1,2,1,2,1,1,1,1,2
589,1,1,1,1,1,1,1,0,1,1,2,2,2,1,1,1,0,1
590,2,1,1,1,0,1,1,0,1,2,2,2,1,1,1,1,1,0
591,2,1,1,1,0,1,1,2,1,1,2,2,2,1,1,2,1,1
592,2,1,1,1,1,1,1,2,1,1,2,2,2,1,1,2,1,1
593,2,1,1,1,0,1,1,2,1,1,2,2,2,1,1,2,1,1
594,1,1,1,1,1,1,1,2,1,2,2,2,2,1,1,1,1,1
595,0,1,1,1,1,2,1,2,1,2,2,2,0,1,1,2,1,1
596,1,1,1,1,0,1,1,2,1,2,1,2,0,1,1,1,1,1
597,1,1,1,1,1,1,1,2,1,1,1,2,1,1,1,1,1,1
598,1,1,0,1,0,1,1,2,1,1,1,2,1,1,1,1,1,0
599,2,1,0,1,0,1,1,2,1,1,1,2,1,1,1,1,1,0
600,1,1,0,1,1,1,1,2,1,1,2,2,1,1,1,1,0,1
601,0,1,0,1,0,1,1,2,1,2,2,2,1,1,1,0,0,1
602,1,1,1,1,1,1,1,2,1,2,2,0,1,1,1,1,1,1
603,1,2,1,1,0,1,1,2,1,2,2,1,2,1,1,1,0,1
604,2,1,1,1,0,1,1,2,1,2,2,1,1,1,0,1,0,1
605,1,1,1,1,0,1,1,2,1,1,2,1,1,1,2,1,0,1
606,1,1,1,1,1,1,1,2,1,0,2,1,1,1,0,1,1,2
607,1,1,1,1,1,1,1,0,1,0,2,1,1,1,1,0,1,0
608,1,1,1,1,1,1,1,1,1,0,2,0,1,1,1,0,1,0
609,1,1,1,1,1,0,1,1,1,0,1,2,1,1,0,0,0,1
610,1,1,1,1,0,0,1,1,1,0,2,2,1,1,1,0,0,0
611,1,1,1,1,0,1,1,1,1,2,2,0,1,1,0,0,1,1
612,1,1,1,1,0,1,1,0,1,1,2,1,1,1,1,1,1,1
613,0,1,1,1,0,1,1,2,1,1,2,1,1,1,1,1,1,0
614,0,1,2,1,0,1,1,0,1,2,2,1,1,1,1,0,0,0
615,0,1,0,1,1,1,1,0,1,1,2,1,2,1,1,1,1,1
616,1,1,1,1,0,1,1,0,1,1,2,1,1,1,1,1,1,1
617,1,2,1,1,0,1,1,1,1,0,2,1,1,1,1,1,0,0
618,1,1,0,1,0,1,1,0,1,1,2,1,0,1,1,2,1,0
619,1,1,1,1,0,1,1,0,1,1,2,1,0,1,1,2,0,0
620,1,1,0,1,0,1,1,1,1,1,2,2,0,1,1,1,1,1
621,1,1,1,1,1,1,1,0,1,1,2,2,2,1,1,1,0,2
622,0,1,1,1,1,1,1,0,1,2,2,1,2,1,0,1,1,0
623,1,1,1,1,0,2,1,0,1,1,2,1,2,1,1,1,1,1
624,1,1,1,1,0,2,1,0,1,1,2,1,2,1,1,1,1,1
625,1,1,1,1,0,1,1,0,1,1,2,1,2,1,1,2,1,1
626,1,1,1,1,0,1,1,1,1,1,2,1,2,1,1,1,1,1
627,1,1,1,1,0,1,1,1,1,0,0,1,2,1,1,1,0,1
628,0,1,1,1,1,1,1,0,1,1,1,1,2,1,1,1,1,1
629,2,1,1,1,0,1,1,0,1,1,0,1,2,1,1,1,1,1
630,0,1,1,1,1,1,1,1,1,2,1,1,2,1,1,1,1,1
631,1,1,1,1,0,1,1,1,1,1,1,1,2,1,1,1,1,1
632,1,1,1,1,1,1,1,0,1,1,1,1,0,1,0,1,1,0
633,2,1,1,1,0,1,1,1,1,1,1,1,0,1,0,1,0,1
634,1,1,1,1,1,2,1,0,1,1,1,1,0,1,0,1,0,1
635,1,1,1,1,0,1,1,0,1,1,1,1,0,1,0,0,1,1
636,1,1,1,1,0,0,1,1,1,0,1,1,0,1,0,1,2,2
637,0,1,1,1,1,1,1,0,1,0,2,1,1,1,1,1,1,1
638,0,1,1,1,0,1,1,0,1,0,1,1,1,2,0,1,1,1
639,0,1,1,1,1,1,1,1,1,0,1,1,1,1,0,1,1,1
640,0,1,1,1,0,1,1,1,1,2,1,1,1,1,2,0,2,1
641,0,1,1,1,0,1,1,1,1,2,1,1,1,1,0,1,1,1
642,0,1,1,1,0,1,1,0,1,2,2,1,1,0,0,1,0,1
643,2,1,2,1,0,0,1,1,1,1,0,1,1,1,1,2,2,1
644,2,1,2,1,0,0,1,0,1,2,0,1,1,1,1,2,0,1
645,0,1,1,1,1,1,2,2,1,2,2,1,1,1,1,1,1,1
646,0,1,1,1,0,1,1,2,1,2,0,1,1,1,1,1,1,1
647,0,1,1,1,1,1,1,2,1,1,1,1,1,1,1,1,1,1
648,1,1,1,1,0,1,1,2,1,2,1,1,1,1,0,1,1,1
649,0,1,1,1,1,1,1,2,1,1,1,1,1,1,1,1,1,0
650,1,2,0,1,0,1,1,2,1,1,1,1,1,0,1,0,1,0
651,1,2,1,1,0,1,1,2,1,1,1,1,1,1,1,2,1,1
652,1,1,1,1,1,1,1,2,1,2,0,1,1,1,1,1,1,1
653,1,1,1,1,0,1,1,2,1,2,1,1,1,1,0,1,2,1
654,0,1,1,1,0,1,1,1,1,2,1,1,1,1,1,1,1,1
655,0,1,1,1,1,1,1,1,1,1,1,1,1,1,1,0,2,0
656,0,1,1,1,0,1,1,1,1,2,0,1,1,1,0,1,2,2
657,1,1,1,1,0,1,1,2,1,1,1,1,1,1,1,1,2,1
658,1,1,1,1,0,1,1,0,1,1,1,1,1,1,1,1,2,0
659,1,1,1,1,0,1,1,1,1,2,1,1,1,2,1,1,1,1
660,0,1,1,1,0,2,1,1,1,0,1,1,1,1,0,2,1,1
661,0,1,2,1,1,1,1,0,1,1,2,1,1,1,1,1,1,1
662,0,1,1,1,1,2,1,0,1,1,1,1,1,1,1,1,0,1
663,1,1,1,1,1,1,1,1,1,1,1,1,1,1,1,1,0,1
664,0,1,1,1,0,1,1,1,1,2,1,1,1,2,0,1,1,1
665,0,1,1,1,0,1,1,1,1,1,1,1,1,2,1,1,1,1
666,0,1,1,1,0,1,1,0,1,0,1,1,1,1,1,1,0,1
667,1,1,1,1,1,1,1,0,1,1,1,1,1,2,1,1,1,1
668,2,1,1,1,0,1,1,0,1,1,1,1,1,1,1,1,2,1
669,2,1,1,1,0,1,1,2,1,1,1,1,1,1,1,1,2,1
670,2,1,1,1,0,1,1,2,1,0,1,1,1,1,1,1,1,0
671,2,1,1,1,0,1,1,2,1,2,1,2,1,1,1,1,1,1
672,2,1,1,1,1,1,1,2,1,2,1,1,1,1,1,2,0,1
673,2,1,1,1,0,0,1,2,1,1,1,1,1,1,1,2,0,0
674,2,1,1,1,1,1,1,0,1,1,1,1,2,1,1,2,0,0
675,2,1,1,1,1,1,1,0,1,2,0,1,1,1,1,2,0,1
676,2,1,1,1,1,1,1,2,1,1,2,1,1,1,1,2,0,1
677,2,1,1,1,0,1,1,2,1,0,0,1,1,0,0,0,0,1
678,2,1,1,1,0,1,1,2,1,1,0,1,1,0,1,1,0,0
679,2,1,1,1,0,1,1,1,1,1,1,1,1,1,0,1,0,1
680,2,1,1,1,0,1,1,1,1,2,1,1,1,1,1,1,0,1
681,2,1,1,1,1,1,1,0,1,1,1,1,1,1,1,1,0,1
682,2,1,1,1,0,1,1,0,1,0,2,1,1,1,0,1,0,1
683,2,1,1,1,0,2,1,1,1,2,1,1,1,1,1,0,0,1
684,1,1,1,1,0,1,1,1,1,2,2,1,1,0,1,1,0,1
685,1,1,2,1,0,1,1,1,1,2,2,1,1,2,0,1,0,1
686,1,0,2,1,0,1,1,0,1,1,2,1,1,2,1,0,0,1
687,1,0,2,1,0,1,1,2,1,1,0,2,1,2,1,1,0,0
688,1,1,2,1,1,1,1,1,1,2,2,2,1,1,0,1,0,0
689,0,1,2,1,1,1,1,1,1,2,1,1,1,1,1,1,0,1
690,2,1,2,1,1,2,1,2,1,1,1,1,1,1,1,1,0,1
691,1,1,1,1,0,1,1,2,1,0,1,1,1,1,1,1,0,0
692,0,1,1,1,0,1,1,2,1,2,1,1,1,2,1,0,1,1
693,0,1,2,1,1,1,1,2,1,1,1,1,1,2,2,1,0,1
694,0,1,1,1,0,1,1,2,1,2,1,1,1,1,1,1,0,2
695,0,1,1,1,1,1,1,2,1,1,2,1,1,1,2,1,0,0
696,2,1,1,1,0,0,1,2,1,2,0,1,1,1,1,1,0,1
697,2,1,1,1,1,1,1,2,1,1,1,0,1,1,1,1,0,2
698,0,1,2,1,1,1,1,2,1,1,2,2,1,0,1,1,0,0
699,0,1,1,1,0,2,1,2,1,1,1,1,1,0,1,1,0,0
700,1,1,1,1,0,2,1,2,1,2,1,1,1,1,1,1,0,0
701,0,1,1,1,1,1,1,0,1,2,1,0,1,1,1,0,0,1
702,1,1,1,1,1,1,1,0,1,2,2,1,1,0,1,2,0,1
703,1,1,1,1,1,1,1,0,1,2,2,1,1,1,1,1,0,1
704,0,1,2,1,0,2,1,1,1,2,2,0,1,1,1,1,0,1
705,1,1,1,1,1,1,1,0,1,2,2,1,1,1,1,2,1,1
706,2,1,1,1,0,1,1,1,1,0,2,1,1,1,1,0,2,1
707,1,1,1,1,0,1,1,1,1,1,2,1,1,1,1,1,2,0
708,2,1,1,1,1,1,1,0,1,0,2,2,1,1,1,2,2,2
709,2,1,1,1,0,0,1,1,1,0,2,1,1,0,1,1,2,1
710,2,1,1,1,1,2,1,2,1,0,2,1,1,0,1,1,1,1
711,2,1,1,1,0,1,1,2,1,0,2,1,1,0,1,1,1,0
712,1,1,1,1,0,1,1,2,1,0,2,2,1,1,1,0,1,1
713,1,1,1,1,0,1,1,2,1,0,2,2,1,1,1,1,2,1
714,1,1,1,1,0,1,1,2,1,0,2,2,1,1,1,1,2,0
715,1,1,1,1,0,1,1,2,1,0,2,1,1,1,1,0,1,0
716,1,1,1,0,1,1,1,2,1,0,2,2,1,1,1,1,1,0
717,1,1,1,1,0,1,1,2,1,0,2,2,1,1,2,1,1,0
718,1,1,1,1,0,0,1,0,1,0,2,2,1,1,2,0,2,1
719,1,1,1,1,1,1,1,0,1,0,2,1,1,1,1,1,1,1
720,1,1,1,1,1,1,1,2,1,0,2,1,1,2,1,1,1,0
721,1,1,1,1,0,1,1,2,1,0,2,1,1,1,1,1,0,1
722,1,1,1,1,1,1,1,2,1,1,2,1,1,1,1,1,1,1
723,1,1,1,1,1,1,1,2,1,2,2,1,1,1,1,1,1,0
724,1,1,2,1,0,1,1,2,1,1,2,2,1,1,1,1,1,1
725,1,1,1,1,1,0,1,2,1,0,2,1,1,1,1,1,2,1
726,1,1,1,1,0,1,1,2,1,0,2,1,1,1,1,1,2,1
727,1,1,1,1,0,1,1,2,1,0,2,2,1,1,1,1,1,1
728,0,1,1,1,1,1,1,2,1,0,2,1,1,1,1,1,1,1
729,2,1,1,1,0,1,1,2,1,0,2,0,1,1,1,1,0,1
730,1,1,1,1,0,1,1,2,1,0,2,1,1,1,1,0,0,1
731,2,1,1,1,1,0,1,2,1,0,2,0,1,1,1,1,1,1
732,2,1,1,0,1,1,1,2,1,0,2,0,1,1,1,1,0,2
733,2,0,1,1,0,1,1,0,1,0,1,1,1,1,1,1,0,1
734,2,0,1,1,1,1,1,0,1,1,1,2,1,1,1,1,0,1
735,2,1,1,1,0,1,1,0,1,1,1,2,1,0,1,1,1,1
736,2,1,1,1,1,2,1,0,1,1,1,2,1,1,1,0,1,1
737,2,1,1,1,1,2,1,2,1,0,1,2,1,1,1,0,1,0
738,2,1,1,1,1,1,1,0,1,0,2,2,1,2,1,1,0,1
739,2,1,1,1,1,1,1,1,1,1,2,2,1,1,0,0,0,2
740,2,0,1,1,1,1,1,1,1,1,1,2,1,1,1,1,0,2
741,2,1,1,1,1,1,1,1,1,0,1,1,1,1,0,2,0,1
742,2,1,1,1,1,1,1,0,1,0,1,1,1,1,1,1,0,1
743,2,1,1,1,1,1,1,1,1,1,2,1,1,1,1,1,0,1
744,2,2,1,1,1,1,1,1,1,1,0,2,1,1,0,1,0,0
745,2,1,1,1,1,1,1,1,1,1,1,2,1,1,1,1,1,1
746,2,1,1,1,1,1,1,0,1,0,2,2,1,1,0,1,1,1
747,1,1,1,1,0,1,1,1,1,1,2,1,1,1,1,1,1,2
748,1,1,1,1,1,1,1,0,1,1,2,1,1,1,1,1,0,0
749,1,1,1,1,1,1,1,0,1,1,1,0,1,1,1,1,0,1
750,1,1,1,1,1,1,1,1,1,1,2,2,1,1,1,1,2,1
751,1,1,1,1,1,1,1,1,1,1,2,1,1,1,0,1,1,1
752,1,1,1,1,1,1,1,0,1,2,0,1,1,2,1,1,2,1
753,1,1,1,1,1,0,1,1,1,1,0,2,1,1,1,1,2,1
754,1,1,1,1,0,1,1,1,1,1,0,2,1,1,1,1,2,1
755,1,1,1,2,1,2,1,1,1,1,0,2,1,1,1,1,2,0
756,2,1,1,1,0,1,1,1,1,0,0,1,1,1,1,1,1,0
757,2,2,1,1,1,1,1,1,1,1,2,1,1,1,1,2,1,2
758,1,1,1,1,0,1,1,1,1,0,2,0,1,1,1,1,0,1
759,1,1,1,1,1,0,1,2,1,1,2,0,1,1,1,1,2,2
760,1,1,1,1,1,1,1,2,1,1,1,0,1,0,1,1,0,1
761,2,1,1,1,1,1,1,2,1,1,1,1,1,1,0,1,2,1
762,0,1,1,1,0,1,1,0,1,1,1,1,1,1,1,1,0,0
763,0,1,1,1,0,2,1,2,1,1,1,1,1,1,1,1,1,1
764,0,1,1,1,0,1,1,2,1,2,1,1,1,1,2,1,1,0
765,2,1,1,1,1,1,1,2,1,0,1,1,1,1,1,1,2,1
766,2,1,1,1,1,1,1,2,1,1,2,1,1,1,1,1,0,1
767,0,1,1,1,0,1,1,2,1,0,2,1,1,0,1,2,2,1
768,2,1,1,1,0,1,1,2,1,1,2,1,1,1,1,1,1,0
769,2,1,1,1,0,1,1,1,1,1,0,1,1,1,1,1,1,1
770,2,1,1,1,0,1,1,2,1,1,0,1,1,1,1,1,1,1
771,2,1,2,1,0,1,1,2,1,1,0,1,1,1,1,2,0,1
772,2,1,2,1,0,1,1,2,1,1,1,1,1,1,1,2,1,0
773,1,1,1,1,0,1,1,2,1,1,1,1,1,1,1,2,1,0
774,2,1,2,1,0,0,1,0,1,1,1,1,1,1,0,2,1,1
775,2,1,1,1,1,1,1,1,1,1,2,1,1,1,1,2,1,0
776,1,1,1,1,0,1,1,0,1,1,2,1,1,0,0,1,2,1
777,1,1,1,1,0,1,1,2,1,1,2,1,1,0,1,1,1,0
778,2,1,1,1,0,1,1,2,1,1,2,1,2,1,1,1,1,0
779,1,1,1,1,1,1,1,2,1,1,2,1,2,1,1,1,1,0
780,1,1,1,1,0,1,1,2,1,1,2,2,2,0,0,2,1,1
781,1,1,1,1,0,2,1,2,1,2,2,1,2,1,1,1,1,1
782,1,1,2,1,1,2,1,0,1,2,2,1,2,2,1,2,2,2
783,1,1,2,1,0,1,1,0,1,2,2,2,2,1,1,0,1,1
784,1,1,1,1,0,0,1,2,1,0,0,2,1,0,1,1,0,1
785,2,1,1,1,0,0,1,2,1,1,0,2,2,0,1,1,2,0
786,2,1,1,1,1,0,1,2,1,0,1,2,2,0,1,1,1,0
787,1,1,1,1,0,1,1,2,1,0,1,2,2,1,1,1,1,0
788,1,1,2,1,1,1,1,2,1,0,2,1,2,1,1,1,2,1
789,2,1,1,1,1,1,1,2,1,0,1,1,2,1,1,1,1,0
790,2,1,1,1,1,1,1,2,1,0,1,1,1,1,2,0,1,1
791,1,1,1,1,0,1,1,2,1,0,1,1,1,1,1,1,1,0
792,2,1,1,1,1,1,1,2,1,1,2,1,1,1,1,2,1,0
793,2,1,2,1,1,1,1,2,1,2,1,1,1,1,1,1,1,1
794,2,1,1,1,1,1,1,2,1,1,1,1,1,0,1,2,0,1
795,2,1,1,1,1,1,1,2,1,1,1,1,1,0,1,1,1,0
796,0,1,1,1,0,1,1,2,1,2,1,1,2,1,1,1,0,1
797,1,1,1,1,0,1,1,2,1,2,1,1,1,1,1,1,0,1
798,2,1,1,1,1,1,1,0,1,2,1,2,2,1,1,1,1,0
799,1,1,1,1,1,1,1,2,1,2,1,2,2,1,1,1,1,2
800,0,1,1,1,0,2,1,0,1,2,2,2,2,1,1,1,1,0
801,0,1,1,1,0,1,1,1,1,2,2,1,1,1,1,1,0,0
802,1,1,1,1,0,1,1,0,1,1,1,0,1,1,1,2,2,0
803,2,1,1,1,1,0,1,1,1,1,1,2,1,1,1,1,1,1
804,1,1,1,1,0,1,1,0,1,1,1,2,1,1,1,0,2,1
805,2,1,1,1,1,2,1,1,1,2,1,2,1,1,1,0,1,1
806,2,1,2,1,1,1,1,0,1,1,1,1,1,2,1,1,1,0
807,0,1,1,1,1,2,1,0,1,1,0,1,1,1,1,1,1,1
808,1,1,1,1,1,1,1,0,1,1,0,1,1,1,1,1,1,1
809,1,1,1,1,1,1,1,0,1,1,0,1,1,1,1,2,0,1
810,1,1,1,1,1,1,1,0,1,1,0,1,1,1,0,1,0,1
811,2,1,1,1,0,1,1,0,1,1,1,1,1,1,0,1,1,1
812,1,2,1,1,1,1,2,1,1,1,1,1,1,1,1,1,1,1
813,2,1,2,1,1,1,0,1,1,1,2,1,1,1,0,1,1,1
814,2,1,1,1,0,1,1,0,1,1,1,1,2,1,1,1,0,1
815,1,1,1,1,0,1,1,1,1,1,0,1,1,0,1,0,2,1
816,1,1,2,1,0,1,1,0,1,1,2,1,2,1,1,1,0,1
817,1,1,1,1,0,1,1,2,1,2,1,1,1,2,1,1,1,2
818,1,1,1,1,0,1,1,1,1,1,1,0,2,1,1,1,0,1
819,1,1,1,1,1,1,1,1,1,1,1,1,1,1,1,1,1,1
820,0,1,1,1,0,1,1,1,1,1,1,1,1,1,1,1,1,1
821,0,1,1,1,0,1,1,1,1,1,1,1,1,0,1,1,1,1
822,0,1,1,1,0,1,1,0,1,1,1,1,2,0,1,1,0,1
823,1,1,1,1,0,1,1,1,1,1,1,1,2,0,1,1,0,0
824,1,1,1,1,0,0,0,1,1,2,1,1,2,0,1,1,2,1
825,1,1,1,1,0,1,1,1,1,2,2,1,2,1,1,1,1,1
826,0,1,1,1,0,1,1,0,1,2,2,1,2,1,1,2,2,1
827,1,1,2,1,1,1,1,0,1,1,1,1,1,1,1,1,2,0
828,0,1,1,1,1,1,1,1,1,1,1,1,1,1,1,1,2,2
829,0,1,1,1,1,1,1,0,1,0,1,1,1,1,1,1,2,0
830,2,1,1,1,0,1,1,0,1,2,2,1,1,1,1,2,1,0
831,1,1,1,1,0,1,1,0,1,2,1,1,1,1,0,1,1,1
832,0,1,1,1,1,1,1,0,1,1,1,1,1,1,1,1,1,0
833,0,1,1,1,0,0,1,0,1,1,0,1,1,0,1,1,1,0
834,0,1,1,1,1,1,1,1,1,1,1,1,1,0,1,1,1,1
835,2,1,2,1,1,1,1,2,1,1,1,1,1,1,1,1,2,1
836,2,2,1,1,1,1,1,2,1,1,1,1,1,1,0,1,1,1
837,2,1,1,1,0,1,1,0,1,2,1,1,1,1,1,2,1,0
838,2,1,1,1,1,1,1,0,1,1,1,1,1,1,0,1,1,0
839,2,1,2,1,1,1,1,0,1,1,1,1,1,1,1,2,1,1
840,2,2,1,1,1,1,1,0,1,1,1,1,1,0,0,2,1,0
841,2,1,1,1,0,1,1,1,1,1,1,1,1,1,1,2,1,0
842,0,1,1,1,0,1,1,1,1,2,1,1,1,1,0,2,1,1
843,0,1,1,1,1,1,1,1,1,2,1,1,1,1,1,1,1,1
844,2,1,1,1,0,1,1,1,1,0,1,1,1,1,1,1,2,0
845,2,1,1,1,0,1,1,1,1,1,1,1,1,1,1,1,1,0
846,2,1,1,1,1,1,1,0,1,2,1,1,1,1,1,1,1,0
847,2,1,1,1,1,1,1,1,1,0,1,1,1,1,0,1,1,1
848,2,1,1,1,1,1,1,1,1,1,1,1,1,1,1,2,0,1
849,2,1,1,1,1,1,1,0,1,2,1,1,1,2,1,1,0,0
850,2,1,1,1,0,1,1,0,1,2,1,1,1,1,1,1,2,1
851,2,1,1,1,0,1,1,2,1,1,1,1,1,1,1,1,1,1
852,2,1,1,1,0,2,1,2,1,2,2,1,1,1,1,1,2,1
853,2,1,1,1,1,1,1,2,1,1,1,1,1,0,1,1,1,1
854,1,1,1,1,0,1,1,2,1,1,1,1,1,2,0,1,1,0
855,2,1,2,1,0,1,1,2,1,1,1,1,1,0,1,1,1,1
856,2,1,1,1,1,1,1,2,1,1,1,1,1,1,0,2,1,1
857,2,1,1,1,0,1,1,1,1,0,1,1,1,1,1,2,2,0
858,1,1,2,1,0,1,1,1,1,0,1,1,1,1,0,1,2,1
859,2,1,1,1,0,1,1,1,1,2,1,1,1,1,1,1,2,1
860,2,1,1,1,1,1,1,1,1,2,2,1,1,1,1,1,1,1
861,2,1,1,1,0,1,1,1,1,2,1,1,1,2,0,2,1,2
862,1,1,1,1,0,2,1,1,1,2,1,1,1,2,0,1,0,0
863,2,1,1,1,0,1,1,0,1,2,2,1,1,0,1,1,1,1
864,2,1,2,1,0,2,1,1,1,1,0,1,1,1,1,1,2,1
865,1,1,1,1,0,1,1,0,1,0,1,1,1,2,1,1,0,1
866,1,1,1,1,1,1,1,1,1,1,1,1,1,1,1,1,1,1
867,2,1,2,1,0,0,1,1,1,2,1,1,1,1,1,1,1,0
868,2,1,1,1,1,1,1,1,1,1,1,1,1,1,2,0,1,0
869,1,2,1,1,1,1,1,0,1,1,2,1,1,1,1,1,2,0
870,1,1,1,1,1,0,1,2,1,1,1,1,1,1,2,2,1,2
871,2,1,1,1,0,0,1,0,1,1,1,1,1,1,1,1,1,0
872,1,1,1,1,1,0,1,1,1,1,2,1,1,1,1,1,0,2
873,2,1,2,1,1,0,1,1,1,1,1,1,1,1,1,1,2,1
874,0,1,1,1,1,1,1,1,1,1,2,1,1,1,1,1,1,1
875,1,1,1,1,1,1,1,1,1,1,1,1,1,1,1,1,1,0
876,1,1,2,1,0,1,1,1,1,1,1,1,2,1,1,1,0,0
877,1,1,2,1,0,1,2,1,1,1,2,1,2,1,1,1,1,1
878,2,1,2,1,0,1,1,0,1,1,1,1,1,1,1,0,1,1
879,0,1,2,1,0,1,1,2,1,1,2,1,1,1,1,1,1,1
880,2,1,1,1,0,1,1,2,1,1,2,1,2,1,1,1,1,0
881,2,1,1,1,0,1,1,2,1,1,1,1,1,1,1,1,1,1
882,1,1,1,1,1,1,1,2,1,1,0,2,1,1,1,1,0,1
883,1,1,1,1,1,1,1,2,1,2,0,1,1,1,0,1,0,1
884,1,2,1,1,1,1,1,2,1,1,1,1,1,1,0,1,0,2
885,1,1,1,1,0,1,1,2,1,1,1,2,0,1,1,1,1,0
886,1,1,1,1,1,1,1,2,1,1,1,0,0,1,0,0,1,1
887,1,1,1,1,0,2,1,2,1,1,1,1,2,1,1,0,1,2
888,1,1,1,1,0,0,1,1,1,0,1,1,1,1,0,1,0,1
889,1,1,1,2,0,1,1,0,1,2,1,1,2,1,1,2,0,1
890,1,1,1,2,1,1,1,0,1,2,1,0,1,1,1,0,1,1
891,2,1,2,2,1,1,1,0,1,1,1,2,2,2,1,0,1,1
892,2,1,1,1,1,1,1,0,1,0,1,2,1,0,1,2,1,1
893,2,0,1,1,1,2,1,2,1,2,1,1,1,0,1,1,2,1
894,1,0,1,2,0,1,1,2,1,0,1,2,1,1,1,1,1,1
895,1,1,1,2,0,1,1,2,1,0,1,2,1,1,1,0,1,1
896,1,1,1,1,0,1,1,2,1,1,1,2,1,1,1,2,1,1
897,0,1,1,2,0,1,1,2,1,1,2,1,1,1,0,0,1,0
898,0,1,1,2,1,1,1,2,1,1,1,0,1,0,1,1,1,0
899,0,1,1,1,1,1,1,2,1,1,1,1,1,1,1,1,1,1
900,0,1,1,2,0,1,1,1,1,1,1,2,1,2,0,2,1,1
901,0,1,1,1,0,1,1,2,1,1,1,2,1,1,1,1,1,1
902,0,1,1,2,0,0,1,0,1,1,2,2,1,1,1,0,1,1
903,0,1,1,2,1,1,1,1,1,1,1,2,1,0,1,2,0,1
904,0,1,1,2,0,1,1,2,1,1,1,1,1,1,1,2,0,0
905,0,1,2,1,1,1,1,2,1,1,1,0,1,1,0,1,0,1
906,0,1,1,2,0,1,1,2,1,1,1,0,1,2,1,1,2,0
907,2,1,1,2,0,1,1,2,1,1,1,0,1,0,1,0,2,2
908,2,1,1,2,1,1,1,2,1,1,0,0,1,1,0,1,2,0
909,2,1,1,2,0,1,2,2,1,1,1,0,1,1,1,0,2,1
910,2,1,1,2,1,1,1,2,1,1,0,0,1,1,1,1,1,1
911,2,1,2,2,0,0,1,1,1,1,1,0,1,1,1,1,1,0
912,2,1,2,2,0,1,1,2,1,1,1,0,2,1,1,0,0,2
913,0,1,1,2,1,1,1,1,1,1,1,0,1,1,1,2,1,1
914,0,1,1,2,1,1,1,1,1,1,1,0,1,1,0,1,1,1
915,0,1,1,2,0,1,1,2,1,1,1,0,1,1,1,2,0,1
916,1,1,1,1,0,0,1,2,1,1,1,0,1,1,0,1,0,1
917,0,1,2,1,1,0,1,0,1,1,1,0,1,1,1,1,0,2
918,0,2,2,1,1,2,1,1,1,1,1,0,1,1,1,0,1,2
919,0,1,1,0,1,1,1,2,1,1,1,0,1,1,1,1,0,1
920,0,1,2,1,0,1,1,1,1,0,1,0,1,1,1,1,1,0
921,0,1,2,1,0,0,1,1,1,0,1,1,1,1,1,1,1,1
922,0,1,2,0,0,1,1,2,1,1,1,1,1,1,1,1,1,2
923,0,1,2,1,0,2,1,2,1,1,1,1,1,1,2,1,0,1
924,2,1,2,1,1,1,1,2,1,1,1,0,1,1,1,1,1,2
925,2,1,2,1,1,1,1,2,1,1,1,1,1,1,1,1,1,0
926,2,0,2,0,0,1,1,2,1,1,1,1,1,0,1,0,1,0
927,0,1,2,0,0,0,1,2,1,1,1,2,1,1,1,1,2,0
928,0,1,1,0,1,0,1,2,1,1,1,0,1,1,1,1,2,2
929,1,1,2,1,0,1,1,2,1,1,1,0,1,1,1,1,0,1
930,0,1,1,0,1,1,1,2,1,1,1,0,1,1,1,1,1,1
931,0,1,1,1,0,0,1,2,1,1,1,1,1,1,0,1,1,2
932,0,1,1,1,1,0,1,0,1,1,1,2,1,1,1,1,0,1
933,0,1,1,1,1,1,1,1,1,1,1,2,1,1,0,1,1,1
934,0,1,2,1,1,1,1,0,1,1,1,0,1,1,0,2,0,0
935,2,1,1,1,0,1,1,2,1,1,1,2,1,1,1,2,1,1
936,0,1,1,0,1,1,1,2,1,1,1,1,1,1,1,2,2,1
937,2,1,1,1,1,1,1,2,1,1,1,2,1,1,0,1,1,1
938,2,1,1,1,0,0,1,2,1,2,1,1,1,1,0,1,1,2
939,0,1,1,1,0,1,1,2,1,1,1,1,1,1,1,1,1,0
940,0,1,1,0,1,2,1,2,1,1,1,1,1,1,0,1,1,1
941,2,1,2,0,1,1,1,2,1,1,1,1,1,1,1,1,1,1
942,0,1,1,1,0,0,1,2,1,2,1,1,1,1,1,1,1,0
943,0,1,2,0,0,1,1,2,1,0,0,1,1,1,0,1,2,1
944,1,1,1,1,0,1,1,2,1,0,1,1,1,1,0,0,0,1
945,1,1,2,0,0,2,1,0,1,0,1,0,1,1,1,1,1,1
946,1,1,1,2,0,2,1,0,1,0,1,2,1,1,0,1,1,0
947,1,1,1,1,0,1,1,2,1,0,1,2,1,0,1,1,2,0
948,0,1,1,1,1,1,1,2,1,0,1,2,1,0,0,1,0,0
949,0,1,2,1,0,1,1,2,1,0,1,2,1,0,1,1,0,0
950,1,1,2,1,0,1,1,2,1,0,2,2,1,0,0,1,0,1
951,1,1,1,1,0,1,1,2,1,0,0,0,1,1,1,1,0,1
952,1,1,2,1,1,1,1,2,1,0,0,1,1,1,1,1,0,1
953,2,1,1,1,1,1,1,2,1,0,1,2,1,1,1,1,0,0
954,2,1,1,1,1,1,1,2,1,0,1,2,1,1,1,1,0,1
955,1,1,1,1,0,1,1,2,1,0,1,2,1,1,1,1,0,1
956,1,1,1,1,0,1,1,2,1,1,1,2,1,1,1,1,0,1
957,0,1,2,2,0,1,1,2,1,1,1,1,1,1,1,1,2,1
958,0,1,2,1,1,1,1,2,1,2,1,1,1,1,1,1,1,1
959,0,1,2,1,1,2,1,0,1,1,0,2,1,1,1,1,2,0
960,0,1,1,1,1,0,1,1,1,0,1,0,1,1,1,1,1,0
961,0,1,2,1,1,1,0,1,1,0,2,1,1,2,1,1,0,1
962,0,1,1,0,0,1,1,1,1,1,0,1,1,0,1,1,2,1
963,2,1,2,1,0,1,1,1,1,1,0,2,1,1,1,1,1,0
964,1,1,1,0,1,1,1,0,1,0,0,2,1,1,1,1,1,1
965,1,1,1,1,1,1,1,1,1,1,1,1,1,1,1,1,1,0
966,1,1,2,1,0,1,1,0,1,1,2,0,1,1,1,1,1,2
967,0,1,1,1,0,1,1,2,1,1,2,1,1,1,1,1,1,1
968,2,1,1,1,0,1,1,2,1,2,1,1,1,1,1,1,1,2
969,0,1,1,0,0,1,1,1,1,2,1,1,1,1,1,0,1,0
970,1,1,2,1,1,1,1,1,1,1,2,1,1,1,1,2,2,1
971,2,1,1,1,1,1,1,0,1,1,1,0,1,1,1,1,1,0
972,2,1,1,0,1,1,1,1,1,1,0,0,1,2,2,1,1,1
973,1,2,1,0,1,1,1,0,1,1,1,0,1,1,2,1,1,1
974,2,1,1,1,1,1,1,0,1,1,0,1,1,1,1,1,1,0
975,2,1,1,1,1,1,1,1,1,1,0,1,1,0,1,1,1,1
976,2,1,1,0,0,1,1,0,1,1,0,1,1,0,1,0,2,1
977,0,1,2,1,0,1,1,2,1,1,0,2,1,1,1,0,1,1
978,2,1,1,1,0,1,2,1,1,2,0,1,1,1,1,2,0,1
979,0,1,1,1,0,1,0,1,1,2,0,2,1,1,1,0,0,1
980,1,1,1,1,1,2,1,1,1,0,0,2,1,0,1,1,0,1
981,1,1,1,1,1,1,1,1,1,1,0,0,1,1,1,1,0,1
982,0,1,1,1,0,1,1,0,1,1,0,1,1,1,1,1,2,0
983,2,1,1,0,1,1,1,0,1,1,0,1,1,1,1,1,1,1
984,2,1,1,1,0,1,1,2,1,1,0,1,1,0,1,1,0,0
985,0,1,1,1,1,1,1,1,1,1,0,1,1,1,1,0,2,0
986,1,2,1,1,0,1,1,0,1,1,0,2,1,0,1,0,0,1
987,0,1,1,1,1,1,1,0,1,1,0,2,1,1,1,2,0,1
988,0,1,2,0,0,1,1,0,1,1,0,1,1,0,1,2,1,1
989,1,0,1,1,0,2,1,0,1,1,0,2,1,0,1,2,2,0
990,0,1,2,1,1,1,1,0,1,1,0,2,1,0,1,0,1,1
991,1,1,1,1,0,1,1,1,1,1,0,2,1,0,1,1,0,0
992,2,1,1,0,1,2,1,1,1,1,0,1,1,0,1,1,1,2
993,1,1,1,1,1,1,1,1,1,1,0,1,1,0,2,1,0,2
994,1,1,1,1,1,1,1,1,1,1,0,1,1,2,1,1,1,0
995,1,0,1,0,1,1,1,2,1,1,0,1,1,1,2,1,0,2
996,1,1,1,1,0,1,1,0,1,1,0,1,1,0,1,1,1,1
997,1,1,1,0,0,1,1,0,1,1,0,1,1,2,2,1,0,1
998,1,1,1,1,1,1,1,1,1,1,0,1,1,1,1,2,0,1
999,0,1,1,1,1,1,1,1,1,1,0,1,1,0,1,1,0,2
1000,1,1,1,1,1,1,1,1,1,1,0,1,1,0,1,0,1,2
