,FRAME        , VOLUME (A^3) , SURF. A. (A^2),Time
1,1,77.375,45.125,0.0
3,3,78.75,47.0,0.0001
5,5,87.25,48.0,0.0002
7,7,83.375,49.75,0.00030000000000000003
9,9,91.875,45.75,0.0004
11,11,93.125,48.0,0.0005
13,13,113.25,59.5,0.0006000000000000001
15,15,89.25,52.5,0.0007000000000000001
17,17,98.0,57.625,0.0008000000000000001
19,19,80.75,51.125,0.0009000000000000002
21,21,76.875,42.75,0.0010000000000000002
23,23,84.0,46.5,0.0011000000000000003
25,25,81.625,51.125,0.0012000000000000003
27,27,77.375,45.125,0.0013000000000000004
29,29,104.25,52.375,0.0014000000000000004
31,31,107.375,50.375,0.0015000000000000005
33,33,80.125,48.375,0.0016000000000000005
35,35,102.25,51.375,0.0017000000000000006
37,37,106.125,54.25,0.0018000000000000006
39,39,79.75,48.0,0.0019000000000000006
41,41,96.25,48.5,0.0020000000000000005
43,43,111.75,53.25,0.0021000000000000003
45,45,88.5,48.5,0.0022
47,47,87.0,44.875,0.0023
49,49,69.625,42.0,0.0024
51,51,93.625,47.0,0.0024999999999999996
53,53,89.25,54.5,0.0025999999999999994
55,55,90.0,51.5,0.0026999999999999993
57,57,86.75,43.0,0.002799999999999999
59,59,90.875,41.5,0.002899999999999999
61,61,116.25,51.75,0.0029999999999999988
63,63,96.25,47.0,0.0030999999999999986
65,65,84.0,45.625,0.0031999999999999984
67,67,80.5,47.125,0.0032999999999999982
69,69,95.875,47.625,0.003399999999999998
71,71,84.875,44.5,0.003499999999999998
73,73,77.0,49.625,0.0035999999999999977
75,75,94.875,48.125,0.0036999999999999976
77,77,69.875,36.75,0.0037999999999999974
79,79,73.5,44.625,0.0038999999999999972
81,81,81.75,43.125,0.0039999999999999975
83,83,64.5,43.75,0.004099999999999998
85,85,84.75,50.5,0.004199999999999998
87,87,69.875,41.5,0.004299999999999998
89,89,69.625,43.625,0.0043999999999999985
91,91,94.375,45.5,0.004499999999999999
93,93,81.375,46.25,0.004599999999999999
95,95,62.5,41.875,0.004699999999999999
97,97,80.625,48.375,0.0048
99,99,79.0,46.75,0.0049
101,101,76.5,44.25,0.005
103,103,73.125,43.875,0.0051
105,105,91.125,50.125,0.005200000000000001
107,107,62.375,45.375,0.005300000000000001
109,109,70.0,37.125,0.005400000000000001
111,111,64.25,39.375,0.005500000000000001
113,113,64.625,40.125,0.005600000000000002
115,115,62.125,34.75,0.005700000000000002
117,117,102.125,50.0,0.005800000000000002
119,119,96.875,49.75,0.0059000000000000025
121,121,82.875,47.25,0.006000000000000003
123,123,61.25,40.125,0.006100000000000003
125,125,82.75,47.875,0.006200000000000003
127,127,74.875,43.0,0.0063000000000000035
129,129,71.0,39.5,0.006400000000000004
131,131,97.875,45.625,0.006500000000000004
133,133,96.125,47.25,0.006600000000000004
135,135,77.875,41.75,0.0067000000000000046
137,137,79.25,42.625,0.006800000000000005
139,139,88.0,44.625,0.006900000000000005
141,141,83.125,43.0,0.007000000000000005
143,143,81.625,44.75,0.007100000000000006
145,145,73.5,45.75,0.007200000000000006
147,147,70.25,41.625,0.007300000000000006
149,149,91.0,48.125,0.007400000000000006
151,151,109.125,52.0,0.007500000000000007
153,153,82.625,49.375,0.007600000000000007
155,155,78.625,43.125,0.007700000000000007
157,157,85.625,46.75,0.0078000000000000074
159,159,75.125,43.375,0.007900000000000008
161,161,75.875,43.5,0.008000000000000007
163,163,89.75,42.625,0.008100000000000007
165,165,69.625,38.375,0.008200000000000006
167,167,78.125,42.375,0.008300000000000005
169,169,68.625,42.875,0.008400000000000005
171,171,76.25,41.25,0.008500000000000004
173,173,82.125,43.375,0.008600000000000003
175,175,87.375,44.25,0.008700000000000003
177,177,83.25,45.75,0.008800000000000002
179,179,86.875,48.25,0.008900000000000002
181,181,79.125,44.25,0.009000000000000001
183,183,92.375,47.0,0.0091
185,185,83.375,40.625,0.0092
187,187,91.5,45.875,0.0093
189,189,88.25,49.25,0.009399999999999999
191,191,81.25,46.75,0.009499999999999998
193,193,98.125,51.5,0.009599999999999997
195,195,89.875,47.875,0.009699999999999997
197,197,77.625,49.375,0.009799999999999996
199,199,80.0,45.0,0.009899999999999996
201,201,75.0,43.75,0.009999999999999995
203,203,100.25,54.75,0.010099999999999994
205,205,73.5,40.625,0.010199999999999994
207,207,79.25,44.625,0.010299999999999993
209,209,37.125,27.0,0.010399999999999993
211,211,38.75,23.875,0.010499999999999992
213,213,35.375,26.5,0.010599999999999991
215,215,85.375,43.75,0.01069999999999999
217,217,92.375,49.0,0.01079999999999999
219,219,83.125,50.375,0.01089999999999999
221,221,77.625,43.0,0.010999999999999989
223,223,68.625,39.25,0.011099999999999988
225,225,81.125,47.625,0.011199999999999988
227,227,78.875,42.5,0.011299999999999987
229,229,80.625,45.25,0.011399999999999987
231,231,64.0,33.375,0.011499999999999986
233,233,79.0,45.5,0.011599999999999985
235,235,78.5,45.75,0.011699999999999985
237,237,78.875,41.875,0.011799999999999984
239,239,90.25,45.125,0.011899999999999984
241,241,98.75,43.75,0.011999999999999983
243,243,76.125,38.75,0.012099999999999982
245,245,71.75,42.0,0.012199999999999982
247,247,75.875,43.25,0.012299999999999981
249,249,82.25,45.625,0.01239999999999998
251,251,62.625,36.375,0.01249999999999998
253,253,92.875,55.75,0.01259999999999998
255,255,81.625,50.125,0.012699999999999979
257,257,92.125,48.5,0.012799999999999978
259,259,57.875,41.25,0.012899999999999977
261,261,66.0,50.625,0.012999999999999977
263,263,80.625,50.625,0.013099999999999976
265,265,62.625,46.0,0.013199999999999976
267,267,80.625,53.75,0.013299999999999975
269,269,80.875,45.5,0.013399999999999974
271,271,79.0,43.75,0.013499999999999974
273,273,90.875,49.625,0.013599999999999973
275,275,84.75,51.375,0.013699999999999973
277,277,94.625,46.75,0.013799999999999972
279,279,66.375,40.25,0.013899999999999971
281,281,90.25,52.875,0.01399999999999997
283,283,81.0,43.75,0.01409999999999997
285,285,90.125,49.5,0.01419999999999997
287,287,97.25,60.375,0.014299999999999969
289,289,98.25,55.0,0.014399999999999968
291,291,77.25,41.75,0.014499999999999968
293,293,63.375,39.875,0.014599999999999967
295,295,38.75,31.875,0.014699999999999967
297,297,116.5,63.75,0.014799999999999966
299,299,76.875,39.375,0.014899999999999965
301,301,89.5,44.25,0.014999999999999965
303,303,76.25,44.375,0.015099999999999964
305,305,76.25,41.0,0.015199999999999964
307,307,75.0,45.625,0.015299999999999963
309,309,67.75,40.875,0.015399999999999962
311,311,74.375,51.625,0.015499999999999962
313,313,77.375,40.5,0.015599999999999961
315,315,65.0,36.25,0.01569999999999996
317,317,87.5,43.75,0.01579999999999996
319,319,64.0,35.0,0.01589999999999996
321,321,84.125,46.75,0.01599999999999996
323,323,81.875,39.625,0.016099999999999958
325,325,79.375,40.875,0.016199999999999957
327,327,59.375,40.125,0.016299999999999957
329,329,77.25,46.75,0.016399999999999956
331,331,81.875,43.0,0.016499999999999956
333,333,79.625,42.5,0.016599999999999955
335,335,67.75,43.5,0.016699999999999954
337,337,67.0,40.875,0.016799999999999954
339,339,71.75,47.5,0.016899999999999953
341,341,58.0,38.875,0.016999999999999953
343,343,72.625,47.125,0.017099999999999952
345,345,78.125,53.75,0.01719999999999995
347,347,88.25,49.375,0.01729999999999995
349,349,90.625,49.0,0.01739999999999995
351,351,82.0,49.625,0.01749999999999995
353,353,81.75,47.5,0.01759999999999995
355,355,60.5,44.5,0.01769999999999995
357,357,76.125,44.875,0.017799999999999948
359,359,86.625,52.0,0.017899999999999947
361,361,80.375,47.75,0.017999999999999947
363,363,87.75,46.75,0.018099999999999946
365,365,67.125,39.875,0.018199999999999945
367,367,81.875,40.0,0.018299999999999945
369,369,86.75,44.0,0.018399999999999944
371,371,102.625,43.25,0.018499999999999944
373,373,108.375,53.25,0.018599999999999943
375,375,99.5,43.75,0.018699999999999942
377,377,124.5,50.125,0.018799999999999942
379,379,101.5,50.875,0.01889999999999994
381,381,92.125,43.875,0.01899999999999994
383,383,107.875,56.375,0.01909999999999994
385,385,70.75,37.875,0.01919999999999994
387,387,76.5,39.875,0.01929999999999994
389,389,105.625,51.875,0.019399999999999938
391,391,81.5,44.75,0.019499999999999938
393,393,75.0,48.625,0.019599999999999937
395,395,97.875,53.375,0.019699999999999936
397,397,66.375,37.875,0.019799999999999936
399,399,76.5,44.75,0.019899999999999935
401,401,71.5,47.25,0.019999999999999934
403,403,87.125,51.125,0.020099999999999934
405,405,83.125,46.625,0.020199999999999933
407,407,102.875,54.125,0.020299999999999933
409,409,65.375,37.75,0.020399999999999932
411,411,82.625,46.375,0.02049999999999993
413,413,64.625,42.25,0.02059999999999993
415,415,55.125,36.125,0.02069999999999993
417,417,76.375,46.375,0.02079999999999993
419,419,73.75,39.0,0.02089999999999993
421,421,67.375,45.25,0.02099999999999993
423,423,74.875,43.125,0.021099999999999928
425,425,90.375,45.25,0.021199999999999927
427,427,76.625,39.5,0.021299999999999927
429,429,76.25,42.125,0.021399999999999926
431,431,86.75,44.125,0.021499999999999925
433,433,82.0,44.125,0.021599999999999925
435,435,77.5,43.125,0.021699999999999924
437,437,95.0,49.125,0.021799999999999924
439,439,82.125,44.125,0.021899999999999923
441,441,81.5,44.5,0.021999999999999922
443,443,77.125,43.5,0.022099999999999922
445,445,68.625,37.75,0.02219999999999992
447,447,77.25,46.5,0.02229999999999992
449,449,78.875,49.0,0.02239999999999992
451,451,63.5,40.25,0.02249999999999992
453,453,66.0,37.625,0.02259999999999992
455,455,68.25,41.375,0.022699999999999918
457,457,80.5,48.375,0.022799999999999918
459,459,77.875,46.0,0.022899999999999917
461,461,76.875,42.25,0.022999999999999916
463,463,74.125,45.125,0.023099999999999916
465,465,67.375,38.625,0.023199999999999915
467,467,77.5,44.375,0.023299999999999915
469,469,66.5,39.25,0.023399999999999914
471,471,73.875,41.0,0.023499999999999913
473,473,73.875,41.75,0.023599999999999913
475,475,65.875,41.625,0.023699999999999912
477,477,62.5,48.375,0.02379999999999991
479,479,54.875,34.5,0.02389999999999991
481,481,73.75,43.125,0.02399999999999991
483,483,83.375,42.5,0.02409999999999991
485,485,68.0,38.625,0.02419999999999991
487,487,80.0,41.5,0.02429999999999991
489,489,76.25,42.25,0.024399999999999908
491,491,86.5,46.5,0.024499999999999907
493,493,74.25,50.0,0.024599999999999907
495,495,99.0,52.75,0.024699999999999906
497,497,96.375,56.875,0.024799999999999905
499,499,103.375,56.375,0.024899999999999905
501,501,77.5,53.0,0.024999999999999904
503,503,93.5,52.875,0.025099999999999904
505,505,103.25,59.875,0.025199999999999903
507,507,69.625,40.0,0.025299999999999902
509,509,79.75,53.0,0.025399999999999902
511,511,67.75,50.25,0.0254999999999999
513,513,72.125,52.0,0.0255999999999999
515,515,81.75,52.625,0.0256999999999999
517,517,80.0,56.25,0.0257999999999999
519,519,90.0,59.375,0.0258999999999999
521,521,71.0,43.5,0.025999999999999898
523,523,94.875,53.75,0.026099999999999898
525,525,70.0,41.125,0.026199999999999897
527,527,75.25,53.375,0.026299999999999896
529,529,93.25,56.125,0.026399999999999896
531,531,75.375,55.25,0.026499999999999895
533,533,79.25,53.625,0.026599999999999895
535,535,74.5,48.5,0.026699999999999894
537,537,79.375,52.25,0.026799999999999893
539,539,82.75,56.125,0.026899999999999893
541,541,72.5,51.375,0.026999999999999892
543,543,92.0,56.5,0.02709999999999989
545,545,87.625,51.875,0.02719999999999989
547,547,78.375,53.0,0.02729999999999989
549,549,69.125,50.0,0.02739999999999989
551,551,68.0,47.5,0.02749999999999989
553,553,85.875,50.125,0.02759999999999989
555,555,87.25,48.625,0.027699999999999888
557,557,78.75,44.625,0.027799999999999887
559,559,80.375,48.125,0.027899999999999887
561,561,78.875,54.375,0.027999999999999886
563,563,92.25,57.875,0.028099999999999885
565,565,79.875,49.0,0.028199999999999885
567,567,72.25,53.25,0.028299999999999884
569,569,65.5,46.375,0.028399999999999884
571,571,85.375,52.5,0.028499999999999883
573,573,77.75,48.875,0.028599999999999882
575,575,77.5,51.5,0.028699999999999882
577,577,67.75,47.0,0.02879999999999988
579,579,70.75,49.0,0.02889999999999988
581,581,66.75,43.875,0.02899999999999988
583,583,76.625,54.25,0.02909999999999988
585,585,70.0,52.625,0.02919999999999988
587,587,83.25,53.625,0.029299999999999878
589,589,79.75,49.375,0.029399999999999878
591,591,79.5,53.125,0.029499999999999877
593,593,66.125,42.125,0.029599999999999876
595,595,78.0,51.375,0.029699999999999876
597,597,74.25,47.25,0.029799999999999875
599,599,85.5,45.5,0.029899999999999875
601,601,84.625,45.625,0.029999999999999874
603,603,65.25,41.0,0.030099999999999873
605,605,82.625,44.625,0.030199999999999873
607,607,94.875,53.75,0.030299999999999872
609,609,89.875,48.125,0.03039999999999987
611,611,65.875,40.25,0.03049999999999987
613,613,57.25,38.125,0.03059999999999987
615,615,68.75,42.5,0.03069999999999987
617,617,80.625,43.5,0.03079999999999987
619,619,72.5,40.25,0.03089999999999987
621,621,76.75,45.0,0.030999999999999868
623,623,70.75,39.75,0.031099999999999867
625,625,92.125,56.75,0.031199999999999867
627,627,75.375,53.0,0.03129999999999987
629,629,72.375,39.625,0.03139999999999987
631,631,85.625,49.5,0.031499999999999875
633,633,49.25,38.0,0.03159999999999988
635,635,68.125,47.75,0.03169999999999988
637,637,71.875,52.0,0.031799999999999884
639,639,76.375,52.625,0.03189999999999989
641,641,63.5,42.375,0.03199999999999989
643,643,74.25,50.25,0.03209999999999989
645,645,56.75,43.875,0.032199999999999895
647,647,41.625,37.625,0.0322999999999999
649,649,84.25,57.125,0.0323999999999999
651,651,77.0,45.125,0.032499999999999904
653,653,69.0,40.375,0.03259999999999991
655,655,66.75,46.75,0.03269999999999991
657,657,86.25,54.0,0.03279999999999991
659,659,77.375,45.625,0.032899999999999915
661,661,69.75,43.5,0.03299999999999992
663,663,55.875,36.25,0.03309999999999992
665,665,77.875,44.0,0.033199999999999924
667,667,68.375,42.0,0.03329999999999993
669,669,82.875,45.875,0.03339999999999993
671,671,74.0,44.625,0.03349999999999993
673,673,85.625,49.625,0.033599999999999935
675,675,72.0,41.875,0.03369999999999994
677,677,67.625,41.75,0.03379999999999994
679,679,77.125,38.0,0.033899999999999944
681,681,91.75,45.0,0.03399999999999995
683,683,60.875,38.875,0.03409999999999995
685,685,66.0,42.75,0.03419999999999995
687,687,62.75,39.0,0.034299999999999956
689,689,67.625,37.25,0.03439999999999996
691,691,74.125,48.125,0.03449999999999996
693,693,66.125,42.75,0.034599999999999964
695,695,66.125,40.25,0.03469999999999997
697,697,87.625,44.5,0.03479999999999997
699,699,74.375,38.5,0.03489999999999997
701,701,79.5,46.375,0.034999999999999976
703,703,64.125,39.5,0.03509999999999998
705,705,64.375,37.375,0.03519999999999998
707,707,80.25,42.125,0.035299999999999984
709,709,64.125,37.75,0.03539999999999999
711,711,70.0,36.5,0.03549999999999999
713,713,67.125,37.25,0.03559999999999999
715,715,71.5,42.625,0.035699999999999996
717,717,62.25,41.875,0.0358
719,719,66.0,36.75,0.0359
721,721,77.625,42.875,0.036000000000000004
723,723,69.875,41.375,0.03610000000000001
725,725,74.125,37.875,0.03620000000000001
727,727,77.625,44.5,0.03630000000000001
729,729,73.75,42.25,0.036400000000000016
731,731,58.5,39.875,0.03650000000000002
733,733,64.5,41.625,0.03660000000000002
735,735,62.75,38.75,0.036700000000000024
737,737,70.375,42.625,0.03680000000000003
739,739,61.5,37.625,0.03690000000000003
741,741,95.75,53.0,0.03700000000000003
743,743,85.75,51.25,0.037100000000000036
745,745,80.375,46.375,0.03720000000000004
747,747,109.0,61.25,0.03730000000000004
749,749,74.25,41.25,0.037400000000000044
751,751,66.125,43.375,0.03750000000000005
753,753,62.5,39.875,0.03760000000000005
755,755,69.125,40.0,0.03770000000000005
757,757,88.875,48.0,0.037800000000000056
759,759,94.0,44.625,0.03790000000000006
761,761,89.5,45.25,0.03800000000000006
763,763,75.125,46.0,0.038100000000000064
765,765,64.5,43.0,0.03820000000000007
767,767,77.375,45.125,0.03830000000000007
769,769,71.25,46.5,0.03840000000000007
771,771,83.5,48.625,0.038500000000000076
773,773,66.25,49.375,0.03860000000000008
775,775,62.125,44.875,0.03870000000000008
777,777,69.75,46.375,0.038800000000000084
779,779,85.375,50.75,0.03890000000000009
781,781,72.875,48.5,0.03900000000000009
783,783,96.875,53.0,0.03910000000000009
785,785,74.25,50.25,0.039200000000000096
787,787,59.5,39.875,0.0393000000000001
789,789,75.25,44.125,0.0394000000000001
791,791,71.75,39.5,0.039500000000000104
793,793,84.125,40.0,0.03960000000000011
795,795,55.375,36.375,0.03970000000000011
797,797,74.875,44.375,0.03980000000000011
799,799,68.25,39.375,0.039900000000000116
801,801,74.125,42.5,0.04000000000000012
803,803,89.875,47.875,0.04010000000000012
805,805,74.375,42.25,0.040200000000000125
807,807,78.125,40.75,0.04030000000000013
809,809,90.125,51.5,0.04040000000000013
811,811,76.0,38.0,0.04050000000000013
813,813,87.125,44.625,0.040600000000000136
815,815,76.75,44.75,0.04070000000000014
817,817,71.25,43.125,0.04080000000000014
819,819,77.125,45.5,0.040900000000000145
821,821,71.125,40.0,0.04100000000000015
823,823,71.75,38.625,0.04110000000000015
825,825,73.375,41.125,0.04120000000000015
827,827,69.5,42.125,0.041300000000000156
829,829,82.875,49.5,0.04140000000000016
831,831,71.75,40.625,0.04150000000000016
833,833,82.875,47.625,0.041600000000000165
835,835,69.0,41.875,0.04170000000000017
837,837,64.5,39.125,0.04180000000000017
839,839,63.875,38.0,0.04190000000000017
841,841,72.25,39.125,0.042000000000000176
843,843,83.5,45.125,0.04210000000000018
845,845,93.75,52.75,0.04220000000000018
847,847,97.0,51.875,0.042300000000000185
849,849,75.625,45.5,0.04240000000000019
851,851,90.0,42.125,0.04250000000000019
853,853,81.5,46.25,0.04260000000000019
855,855,79.375,45.375,0.042700000000000196
857,857,90.25,45.5,0.0428000000000002
859,859,65.375,37.5,0.0429000000000002
861,861,67.375,37.5,0.043000000000000205
863,863,109.375,52.125,0.04310000000000021
865,865,81.625,42.625,0.04320000000000021
867,867,73.0,39.875,0.04330000000000021
869,869,85.625,41.375,0.043400000000000216
871,871,86.5,40.625,0.04350000000000022
873,873,68.375,38.625,0.04360000000000022
875,875,75.5,46.0,0.043700000000000225
877,877,71.5,41.0,0.04380000000000023
879,879,72.625,39.0,0.04390000000000023
881,881,71.5,40.0,0.04400000000000023
883,883,69.5,40.25,0.044100000000000236
885,885,60.5,40.875,0.04420000000000024
887,887,73.5,37.75,0.04430000000000024
889,889,90.5,43.0,0.044400000000000245
891,891,78.5,43.375,0.04450000000000025
893,893,67.0,47.375,0.04460000000000025
895,895,72.0,40.125,0.04470000000000025
897,897,84.375,40.5,0.044800000000000256
899,899,68.125,41.625,0.04490000000000026
901,901,85.5,46.125,0.04500000000000026
903,903,62.25,42.375,0.045100000000000265
905,905,89.125,41.75,0.04520000000000027
907,907,62.625,36.75,0.04530000000000027
909,909,58.75,43.375,0.045400000000000273
911,911,103.875,42.75,0.045500000000000276
913,913,76.625,43.5,0.04560000000000028
915,915,74.5,39.875,0.04570000000000028
917,917,74.75,42.75,0.045800000000000285
919,919,75.625,41.5,0.04590000000000029
921,921,55.25,32.375,0.04600000000000029
923,923,66.25,37.0,0.046100000000000294
925,925,78.625,42.625,0.046200000000000296
927,927,87.125,48.5,0.0463000000000003
929,929,74.0,42.25,0.0464000000000003
931,931,71.875,41.75,0.046500000000000305
933,933,72.0,40.875,0.04660000000000031
935,935,50.375,34.625,0.04670000000000031
937,937,76.125,42.0,0.046800000000000314
939,939,57.75,36.25,0.046900000000000316
941,941,68.0,41.75,0.04700000000000032
943,943,73.375,37.625,0.04710000000000032
945,945,83.125,43.875,0.047200000000000325
947,947,78.25,40.875,0.04730000000000033
949,949,60.0,37.0,0.04740000000000033
951,951,82.5,43.5,0.047500000000000334
953,953,82.375,40.25,0.047600000000000336
955,955,76.0,42.375,0.04770000000000034
957,957,87.125,48.625,0.04780000000000034
959,959,66.0,40.125,0.047900000000000345
961,961,86.75,39.75,0.04800000000000035
963,963,76.375,42.25,0.04810000000000035
965,965,91.625,47.875,0.048200000000000354
967,967,69.75,43.5,0.04830000000000036
969,969,76.0,43.0,0.04840000000000036
971,971,85.5,44.25,0.04850000000000036
973,973,73.375,48.0,0.048600000000000365
975,975,64.75,45.75,0.04870000000000037
977,977,75.0,45.375,0.04880000000000037
979,979,76.375,47.25,0.048900000000000374
981,981,61.875,43.125,0.04900000000000038
983,983,83.125,45.125,0.04910000000000038
985,985,106.5,50.5,0.04920000000000038
987,987,101.0,49.125,0.049300000000000385
989,989,80.375,40.625,0.04940000000000039
991,991,99.875,48.5,0.04950000000000039
993,993,87.5,43.0,0.049600000000000394
995,995,85.375,45.375,0.0497000000000004
997,997,71.875,41.25,0.0498000000000004
999,999,72.5,42.125,0.0499000000000004
1001,1001,90.875,45.5,0.050000000000000405
1003,1003,85.375,42.875,0.05010000000000041
1005,1005,74.5,41.875,0.05020000000000041
1007,1007,78.75,41.625,0.050300000000000414
1009,1009,73.625,43.375,0.05040000000000042
1011,1011,78.0,43.375,0.05050000000000042
1013,1013,81.125,40.375,0.05060000000000042
1015,1015,80.875,41.0,0.050700000000000425
1017,1017,88.5,48.5,0.05080000000000043
1019,1019,85.625,46.5,0.05090000000000043
1021,1021,66.0,37.875,0.051000000000000434
1023,1023,68.25,37.875,0.05110000000000044
1025,1025,90.125,43.125,0.05120000000000044
1027,1027,76.0,45.375,0.05130000000000044
1029,1029,75.0,37.5,0.051400000000000445
1031,1031,96.25,54.125,0.05150000000000045
1033,1033,70.375,38.625,0.05160000000000045
1035,1035,71.125,39.25,0.051700000000000454
1037,1037,85.125,45.5,0.05180000000000046
1039,1039,74.5,46.625,0.05190000000000046
1041,1041,92.875,51.0,0.05200000000000046
1043,1043,108.25,55.5,0.052100000000000465
1045,1045,80.875,42.5,0.05220000000000047
1047,1047,64.75,38.5,0.05230000000000047
1049,1049,81.375,41.25,0.052400000000000474
1051,1051,77.125,38.375,0.05250000000000048
1053,1053,82.125,42.75,0.05260000000000048
1055,1055,97.75,44.75,0.05270000000000048
1057,1057,92.125,43.5,0.052800000000000485
1059,1059,79.5,38.25,0.05290000000000049
1061,1061,67.625,41.125,0.05300000000000049
1063,1063,72.75,40.625,0.053100000000000494
1065,1065,76.375,42.5,0.0532000000000005
1067,1067,57.375,38.5,0.0533000000000005
1069,1069,72.375,40.5,0.0534000000000005
1071,1071,60.5,38.625,0.053500000000000505
1073,1073,84.5,44.5,0.05360000000000051
1075,1075,85.75,44.875,0.05370000000000051
1077,1077,70.875,45.75,0.053800000000000514
1079,1079,79.25,43.5,0.05390000000000052
1081,1081,64.625,39.375,0.05400000000000052
1083,1083,59.25,38.5,0.05410000000000052
1085,1085,70.625,37.625,0.054200000000000526
1087,1087,91.875,47.125,0.05430000000000053
1089,1089,64.375,42.375,0.05440000000000053
1091,1091,97.375,47.75,0.054500000000000534
1093,1093,85.5,44.375,0.05460000000000054
1095,1095,88.25,46.125,0.05470000000000054
1097,1097,72.75,43.125,0.05480000000000054
1099,1099,82.625,45.625,0.054900000000000546
1101,1101,84.125,47.75,0.05500000000000055
1103,1103,82.375,43.0,0.05510000000000055
1105,1105,84.875,49.75,0.055200000000000554
1107,1107,55.25,35.5,0.05530000000000056
1109,1109,72.25,44.875,0.05540000000000056
1111,1111,78.0,49.0,0.05550000000000056
1113,1113,61.875,36.125,0.055600000000000566
1115,1115,69.375,41.375,0.05570000000000057
1117,1117,74.375,47.75,0.05580000000000057
1119,1119,68.5,41.375,0.055900000000000574
1121,1121,84.5,43.0,0.05600000000000058
1123,1123,104.625,51.625,0.05610000000000058
1125,1125,66.625,40.125,0.05620000000000058
1127,1127,76.5,41.625,0.056300000000000586
1129,1129,79.125,50.0,0.05640000000000059
1131,1131,80.125,54.25,0.05650000000000059
1133,1133,74.625,43.25,0.056600000000000594
1135,1135,82.625,41.25,0.0567000000000006
1137,1137,91.625,45.625,0.0568000000000006
1139,1139,95.75,55.875,0.0569000000000006
1141,1141,85.25,49.75,0.057000000000000606
1143,1143,74.75,45.5,0.05710000000000061
1145,1145,72.375,40.5,0.05720000000000061
1147,1147,72.875,43.5,0.057300000000000614
1149,1149,72.125,38.875,0.05740000000000062
1151,1151,80.25,43.875,0.05750000000000062
1153,1153,83.25,47.25,0.05760000000000062
1155,1155,73.25,45.125,0.057700000000000626
1157,1157,63.0,50.5,0.05780000000000063
1159,1159,74.75,46.5,0.05790000000000063
1161,1161,72.625,40.5,0.058000000000000634
1163,1163,84.75,41.625,0.05810000000000064
1165,1165,78.125,38.875,0.05820000000000064
1167,1167,76.375,42.125,0.05830000000000064
1169,1169,69.0,38.5,0.058400000000000646
1171,1171,74.5,41.0,0.05850000000000065
1173,1173,88.125,42.0,0.05860000000000065
1175,1175,59.5,36.375,0.058700000000000654
1177,1177,72.5,39.125,0.05880000000000066
1179,1179,65.875,45.875,0.05890000000000066
1181,1181,76.5,40.625,0.05900000000000066
1183,1183,72.5,39.125,0.059100000000000666
1185,1185,53.375,46.0,0.05920000000000067
1187,1187,49.25,37.625,0.05930000000000067
1189,1189,65.5,38.375,0.059400000000000674
1191,1191,83.25,47.75,0.05950000000000068
1193,1193,67.25,40.25,0.05960000000000068
1195,1195,63.5,37.625,0.05970000000000068
1197,1197,99.125,48.125,0.059800000000000686
1199,1199,63.75,40.375,0.05990000000000069
1201,1201,75.125,43.125,0.06000000000000069
1203,1203,64.625,40.0,0.060100000000000695
1205,1205,68.875,39.5,0.0602000000000007
1207,1207,77.625,43.875,0.0603000000000007
1209,1209,72.5,44.125,0.0604000000000007
1211,1211,52.25,32.875,0.060500000000000706
1213,1213,67.625,42.5,0.06060000000000071
1215,1215,60.5,37.125,0.06070000000000071
1217,1217,75.125,40.25,0.060800000000000715
1219,1219,75.75,42.5,0.06090000000000072
1221,1221,78.75,40.5,0.06100000000000072
1223,1223,70.5,40.5,0.06110000000000072
1225,1225,94.75,55.5,0.061200000000000726
1227,1227,83.5,47.0,0.06130000000000073
1229,1229,93.125,47.125,0.06140000000000073
1231,1231,90.625,44.0,0.061500000000000735
1233,1233,87.125,46.0,0.06160000000000074
1235,1235,91.875,48.625,0.06170000000000074
1237,1237,67.75,43.25,0.06180000000000074
1239,1239,57.625,37.5,0.061900000000000746
1241,1241,58.375,36.25,0.06200000000000075
1243,1243,69.625,43.625,0.06210000000000075
1245,1245,87.25,44.5,0.062200000000000755
1247,1247,75.25,42.875,0.06230000000000076
1249,1249,63.625,36.25,0.06240000000000076
1251,1251,80.0,39.5,0.06250000000000076
1253,1253,73.375,41.0,0.06260000000000077
1255,1255,66.625,40.5,0.06270000000000077
1257,1257,74.0,39.75,0.06280000000000077
1259,1259,59.125,35.625,0.06290000000000077
1261,1261,76.875,37.625,0.06300000000000078
1263,1263,61.75,45.125,0.06310000000000078
1265,1265,84.0,46.625,0.06320000000000078
1267,1267,81.0,47.5,0.06330000000000079
1269,1269,77.375,40.75,0.06340000000000079
1271,1271,97.5,48.625,0.06350000000000079
1273,1273,69.0,37.875,0.0636000000000008
1275,1275,68.0,39.375,0.0637000000000008
1277,1277,77.5,41.625,0.0638000000000008
1279,1279,78.75,49.5,0.0639000000000008
1281,1281,66.125,40.75,0.0640000000000008
1283,1283,87.25,42.25,0.06410000000000081
1285,1285,76.25,44.5,0.06420000000000081
1287,1287,69.625,37.375,0.06430000000000081
1289,1289,71.625,45.0,0.06440000000000082
1291,1291,65.25,38.125,0.06450000000000082
1293,1293,60.625,40.875,0.06460000000000082
1295,1295,72.5,42.75,0.06470000000000083
1297,1297,69.25,40.125,0.06480000000000083
1299,1299,63.375,38.125,0.06490000000000083
1301,1301,65.125,37.75,0.06500000000000083
1303,1303,66.875,43.75,0.06510000000000084
1305,1305,75.0,40.75,0.06520000000000084
1307,1307,59.625,36.25,0.06530000000000084
1309,1309,74.25,48.875,0.06540000000000085
1311,1311,69.875,37.625,0.06550000000000085
1313,1313,66.75,44.25,0.06560000000000085
1315,1315,65.125,44.625,0.06570000000000085
1317,1317,85.75,47.375,0.06580000000000086
1319,1319,74.0,38.5,0.06590000000000086
1321,1321,66.625,44.125,0.06600000000000086
1323,1323,80.375,42.25,0.06610000000000087
1325,1325,88.25,46.75,0.06620000000000087
1327,1327,64.375,37.625,0.06630000000000087
1329,1329,65.875,45.0,0.06640000000000087
1331,1331,81.625,45.125,0.06650000000000088
1333,1333,72.25,42.0,0.06660000000000088
1335,1335,79.0,41.0,0.06670000000000088
1337,1337,59.25,34.625,0.06680000000000089
1339,1339,60.375,38.875,0.06690000000000089
1341,1341,84.0,44.75,0.06700000000000089
1343,1343,63.5,36.0,0.0671000000000009
1345,1345,70.75,42.625,0.0672000000000009
1347,1347,59.75,37.75,0.0673000000000009
1349,1349,69.625,42.5,0.0674000000000009
1351,1351,68.0,38.875,0.0675000000000009
1353,1353,78.25,41.5,0.06760000000000091
1355,1355,70.5,43.25,0.06770000000000091
1357,1357,60.75,39.625,0.06780000000000092
1359,1359,85.625,37.875,0.06790000000000092
1361,1361,64.75,43.25,0.06800000000000092
1363,1363,74.875,39.25,0.06810000000000092
1365,1365,75.875,41.0,0.06820000000000093
1367,1367,69.5,43.25,0.06830000000000093
1369,1369,72.0,42.125,0.06840000000000093
1371,1371,79.0,41.875,0.06850000000000094
1373,1373,75.75,42.75,0.06860000000000094
1375,1375,84.25,43.5,0.06870000000000094
1377,1377,78.875,48.625,0.06880000000000094
1379,1379,66.5,44.25,0.06890000000000095
1381,1381,76.0,45.125,0.06900000000000095
1383,1383,72.0,48.375,0.06910000000000095
1385,1385,80.75,41.625,0.06920000000000096
1387,1387,71.75,49.5,0.06930000000000096
1389,1389,77.875,43.875,0.06940000000000096
1391,1391,76.375,45.25,0.06950000000000096
1393,1393,72.125,45.25,0.06960000000000097
1395,1395,58.75,41.875,0.06970000000000097
1397,1397,72.5,45.875,0.06980000000000097
1399,1399,67.5,42.75,0.06990000000000098
1401,1401,62.75,45.75,0.07000000000000098
1403,1403,69.75,48.25,0.07010000000000098
1405,1405,85.75,42.25,0.07020000000000098
1407,1407,87.5,45.25,0.07030000000000099
1409,1409,83.0,45.25,0.07040000000000099
1411,1411,45.125,37.875,0.07050000000000099
1413,1413,54.125,43.25,0.070600000000001
1415,1415,53.125,46.875,0.070700000000001
1417,1417,78.375,59.75,0.070800000000001
1419,1419,71.0,52.75,0.070900000000001
1421,1421,52.5,44.0,0.071000000000001
1423,1423,50.375,48.0,0.07110000000000101
1425,1425,53.5,40.125,0.07120000000000101
1427,1427,67.375,44.75,0.07130000000000102
1429,1429,46.5,35.875,0.07140000000000102
1431,1431,70.125,46.375,0.07150000000000102
1433,1433,72.25,48.375,0.07160000000000102
1435,1435,59.375,46.0,0.07170000000000103
1437,1437,58.75,47.625,0.07180000000000103
1439,1439,78.0,50.25,0.07190000000000103
1441,1441,70.25,50.75,0.07200000000000104
1443,1443,70.125,52.5,0.07210000000000104
1445,1445,58.875,39.625,0.07220000000000104
1447,1447,59.375,40.5,0.07230000000000104
1449,1449,59.875,44.75,0.07240000000000105
1451,1451,75.75,52.25,0.07250000000000105
1453,1453,71.375,50.375,0.07260000000000105
1455,1455,61.5,43.625,0.07270000000000106
1457,1457,70.125,47.375,0.07280000000000106
1459,1459,57.375,54.0,0.07290000000000106
1461,1461,66.625,46.625,0.07300000000000106
1463,1463,51.25,39.75,0.07310000000000107
1465,1465,58.375,38.75,0.07320000000000107
1467,1467,48.125,35.5,0.07330000000000107
1469,1469,61.0,46.25,0.07340000000000108
1471,1471,67.5,41.625,0.07350000000000108
1473,1473,55.875,37.5,0.07360000000000108
1475,1475,52.5,39.125,0.07370000000000108
1477,1477,76.375,38.875,0.07380000000000109
1479,1479,59.5,41.125,0.07390000000000109
1481,1481,62.0,41.125,0.07400000000000109
1483,1483,57.375,41.875,0.0741000000000011
1485,1485,76.125,43.25,0.0742000000000011
1487,1487,61.25,38.875,0.0743000000000011
1489,1489,70.5,43.25,0.0744000000000011
1491,1491,60.25,35.75,0.07450000000000111
1493,1493,65.875,43.0,0.07460000000000111
1495,1495,73.75,39.5,0.07470000000000111
1497,1497,77.5,46.625,0.07480000000000112
1499,1499,74.875,39.25,0.07490000000000112
1501,1501,73.375,41.0,0.07500000000000112
1503,1503,74.125,37.625,0.07510000000000112
1505,1505,76.875,43.0,0.07520000000000113
1507,1507,97.375,46.25,0.07530000000000113
1509,1509,97.25,46.625,0.07540000000000113
1511,1511,80.0,44.625,0.07550000000000114
1513,1513,72.875,38.375,0.07560000000000114
1515,1515,80.375,38.375,0.07570000000000114
1517,1517,80.875,46.25,0.07580000000000114
1519,1519,74.75,40.0,0.07590000000000115
1521,1521,86.625,44.75,0.07600000000000115
1523,1523,81.625,47.0,0.07610000000000115
1525,1525,89.75,45.0,0.07620000000000116
1527,1527,76.875,38.375,0.07630000000000116
1529,1529,76.625,41.125,0.07640000000000116
1531,1531,64.5,42.125,0.07650000000000116
1533,1533,58.0,36.75,0.07660000000000117
1535,1535,82.375,43.625,0.07670000000000117
1537,1537,82.875,43.5,0.07680000000000117
1539,1539,91.0,47.75,0.07690000000000118
1541,1541,70.125,39.625,0.07700000000000118
1543,1543,85.0,45.5,0.07710000000000118
1545,1545,91.0,46.75,0.07720000000000118
1547,1547,64.125,43.875,0.07730000000000119
1549,1549,69.0,40.875,0.07740000000000119
1551,1551,81.5,45.0,0.07750000000000119
1553,1553,74.75,44.625,0.0776000000000012
1555,1555,78.0,45.875,0.0777000000000012
1557,1557,66.25,37.25,0.0778000000000012
1559,1559,84.0,45.5,0.0779000000000012
1561,1561,82.375,43.375,0.07800000000000121
1563,1563,61.875,40.375,0.07810000000000121
1565,1565,86.25,41.875,0.07820000000000121
1567,1567,87.125,45.375,0.07830000000000122
1569,1569,67.5,45.125,0.07840000000000122
1571,1571,96.375,47.5,0.07850000000000122
1573,1573,80.0,47.375,0.07860000000000122
1575,1575,67.125,44.625,0.07870000000000123
1577,1577,78.0,49.25,0.07880000000000123
1579,1579,78.0,43.875,0.07890000000000123
1581,1581,59.125,39.125,0.07900000000000124
1583,1583,71.625,43.25,0.07910000000000124
1585,1585,67.625,42.25,0.07920000000000124
1587,1587,78.0,41.5,0.07930000000000124
1589,1589,72.25,41.5,0.07940000000000125
1591,1591,66.0,43.0,0.07950000000000125
1593,1593,60.625,38.125,0.07960000000000125
1595,1595,55.625,37.375,0.07970000000000126
1597,1597,62.75,41.75,0.07980000000000126
1599,1599,76.25,45.0,0.07990000000000126
1601,1601,52.0,36.25,0.08000000000000126
1603,1603,76.75,43.875,0.08010000000000127
1605,1605,84.125,52.625,0.08020000000000127
1607,1607,71.125,44.625,0.08030000000000127
1609,1609,71.875,40.75,0.08040000000000128
1611,1611,92.375,50.25,0.08050000000000128
1613,1613,71.375,43.125,0.08060000000000128
1615,1615,70.625,41.25,0.08070000000000128
1617,1617,76.75,42.5,0.08080000000000129
1619,1619,83.0,42.875,0.08090000000000129
1621,1621,84.625,42.0,0.0810000000000013
1623,1623,83.25,43.875,0.0811000000000013
1625,1625,68.375,37.5,0.0812000000000013
1627,1627,78.5,43.0,0.0813000000000013
1629,1629,67.375,43.75,0.0814000000000013
1631,1631,79.125,39.75,0.08150000000000131
1633,1633,62.25,40.5,0.08160000000000131
1635,1635,80.375,45.0,0.08170000000000131
1637,1637,74.25,41.0,0.08180000000000132
1639,1639,67.875,39.25,0.08190000000000132
1641,1641,66.125,39.75,0.08200000000000132
1643,1643,84.875,44.875,0.08210000000000132
1645,1645,67.125,38.5,0.08220000000000133
1647,1647,76.5,44.25,0.08230000000000133
1649,1649,54.625,33.25,0.08240000000000133
1651,1651,73.25,41.25,0.08250000000000134
1653,1653,76.625,43.125,0.08260000000000134
1655,1655,75.75,37.75,0.08270000000000134
1657,1657,71.5,38.75,0.08280000000000134
1659,1659,67.125,36.625,0.08290000000000135
1661,1661,64.0,39.375,0.08300000000000135
1663,1663,67.375,40.125,0.08310000000000135
1665,1665,70.875,42.875,0.08320000000000136
1667,1667,70.75,44.875,0.08330000000000136
1669,1669,62.625,35.0,0.08340000000000136
1671,1671,66.25,37.875,0.08350000000000136
1673,1673,78.375,50.375,0.08360000000000137
1675,1675,76.125,43.125,0.08370000000000137
1677,1677,64.125,38.625,0.08380000000000137
1679,1679,63.75,38.5,0.08390000000000138
1681,1681,75.75,39.875,0.08400000000000138
1683,1683,73.875,38.75,0.08410000000000138
1685,1685,78.875,40.75,0.08420000000000138
1687,1687,68.375,42.375,0.08430000000000139
1689,1689,67.875,40.0,0.08440000000000139
1691,1691,80.0,41.5,0.0845000000000014
1693,1693,78.125,44.75,0.0846000000000014
1695,1695,88.375,43.375,0.0847000000000014
1697,1697,70.625,39.375,0.0848000000000014
1699,1699,75.625,42.625,0.0849000000000014
1701,1701,66.125,34.875,0.08500000000000141
1703,1703,81.875,43.5,0.08510000000000141
1705,1705,78.75,43.25,0.08520000000000141
1707,1707,92.25,49.5,0.08530000000000142
1709,1709,91.625,43.0,0.08540000000000142
1711,1711,92.125,45.25,0.08550000000000142
1713,1713,82.5,41.625,0.08560000000000142
1715,1715,78.5,43.75,0.08570000000000143
1717,1717,78.25,47.0,0.08580000000000143
1719,1719,74.125,42.0,0.08590000000000143
1721,1721,73.125,37.75,0.08600000000000144
1723,1723,80.0,39.5,0.08610000000000144
1725,1725,64.5,38.25,0.08620000000000144
1727,1727,68.125,38.25,0.08630000000000144
1729,1729,48.25,32.875,0.08640000000000145
1731,1731,83.75,49.375,0.08650000000000145
1733,1733,59.0,36.375,0.08660000000000145
1735,1735,64.125,40.625,0.08670000000000146
1737,1737,63.125,36.375,0.08680000000000146
1739,1739,68.5,38.75,0.08690000000000146
1741,1741,75.375,44.625,0.08700000000000147
1743,1743,71.875,39.0,0.08710000000000147
1745,1745,72.375,42.375,0.08720000000000147
1747,1747,78.0,45.875,0.08730000000000147
1749,1749,74.125,44.375,0.08740000000000148
1751,1751,63.75,38.5,0.08750000000000148
1753,1753,82.125,48.5,0.08760000000000148
1755,1755,75.75,41.875,0.08770000000000149
1757,1757,89.5,46.0,0.08780000000000149
1759,1759,84.25,49.0,0.08790000000000149
1761,1761,88.25,44.875,0.0880000000000015
1763,1763,88.25,46.75,0.0881000000000015
1765,1765,61.125,36.0,0.0882000000000015
1767,1767,100.625,48.625,0.0883000000000015
1769,1769,63.25,42.25,0.0884000000000015
1771,1771,55.625,42.875,0.08850000000000151
1773,1773,86.75,47.75,0.08860000000000151
1775,1775,84.125,47.25,0.08870000000000151
1777,1777,82.0,48.5,0.08880000000000152
1779,1779,75.125,44.625,0.08890000000000152
1781,1781,57.25,46.25,0.08900000000000152
1783,1783,121.5,56.625,0.08910000000000153
1785,1785,88.5,47.25,0.08920000000000153
1787,1787,85.25,53.0,0.08930000000000153
1789,1789,93.75,47.875,0.08940000000000153
1791,1791,84.375,48.625,0.08950000000000154
1793,1793,72.25,40.75,0.08960000000000154
1795,1795,84.625,40.375,0.08970000000000154
1797,1797,84.25,48.5,0.08980000000000155
1799,1799,83.625,45.0,0.08990000000000155
1801,1801,71.75,44.25,0.09000000000000155
1803,1803,60.25,41.625,0.09010000000000155
1805,1805,84.375,46.875,0.09020000000000156
1807,1807,66.875,44.25,0.09030000000000156
1809,1809,92.375,45.375,0.09040000000000156
1811,1811,80.75,42.25,0.09050000000000157
1813,1813,72.625,43.25,0.09060000000000157
1815,1815,81.75,51.875,0.09070000000000157
1817,1817,68.0,38.75,0.09080000000000157
1819,1819,72.625,38.375,0.09090000000000158
1821,1821,69.5,42.0,0.09100000000000158
1823,1823,81.0,49.875,0.09110000000000158
1825,1825,74.625,44.375,0.09120000000000159
1827,1827,75.125,40.125,0.09130000000000159
1829,1829,87.375,45.25,0.09140000000000159
1831,1831,87.125,48.5,0.0915000000000016
1833,1833,82.25,47.625,0.0916000000000016
1835,1835,63.875,37.5,0.0917000000000016
1837,1837,65.375,43.75,0.0918000000000016
1839,1839,63.875,42.25,0.0919000000000016
1841,1841,68.375,41.75,0.09200000000000161
1843,1843,63.0,42.0,0.09210000000000161
1845,1845,64.125,43.375,0.09220000000000161
1847,1847,59.5,41.25,0.09230000000000162
1849,1849,62.25,46.875,0.09240000000000162
1851,1851,53.375,38.75,0.09250000000000162
1853,1853,69.25,41.375,0.09260000000000163
1855,1855,60.5,37.0,0.09270000000000163
1857,1857,49.875,34.125,0.09280000000000163
1859,1859,54.875,36.5,0.09290000000000163
1861,1861,67.625,38.375,0.09300000000000164
1863,1863,54.375,35.75,0.09310000000000164
1865,1865,71.125,50.125,0.09320000000000164
1867,1867,73.75,40.875,0.09330000000000165
1869,1869,59.25,37.25,0.09340000000000165
1871,1871,67.125,37.875,0.09350000000000165
1873,1873,53.875,38.75,0.09360000000000165
1875,1875,52.0,37.5,0.09370000000000166
1877,1877,56.125,36.125,0.09380000000000166
1879,1879,62.5,38.875,0.09390000000000166
1881,1881,51.25,34.0,0.09400000000000167
1883,1883,73.875,44.25,0.09410000000000167
1885,1885,54.375,37.125,0.09420000000000167
1887,1887,64.0,49.125,0.09430000000000167
1889,1889,70.75,47.5,0.09440000000000168
1891,1891,77.625,52.125,0.09450000000000168
1893,1893,53.375,43.125,0.09460000000000168
1895,1895,68.75,44.5,0.09470000000000169
1897,1897,56.625,40.25,0.09480000000000169
1899,1899,73.375,45.125,0.09490000000000169
1901,1901,61.5,45.875,0.0950000000000017
1903,1903,59.0,42.375,0.0951000000000017
1905,1905,59.875,37.0,0.0952000000000017
1907,1907,61.0,39.0,0.0953000000000017
1909,1909,79.125,48.0,0.0954000000000017
1911,1911,62.75,42.75,0.09550000000000171
1913,1913,81.125,48.125,0.09560000000000171
1915,1915,69.0,42.0,0.09570000000000171
1917,1917,75.375,43.875,0.09580000000000172
1919,1919,77.0,43.875,0.09590000000000172
1921,1921,73.375,46.5,0.09600000000000172
1923,1923,66.5,45.25,0.09610000000000173
1925,1925,63.0,42.25,0.09620000000000173
1927,1927,76.0,47.25,0.09630000000000173
1929,1929,74.0,49.0,0.09640000000000173
1931,1931,83.5,54.75,0.09650000000000174
1933,1933,69.5,43.0,0.09660000000000174
1935,1935,78.5,50.0,0.09670000000000174
1937,1937,74.5,43.125,0.09680000000000175
1939,1939,78.375,47.25,0.09690000000000175
1941,1941,76.75,47.5,0.09700000000000175
1943,1943,84.125,47.0,0.09710000000000175
1945,1945,93.375,50.0,0.09720000000000176
1947,1947,77.875,44.875,0.09730000000000176
1949,1949,102.125,55.625,0.09740000000000176
1951,1951,58.25,44.25,0.09750000000000177
1953,1953,75.125,41.75,0.09760000000000177
1955,1955,66.125,44.25,0.09770000000000177
1957,1957,79.0,49.75,0.09780000000000177
1959,1959,70.625,41.5,0.09790000000000178
1961,1961,69.625,40.125,0.09800000000000178
1963,1963,88.25,47.625,0.09810000000000178
1965,1965,82.625,48.75,0.09820000000000179
1967,1967,73.5,42.875,0.09830000000000179
1969,1969,73.375,43.375,0.09840000000000179
1971,1971,84.5,44.875,0.0985000000000018
1973,1973,68.5,48.5,0.0986000000000018
1975,1975,86.375,51.375,0.0987000000000018
1977,1977,80.875,49.75,0.0988000000000018
1979,1979,95.125,53.125,0.0989000000000018
1981,1981,67.5,49.0,0.09900000000000181
1983,1983,82.375,46.875,0.09910000000000181
1985,1985,86.75,58.5,0.09920000000000181
1987,1987,66.625,39.375,0.09930000000000182
1989,1989,75.25,42.875,0.09940000000000182
1991,1991,87.0,49.375,0.09950000000000182
1993,1993,89.375,47.875,0.09960000000000183
1995,1995,79.5,45.75,0.09970000000000183
1997,1997,73.875,45.0,0.09980000000000183
1999,1999,92.125,49.5,0.09990000000000183
2001,2001,69.25,44.5,0.10000000000000184
