,Residues,psi shift,phi shift,Max,Max BB
0,1,0.2970362970362971,0.004662004662004643,0.2970362970362971,psi
1,2,0.3246753246753247,0.0,0.3246753246753247,psi
2,3,0.10189810189810188,0.1371961371961372,0.1371961371961372,phi
3,4,0.013653013653013649,0.007659007659007696,0.013653013653013649,psi
4,5,0.012987012987012991,0.012321012321012334,0.012987012987012991,psi
5,6,0.6257076257076257,0.2843822843822844,0.6257076257076257,psi
6,7,0.0006660006660006547,0.00033300033300032736,0.0006660006660006547,psi
7,8,0.007992007992007968,0.0,0.007992007992007968,psi
8,9,0.04895104895104895,0.0,0.04895104895104895,psi
9,10,0.06993006993006991,0.0,0.06993006993006991,psi
10,11,0.0013320013320013094,0.00033300033300032736,0.0013320013320013094,psi
11,12,0.04595404595404595,0.0,0.04595404595404595,psi
12,13,0.0,0.0,0.0,psi
13,14,0.005994005994006004,0.0,0.005994005994006004,psi
14,15,0.012321012321012334,0.0,0.012321012321012334,psi
15,16,0.0,0.0,0.0,psi
16,17,0.0006660006660006547,0.0,0.0006660006660006547,psi
17,18,0.000999000999000982,0.0,0.000999000999000982,psi
18,19,0.00033300033300032736,0.0,0.00033300033300032736,psi
19,20,0.0,0.0,0.0,psi
20,21,0.00033300033300032736,0.0,0.00033300033300032736,psi
21,22,0.015318015318015337,0.0,0.015318015318015337,psi
22,23,0.00033300033300032736,0.0,0.00033300033300032736,psi
23,24,0.0016650016650016372,0.0,0.0016650016650016372,psi
24,25,0.019980019980019977,0.0,0.019980019980019977,psi
25,26,0.005994005994005949,0.0,0.005994005994005949,psi
26,27,0.00033300033300032736,0.022311022311022322,0.022311022311022322,phi
27,28,0.15417915417915418,0.0,0.15417915417915418,psi
28,29,0.4592074592074592,0.0,0.4592074592074592,psi
29,30,0.04062604062604066,0.0,0.04062604062604066,psi
30,31,0.0,0.0,0.0,psi
31,32,0.00033300033300032736,0.0,0.00033300033300032736,psi
32,33,0.016983016983016973,0.0,0.016983016983016973,psi
33,34,0.0,0.0,0.0,psi
34,35,0.0029970029970030018,0.0,0.0029970029970030018,psi
35,36,0.3296703296703297,0.0,0.3296703296703297,psi
36,37,0.03796203796203793,0.0,0.03796203796203793,psi
37,38,0.010323010323010315,0.0,0.010323010323010315,psi
38,39,0.16483516483516486,0.14818514818514816,0.16483516483516486,psi
39,40,0.09723609723609725,0.2117882117882118,0.2117882117882118,phi
40,41,0.00333000333000333,0.006660006660006658,0.006660006660006658,phi
41,42,0.09157509157509158,0.00033300033300032736,0.09157509157509158,psi
42,43,0.2737262737262738,0.0,0.2737262737262738,psi
43,44,0.008991008991009006,0.0006660006660006547,0.008991008991009006,psi
44,45,0.5521145521145521,0.0,0.5521145521145521,psi
45,46,0.08558108558108557,0.0,0.08558108558108557,psi
46,47,0.09390609390609393,0.0,0.09390609390609393,psi
47,48,0.023643023643023633,0.0019980019980020197,0.023643023643023633,psi
48,49,0.034299034299034324,0.053280053280053266,0.053280053280053266,phi
49,50,0.01631701631701632,0.0,0.01631701631701632,psi
50,51,0.0019980019980020197,0.0,0.0019980019980020197,psi
51,52,0.05627705627705627,0.0,0.05627705627705627,psi
52,53,0.00033300033300032736,0.0,0.00033300033300032736,psi
53,54,0.00965700965700966,0.0,0.00965700965700966,psi
54,55,0.10755910755910757,0.0,0.10755910755910757,psi
55,56,0.027639027639027612,0.0,0.027639027639027612,psi
56,57,0.043956043956043925,0.0,0.043956043956043925,psi
57,58,0.03263403263403264,0.0,0.03263403263403264,psi
58,59,0.16250416250416252,0.0,0.16250416250416252,psi
59,60,0.003330003330003329,0.0,0.003330003330003329,psi
60,61,0.02264402264402265,0.0,0.02264402264402265,psi
61,62,0.008991008991009006,0.0,0.008991008991009006,psi
62,63,0.00033300033300032736,0.0,0.00033300033300032736,psi
63,64,0.00033300033300032736,0.0,0.00033300033300032736,psi
64,65,0.00033300033300032736,0.0,0.00033300033300032736,psi
65,66,0.00033300033300032736,0.0,0.00033300033300032736,psi
66,67,0.0,0.0,0.0,psi
67,68,0.0,0.0,0.0,psi
68,69,0.012987012987012934,0.0,0.012987012987012934,psi
69,70,0.0,0.0,0.0,psi
70,71,0.2191142191142191,0.0,0.2191142191142191,psi
71,72,0.004662004662004639,0.0,0.004662004662004639,psi
72,73,0.13619713619713622,0.00033300033300032736,0.13619713619713622,psi
73,74,0.005328005328005342,0.0,0.005328005328005342,psi
74,75,0.10855810855810856,0.00033300033300032736,0.10855810855810856,psi
75,76,0.2883782883782884,0.00033300033300032736,0.2883782883782884,psi
76,77,0.03463203463203465,0.00033300033300032736,0.03463203463203465,psi
77,78,0.023310023310023305,0.0,0.023310023310023305,psi
78,79,0.03596403596403597,0.0026640026640026744,0.03596403596403597,psi
79,80,0.04395604395604399,0.0,0.04395604395604399,psi
80,81,0.003996003996003984,0.0,0.003996003996003984,psi
81,82,0.22277722277722278,0.0,0.22277722277722278,psi
82,83,0.2903762903762904,0.0,0.2903762903762904,psi
83,84,0.39760239760239763,0.6037296037296037,0.6037296037296037,phi
84,85,0.4165834165834166,0.2447552447552448,0.4165834165834166,psi
85,86,0.4269064269064269,0.24575424575424576,0.4269064269064269,psi
86,87,0.17082917082917087,0.0006660006660006547,0.17082917082917087,psi
87,88,0.11122211122211123,0.0,0.11122211122211123,psi
88,89,0.045288045288045246,0.0,0.045288045288045246,psi
89,90,0.1605061605061605,0.0759240759240759,0.1605061605061605,psi
90,91,0.12753912753912752,0.0,0.12753912753912752,psi
91,92,0.014652014652014628,0.30569430569430567,0.30569430569430567,phi
92,93,0.007659007659007691,0.016983016983016973,0.016983016983016973,phi
93,94,0.11188811188811187,0.0,0.11188811188811187,psi
94,95,0.0006660006660006547,0.0,0.0006660006660006547,psi
95,96,0.00033300033300032736,0.0,0.00033300033300032736,psi
96,97,0.0019980019980020197,0.0,0.0019980019980020197,psi
97,98,0.001332001332001365,0.0,0.001332001332001365,psi
98,99,0.027972027972027996,0.0,0.027972027972027996,psi
99,100,0.2231102231102231,0.0,0.2231102231102231,psi
100,101,0.16550116550116553,0.001998001998001964,0.16550116550116553,psi
101,102,0.28238428238428237,0.00033300033300032736,0.28238428238428237,psi
102,103,0.17815517815517812,0.041625041625041645,0.17815517815517812,psi
103,104,0.037962037962037926,0.0,0.037962037962037926,psi
104,105,0.005328005328005349,0.0,0.005328005328005349,psi
105,106,0.0009990009990010376,0.0,0.0009990009990010376,psi
106,107,0.042624042624042624,0.0,0.042624042624042624,psi
107,108,0.1255411255411255,0.0,0.1255411255411255,psi
108,109,0.0,0.0,0.0,psi
109,110,0.0006660006660006547,0.0,0.0006660006660006547,psi
110,111,0.15950715950715946,0.0,0.15950715950715946,psi
111,112,0.3486513486513486,0.0,0.3486513486513486,psi
112,113,0.02697302697302696,0.0,0.02697302697302696,psi
113,114,0.25840825840825843,0.00033300033300032736,0.25840825840825843,psi
114,115,0.19014319014319014,0.0016650016650016923,0.19014319014319014,psi
115,116,0.026307026307026304,0.000999000999000982,0.026307026307026304,psi
116,117,0.36097236097236096,0.06060606060606058,0.36097236097236096,psi
117,118,0.1208791208791209,0.05694305694305692,0.1208791208791209,psi
118,119,0.5188145188145188,0.0016650016650016923,0.5188145188145188,psi
