,CHI1,CHI2,CHI3,CHI4,RESIDUES
0,0.3571983571983572,0.4593184593184593,0.12365412365412366,0.0,1
1,0.5057165057165057,0.5061605061605061,0.0,0.0,2
2,0.17293817293817293,0.0,0.0,0.0,3
3,0.46087246087246087,0.5134865134865135,0.03285603285603286,0.0,4
4,0.2157842157842158,0.35520035520035514,0.011100011100011076,0.3050283050283051,5
5,0.47485847485847493,0.0,0.0,0.0,6
6,0.021090021090021102,0.342990342990343,0.0,0.0,7
7,0.09745809745809746,0.02597402597402594,0.2819402819402819,0.023532023532023525,8
8,0.015096015096015068,0.3514263514263514,0.0941280941280941,0.0,9
9,0.03996003996003996,0.45243645243645253,0.09390609390609393,0.030636030636030615,10
10,0.2486402486402486,0.27639027639027636,0.10767010767010769,0.07192807192807193,11
11,0.16339216339216336,0.0,0.0,0.0,12
12,0.0031080031080031293,0.07192807192807195,0.0,0.0,13
13,0.3363303363303363,0.5705405705405705,0.15096015096015097,0.0,14
14,0.027750027750027755,0.10767010767010765,0.1303141303141303,0.0,15
15,0.00022200022200021823,0.0,0.058608058608058615,0.06526806526806528,16
16,0.2746142746142746,0.0,0.0,0.0,17
17,0.39560439560439553,0.5971805971805971,0.11899211899211898,0.0,18
18,0.3165723165723166,0.04995004995004993,0.0,0.0,19
19,0.20623820623820624,0.0,0.0,0.0,20
20,0.40981240981240985,0.1815961815961816,0.37629037629037637,0.334998334998335,21
21,0.3523143523143523,0.2877122877122877,0.0,0.0,22
22,0.15717615717615718,0.5043845043845044,0.0,0.0,23
23,0.018870018870018893,0.5971805971805972,0.5074925074925075,0.013098013098013098,24
24,0.34165834165834164,0.5698745698745699,0.10722610722610722,0.0,25
25,0.14274614274614275,0.31457431457431456,0.2568542568542569,0.0,26
26,0.63003663003663,0.5931845931845933,0.0,0.0,27
27,0.023088023088023102,0.022422022422022448,0.0,0.0,28
28,0.00932400932400933,0.0,0.0,0.0,29
29,0.03552003552003551,0.34587634587634586,0.011544011544011546,0.37806637806637805,30
30,0.0013320013320013465,0.1181041181041181,0.0,0.0,31
31,0.02908202908202907,0.03396603396603395,0.0,0.0,32
32,0.12321012321012319,0.0,0.0,0.0,33
33,0.08125208125208123,0.06615606615606617,0.0,0.0,34
34,0.05572205572205574,0.21001221001221002,0.0,0.0,35
35,0.418026418026418,0.6049506049506049,0.09568209568209568,0.0,36
36,0.05727605727605726,0.006660006660006659,0.054612054612054615,0.013542013542013537,37
37,0.00022200022200021823,0.2697302697302697,0.0,0.0,38
38,0.1687201687201687,0.17071817071817072,0.22555222555222557,0.26462426462426464,39
39,0.0,0.0,0.0,0.0,40
40,0.17515817515817514,0.18603618603618602,0.19025419025419024,0.0,41
41,0.3938283938283938,0.27283827283827283,0.12654012654012656,0.19425019425019427,42
42,0.030636030636030664,0.4522144522144522,0.4593184593184593,0.0,43
43,0.1955821955821956,0.186036186036186,0.0,0.0,44
44,0.5026085026085026,0.5028305028305028,0.0,0.0,45
45,0.3565323565323566,0.0,0.0,0.0,46
46,0.08036408036408037,0.08635808635808634,0.0,0.0,47
47,0.2586302586302586,0.1667221667221667,0.0,0.0,48
48,0.4417804417804418,0.5594405594405595,0.08280608280608283,0.08702408702408704,49
49,0.20379620379620378,0.0,0.0,0.0,50
50,0.5392385392385391,0.017982017982017973,0.3056943056943057,0.1969141969141969,51
51,0.04040404040404039,0.18670218670218672,0.0,0.0,52
52,0.045732045732045735,0.11788211788211789,0.0,0.0,53
53,0.15295815295815296,0.0,0.0,0.0,54
54,0.4857364857364857,0.4837384837384837,0.0,0.0,55
55,0.11033411033411035,0.15873015873015872,0.0,0.0,56
56,0.005106005106005094,0.15895215895215892,0.0,0.0,57
57,0.017982017982017953,0.0,0.0,0.0,58
58,0.3558663558663559,0.23554223554223555,0.0,0.0,59
59,0.334998334998335,0.42579642579642574,0.3785103785103785,0.0,60
60,0.04884004884004883,0.0,0.0,0.0,61
61,0.5754245754245754,0.5945165945165946,0.20912420912420915,0.0,62
62,0.12143412143412147,0.10722610722610722,0.0,0.0,63
63,0.05083805083805085,0.15118215118215117,0.0,0.0,64
64,0.03330003330003331,0.05039405039405039,0.23665223665223664,0.11055611055611053,65
65,0.012876012876012857,0.043734043734043736,0.0,0.0,66
66,0.01798201798201798,0.26551226551226553,0.0,0.0,67
67,0.02708402708402707,0.00444000444000445,0.4402264402264402,0.11943611943611944,68
68,0.10656010656010652,0.22910422910422912,0.1554001554001554,0.11655011655011653,69
69,0.11632811632811635,0.346986346986347,0.05083805083805087,0.1946941946941947,70
70,0.11166611166611169,0.11211011211011211,0.0,0.0,71
71,0.020646020646020637,0.13408813408813408,0.19735819735819737,0.0,72
72,0.09523809523809527,0.09213009213009211,0.0,0.0,73
73,0.3336663336663337,0.1272061272061272,0.0,0.0,74
74,0.0,0.0,0.0,0.0,75
75,0.39826839826839827,0.12476412476412474,0.0,0.0,76
76,0.06016206016206018,0.09124209124209122,0.15051615051615053,0.0,77
77,0.0,0.0,0.0,0.0,78
78,0.11921411921411919,0.12920412920412924,0.0,0.0,79
79,0.04129204129204129,0.1514041514041514,0.0,0.0,80
80,0.2541902541902542,0.06549006549006545,0.0,0.0,81
81,0.1260961260961261,0.20335220335220336,0.0,0.0,82
82,0.3258963258963259,0.0,0.0,0.0,83
83,0.48862248862248864,0.37939837939837934,0.0,0.0,84
84,0.0,0.0,0.0,0.0,85
85,0.49927849927849927,0.25463425463425465,0.0,0.0,86
86,0.4586524586524587,0.0,0.0,0.0,87
87,0.3842823842823843,0.5907425907425908,0.08325008325008323,0.0,88
88,0.28948828948828953,0.0,0.0,0.0,89
89,0.21778221778221776,0.0,0.0,0.0,90
90,0.4309024309024309,0.0,0.0,0.0,91
91,0.14141414141414144,0.0,0.0,0.0,92
92,0.40182040182040185,0.0,0.0,0.0,93
93,0.5605505605505605,0.5603285603285603,0.0,0.0,94
94,0.1778221778221778,0.1989121989121989,0.0,0.0,95
95,0.13764013764013763,0.0,0.0,0.0,96
96,0.5645465645465646,0.5865245865245866,0.13564213564213565,0.0,97
97,0.020646020646020665,0.0,0.0,0.0,98
98,0.0,0.0,0.0,0.0,99
99,0.48484848484848486,0.566988566988567,0.12964812964812963,0.0,100
100,0.46975246975246976,0.0,0.0,0.0,101
101,0.584970584970585,0.5865245865245866,0.16627816627816625,0.0,102
102,0.04306804306804308,0.00999000999000997,0.07992007992007993,0.14030414030414032,103
103,0.023088023088023064,0.18048618048618048,0.0,0.0,104
104,0.578976578976579,0.584970584970585,0.14274614274614272,0.0,105
105,0.053058053058053084,0.057720057720057706,0.0,0.0,106
106,0.0,0.0,0.0,0.0,107
107,0.0,0.06882006882006882,0.0,0.0,108
108,0.009546009546009532,0.35009435009435014,0.0,0.0,109
109,0.0,0.001776001776001783,0.0,0.0,110
110,0.19802419802419802,0.0019980019980019867,0.11943611943611943,0.0,111
111,0.2908202908202908,0.0,0.0,0.0,112
112,0.0,0.07370407370407368,0.0,0.0,113
113,0.0,0.0,0.0,0.0,114
114,0.14940614940614938,0.0,0.0,0.0,115
115,0.1398601398601399,0.03552003552003551,0.33966033966033965,0.0,116
116,0.5008325008325009,0.21267621267621264,0.13053613053613056,0.0,117
117,0.20157620157620162,0.0,0.0,0.0,118
118,0.34143634143634144,0.1480741480741481,0.0,0.0,119
