,Ri,Ri region,Rj,Rj region,Unique to PRE or UNB
0,4,M Nterm,9,M Nterm,PRE
1,4,M Nterm,39,M L3,PRE
2,5,M Nterm,9,M Nterm,PRE
3,8,M Nterm,12,M Nterm,PRE
4,10,M Nterm,36,M B1,PRE
5,23,HP1,51,HP1,PRE
6,24,R H2,103,R L7,PRE
7,24,R H2,107,R L7,PRE
8,28,R L2,31,R B1,PRE
9,35,HP2,63,HP2,PRE
10,37,M B1,43,M L3,PRE
11,38,M L3,82,M B3,PRE
12,38,M L3,118,M Cterm,PRE
13,41,M L3,113,R B4,PRE
14,43,M L3,115,M Cterm,PRE
15,44,M L3,78,R L5,PRE
16,47,R L3,52,HP2,PRE
17,48,R L3,70,HP2,PRE
18,49,R L3,52,HP2,PRE
19,49,R L3,70,HP2,PRE
20,69,R H3,73,R L5,PRE
21,73,R L5,77,R L5,PRE
22,82,M B3,118,M Cterm,PRE
23,83,R L6,112,M B4,PRE
24,84,M L6,111,R B4,PRE
25,84,M L6,112,M B4,PRE
26,85,M L6,119,M Cterm,PRE
27,86,R L6,119,M Cterm,PRE
28,87,R L6,119,M Cterm,PRE
29,90,R L6,93,R L6,PRE
30,104,R L7,109,R B4,PRE
31,20,R H2,25,R H2,UNB
32,24,R H2,30,R B1,UNB
33,24,R H2,31,R B1,UNB
34,24,R H2,32,HP1,UNB
35,28,R L2,56,R L4,UNB
36,35,HP2,49,R L3,UNB
37,52,HP2,63,HP2,UNB
38,58,HP2,66,HP2,UNB
39,60,R H3,92,R L6,UNB
40,61,R H3,88,R L6,UNB
41,61,R H3,89,R L6,UNB
42,61,R H3,90,R L6,UNB
43,64,R H3,88,R L6,UNB
44,64,R H3,89,R L6,UNB
45,79,R L5,89,R L6,UNB
46,80,M B3,87,R L6,UNB
47,80,M B3,89,R L6,UNB
48,81,R ,86,R L6,UNB
49,81,R ,89,R L6,UNB
50,82,M B3,85,M L6,UNB
51,82,M B3,117,M Cterm,UNB
52,87,R L6,91,R L6,UNB
53,88,R L6,102,R H4,UNB
54,102,R H4,108,HP1,UNB
55,116,M Cterm,119,M Cterm,UNB
0,38,M L3,121,R Ext Cterm,PRE
1,39,M L3,125,R Ext Cterm,PRE
2,83,R L6,122,R Ext Cterm,PRE
3,84,M L6,121,R Ext Cterm,PRE
4,84,M L6,122,R Ext Cterm,PRE
5,84,M L6,123,R Ext Cterm,PRE
6,84,M L6,124,R Ext Cterm,PRE
7,85,M L6,122,R Ext Cterm,PRE
8,86,R L6,122,R Ext Cterm,PRE
9,119,M Cterm,121,R Ext Cterm,PRE
10,120,M Cterm,121,R Ext Cterm,PRE
11,120,M Cterm,122,R Ext Cterm,PRE
12,121,R Ext Cterm,122,R Ext Cterm,PRE
13,121,R Ext Cterm,123,R Ext Cterm,PRE
14,122,R Ext Cterm,123,R Ext Cterm,PRE
15,122,R Ext Cterm,124,R Ext Cterm,PRE
16,123,R Ext Cterm,124,R Ext Cterm,PRE
17,123,R Ext Cterm,125,R Ext Cterm,PRE
18,124,R Ext Cterm,125,R Ext Cterm,PRE
