,Ri,Ri region,Rj,Rj region,Unique to PRE or BND
0,4,M Nterm,9,M Nterm,PRE
1,4,M Nterm,39,M L3,PRE
2,5,M Nterm,9,M Nterm,PRE
3,8,M Nterm,12,M Nterm,PRE
4,10,M Nterm,36,M B1,PRE
5,17,R H2,105,R L7,PRE
6,23,HP1,51,HP1,PRE
7,23,HP1,108,HP1,PRE
8,24,R H2,103,R L7,PRE
9,24,R H2,107,R L7,PRE
10,28,R L2,31,R B1,PRE
11,35,HP2,63,HP2,PRE
12,38,M L3,82,M B3,PRE
13,47,R L3,50,R L3,PRE
14,48,R L3,70,HP2,PRE
15,49,R L3,70,HP2,PRE
16,51,HP1,108,HP1,PRE
17,52,HP2,66,HP2,PRE
18,52,HP2,67,HP2,PRE
19,67,HP2,72,R L5,PRE
20,68,R H3,78,R L5,PRE
21,82,M B3,118,M Cterm,PRE
22,83,R L6,112,M B4,PRE
23,84,M L6,111,R B4,PRE
24,84,M L6,112,M B4,PRE
25,86,R L6,119,M Cterm,PRE
26,87,R L6,119,M Cterm,PRE
27,90,R L6,93,R L6,PRE
28,104,R L7,109,R B4,PRE
29,20,R H2,25,R H2,BND
30,24,R H2,29,R L2,BND
31,24,R H2,30,R B1,BND
32,24,R H2,31,R B1,BND
33,24,R H2,32,HP1,BND
34,28,R L2,56,R L4,BND
35,35,HP2,49,R L3,BND
36,36,M B1,110,R B4,BND
37,58,HP2,66,HP2,BND
38,60,R H3,92,R L6,BND
39,61,R H3,88,R L6,BND
40,61,R H3,89,R L6,BND
41,61,R H3,90,R L6,BND
42,64,R H3,88,R L6,BND
43,64,R H3,89,R L6,BND
44,79,R L5,89,R L6,BND
45,80,M B3,87,R L6,BND
46,80,M B3,89,R L6,BND
47,81,R ,86,R L6,BND
48,81,R ,89,R L6,BND
49,82,M B3,85,M L6,BND
50,82,M B3,116,M Cterm,BND
51,82,M B3,117,M Cterm,BND
52,87,R L6,91,R L6,BND
53,87,R L6,117,M Cterm,BND
54,102,R H4,108,HP1,BND
