,chi3MET1.xvg,chi3GLU4.xvg,chi3LYS5.xvg,chi3LYS8.xvg,chi3GLN9.xvg,chi3ARG10.xvg,chi3ARG11.xvg,chi3GLU14.xvg,chi3GLN15.xvg,chi3ARG16.xvg,chi3GLU18.xvg,chi3ARG21.xvg,chi3ARG24.xvg,chi3GLU25.xvg,chi3GLN26.xvg,chi3LYS30.xvg,chi3GLU36.xvg,chi3ARG37.xvg,chi3LYS39.xvg,chi3GLU41.xvg,chi3LYS42.xvg,chi3GLN43.xvg,chi3LYS49.xvg,chi3LYS51.xvg,chi3MET60.xvg,chi3GLU62.xvg,chi3LYS65.xvg,chi3ARG68.xvg,chi3ARG69.xvg,chi3ARG70.xvg,chi3GLN72.xvg,chi3GLN77.xvg,chi3MET88.xvg,chi3GLU97.xvg,chi3GLU100.xvg,chi3GLU102.xvg,chi3LYS103.xvg,chi3GLU105.xvg,chi3MET111.xvg,chi3GLN116.xvg,chi3GLU117.xvg,chi3MET121.xvg,chi3LYS122.xvg
0,1,0,0,1,2,2,1,0,2,2,0,0,2,2,1,1,2,0,1,0,1,0,1,0,0,2,1,0,2,1,1,2,0,1,2,2,1,2,1,0,2,1,1
1,1,2,1,1,2,1,2,1,2,2,2,0,1,0,1,1,2,0,1,0,1,2,1,1,1,0,0,1,2,1,0,0,1,0,1,2,1,0,0,1,0,1,1
2,0,0,1,1,1,1,2,2,1,2,0,0,2,1,2,1,2,0,1,0,1,1,1,2,1,0,0,1,0,1,1,0,1,1,1,2,0,1,0,1,2,1,2
3,1,0,1,1,2,0,2,0,0,2,0,0,2,2,1,1,2,0,2,0,1,1,2,1,1,2,2,1,1,1,1,2,1,2,1,0,1,0,0,2,1,1,0
4,0,0,1,1,1,1,2,1,2,2,0,0,2,1,1,1,1,0,1,0,1,1,1,0,1,0,1,2,1,1,1,0,1,2,1,2,1,2,1,0,1,2,1
5,0,2,1,1,0,1,2,2,0,2,0,0,2,1,1,1,2,0,1,0,1,0,1,1,1,1,1,2,1,0,0,2,1,0,1,2,1,1,2,2,2,1,1
6,2,2,1,1,2,1,1,2,2,2,1,0,2,1,1,1,2,0,1,0,1,1,1,1,1,1,1,2,1,1,1,0,1,0,2,2,1,0,2,2,1,0,1
7,1,0,1,1,2,2,1,2,2,2,1,0,0,1,0,1,2,0,1,0,2,1,1,1,1,1,1,2,1,1,0,1,2,1,2,2,1,2,2,1,1,2,2
8,1,2,1,1,2,1,0,2,2,2,1,0,0,2,0,1,2,0,1,0,1,1,1,1,1,1,2,2,1,1,1,1,2,2,2,2,1,0,2,1,0,1,1
9,1,0,1,1,2,2,1,2,2,2,1,0,0,0,2,1,0,0,1,0,1,1,1,1,1,1,1,2,0,1,0,1,2,0,1,2,1,0,2,2,1,1,1
10,1,2,1,1,2,2,1,1,1,2,1,0,0,0,2,1,0,0,1,0,1,1,0,1,1,1,1,2,2,1,2,1,2,2,2,2,1,2,2,2,1,1,1
11,1,0,1,1,0,2,2,1,2,2,1,0,0,2,0,1,1,0,1,0,1,1,1,1,2,2,1,2,1,2,0,2,2,0,2,2,1,1,2,0,1,1,1
12,1,2,0,1,2,2,2,2,0,1,1,0,1,2,0,1,2,0,1,0,1,1,1,1,2,1,1,1,0,1,1,1,1,1,2,2,1,0,1,2,1,0,1
13,2,0,2,1,2,2,1,2,2,1,1,0,1,1,1,1,0,0,1,0,1,1,1,1,1,1,1,2,2,1,0,0,0,0,2,1,0,2,0,1,1,0,1
14,1,2,1,1,2,2,1,1,2,1,1,0,1,2,2,1,0,0,0,0,1,1,1,1,0,0,1,2,0,1,1,1,0,0,2,0,1,0,2,2,1,0,1
15,1,0,1,1,0,2,1,2,2,1,1,0,1,1,2,1,0,0,0,0,1,1,1,0,2,0,0,2,0,1,0,0,1,0,0,0,1,0,2,1,2,1,0
16,1,0,1,1,2,2,0,1,0,1,1,0,1,2,1,1,1,0,1,0,1,1,1,2,1,0,1,2,1,1,0,0,1,0,1,0,1,1,2,1,1,2,1
17,2,0,1,1,0,2,0,0,0,1,1,0,1,2,2,2,1,0,1,0,1,1,1,2,1,0,1,2,2,1,0,0,1,0,1,1,1,1,0,1,0,1,1
18,1,0,1,1,2,0,0,0,0,1,2,2,1,2,1,1,1,0,1,0,1,1,1,1,2,0,1,2,1,1,1,1,2,0,0,0,1,2,2,1,2,0,1
19,1,0,1,1,2,1,1,2,2,1,0,2,1,2,0,1,1,0,1,0,1,1,1,0,0,0,1,1,1,1,2,2,0,0,0,2,1,1,1,1,2,0,1
20,1,0,1,1,1,1,2,0,1,2,2,2,1,0,1,1,1,0,1,0,1,1,1,0,1,0,1,1,1,1,0,0,1,1,2,2,1,1,2,1,2,1,1
21,1,2,1,1,2,1,1,0,2,1,2,2,1,1,1,1,2,0,1,0,1,1,1,0,1,0,1,2,1,1,1,1,2,1,0,0,1,2,2,1,1,2,1
22,2,2,1,1,2,1,1,0,2,1,0,2,0,1,1,1,0,0,0,0,1,1,1,0,1,1,1,2,1,1,1,2,1,2,2,2,0,2,1,1,1,0,1
23,1,2,1,1,2,1,1,1,2,1,2,2,1,2,2,1,0,0,0,0,1,1,1,2,1,1,1,2,1,1,2,0,2,0,1,2,1,1,2,0,0,2,1
24,1,2,1,1,2,2,2,0,2,1,1,0,1,0,1,1,1,0,1,0,1,1,1,1,2,0,1,2,0,1,0,0,1,1,1,2,1,0,2,0,1,1,1
25,2,2,1,1,2,1,2,2,0,1,1,0,1,1,0,1,1,0,1,0,1,1,1,1,1,1,1,2,1,1,1,0,2,1,2,0,1,1,0,0,1,2,1
26,1,0,1,1,0,1,1,0,0,1,1,0,1,1,1,1,0,0,1,0,1,1,1,1,1,1,1,2,0,1,1,0,2,1,0,1,1,0,2,1,0,1,0
27,1,0,1,1,2,1,1,1,0,1,1,0,1,1,1,1,0,0,1,0,1,1,1,1,2,1,1,2,1,1,1,2,2,0,0,2,1,0,2,1,0,1,1
28,2,2,1,1,0,1,1,1,0,1,1,0,1,0,1,1,1,0,1,0,1,1,1,1,2,2,1,2,1,1,1,2,2,0,0,1,1,0,2,1,1,0,2
29,1,2,1,1,1,1,1,2,0,1,1,0,1,1,1,1,1,0,0,0,1,1,1,2,2,1,1,2,1,1,2,1,2,0,1,1,1,1,2,1,0,1,1
30,0,0,1,1,1,0,2,1,1,1,1,0,1,0,0,1,1,0,1,0,1,1,1,1,2,1,1,2,1,2,2,1,1,0,0,2,1,0,2,1,1,1,1
31,1,0,1,1,0,1,1,0,1,1,1,0,1,0,1,1,0,0,1,0,1,1,1,2,2,1,1,2,1,1,1,0,1,0,1,0,2,0,2,1,1,1,1
32,1,0,1,1,0,0,1,1,2,1,1,0,1,1,0,1,0,0,1,0,0,1,0,1,1,1,1,2,1,1,2,1,1,1,0,2,2,0,0,1,1,1,1
33,1,0,1,1,0,1,1,1,0,1,1,0,1,0,1,1,0,0,1,0,1,1,1,0,2,0,1,2,1,2,1,2,2,1,0,0,2,1,2,1,2,1,1
34,1,2,1,1,0,1,1,0,2,2,1,0,1,1,1,1,1,0,2,0,1,1,1,1,2,0,1,1,1,1,0,0,1,1,2,0,2,2,2,1,1,1,1
35,1,0,1,1,2,0,1,0,0,1,1,0,1,1,1,1,1,0,1,0,2,1,1,1,2,0,1,1,1,2,1,2,1,2,1,1,1,1,2,1,2,1,1
36,2,0,1,1,1,1,0,0,2,1,1,0,1,1,2,1,0,0,2,0,1,1,1,1,2,2,1,2,1,0,1,0,1,0,1,2,1,1,0,1,0,0,1
37,1,0,1,2,2,0,1,1,2,1,1,0,1,1,1,1,0,0,1,0,1,1,1,1,2,0,1,1,1,2,1,1,1,1,0,1,1,1,0,1,1,1,1
38,0,2,0,1,0,1,0,1,0,2,1,0,1,0,2,1,2,0,1,0,1,1,1,1,1,0,1,1,1,1,1,1,2,2,0,1,1,2,0,1,1,1,1
39,1,2,2,1,1,0,0,2,2,2,1,0,1,0,1,1,0,0,1,0,1,1,1,1,1,2,1,1,1,0,1,0,2,2,0,1,1,0,2,1,1,1,1
40,1,2,1,1,2,2,1,1,1,2,1,0,1,0,1,1,2,0,1,0,1,1,1,1,1,1,1,1,1,0,0,2,1,0,0,1,1,0,2,1,2,1,1
41,1,2,1,1,0,2,1,0,0,2,1,0,1,0,2,1,0,0,1,0,1,1,0,1,1,1,1,1,1,2,1,0,2,0,0,1,1,0,0,1,2,1,1
42,0,0,1,1,2,1,1,1,1,2,1,0,1,1,1,1,2,0,2,0,1,1,1,2,2,1,1,1,1,1,1,0,0,1,0,1,1,1,1,1,2,2,1
43,0,0,1,1,2,1,1,1,1,2,1,0,1,2,0,0,2,0,1,0,1,1,1,0,1,0,1,1,1,0,0,0,1,0,2,2,1,0,2,1,0,1,1
44,0,2,1,1,0,1,1,1,0,2,1,0,1,1,0,1,0,0,1,0,1,1,1,2,2,0,1,2,1,1,1,0,1,0,0,0,1,1,1,1,0,1,1
45,1,0,1,1,2,2,1,1,0,2,0,0,1,1,1,1,2,0,2,0,1,1,0,0,2,0,1,2,1,1,1,2,1,0,1,0,1,1,1,1,0,1,1
46,0,1,1,1,2,2,1,1,2,2,0,0,1,1,1,1,0,0,2,0,1,1,1,0,2,0,1,1,2,1,1,1,1,0,1,0,1,0,1,1,2,1,2
47,1,0,1,1,2,1,0,0,2,2,0,0,1,1,1,1,2,0,1,0,1,1,1,1,2,0,1,1,1,1,1,0,2,0,1,0,1,1,1,1,0,0,1
48,1,0,1,1,2,1,0,0,2,2,0,0,0,1,0,1,0,0,2,0,1,1,1,1,2,1,1,1,1,1,1,2,2,0,1,1,0,0,1,1,2,1,1
49,1,2,2,1,2,1,1,1,2,2,0,0,1,0,1,1,2,0,1,0,1,1,1,1,2,1,1,1,1,2,1,1,1,0,2,1,1,1,1,1,0,1,1
50,1,0,1,1,2,1,1,0,0,2,0,0,1,2,1,1,2,0,1,0,1,1,1,1,2,0,1,1,2,1,1,2,1,0,0,1,1,1,1,1,2,1,1
51,1,0,1,1,2,1,1,0,2,2,2,0,1,1,1,1,2,0,1,0,1,1,1,1,2,2,1,1,1,1,1,1,1,0,1,1,1,0,1,1,0,1,1
52,1,1,1,1,2,2,1,1,2,2,2,0,1,0,1,1,2,0,1,0,1,1,1,1,2,0,1,1,2,1,1,1,2,1,1,1,1,0,0,1,1,0,0
53,0,0,1,1,1,2,0,1,0,2,0,0,1,1,1,1,2,0,1,0,2,1,1,1,2,0,1,1,1,1,2,2,1,1,1,2,1,2,1,1,2,2,0
54,2,1,1,1,2,2,0,0,0,2,0,0,1,0,1,1,1,0,1,0,2,1,1,2,2,1,1,1,0,1,1,0,2,1,1,2,1,1,1,1,1,0,1
55,0,2,2,1,2,2,0,0,0,2,1,2,1,0,2,1,1,0,1,0,1,1,1,1,2,1,1,1,1,1,1,2,1,0,0,0,1,1,1,1,1,1,2
56,2,0,1,1,1,1,1,1,2,2,2,2,1,0,1,1,1,0,1,0,2,1,1,1,2,1,1,1,0,1,1,0,1,2,1,2,1,0,1,1,1,1,1
57,1,0,1,1,2,2,1,1,2,2,2,2,1,0,1,1,1,0,1,0,1,1,1,1,0,1,1,1,2,1,1,2,1,0,0,0,1,2,1,1,0,1,1
58,0,0,1,1,2,2,1,0,2,2,2,2,1,1,1,1,1,0,1,0,1,1,0,1,1,2,1,0,2,1,0,0,1,2,0,0,0,2,1,0,2,1,2
59,1,2,1,1,2,2,1,0,2,2,0,2,1,1,2,1,0,0,1,0,1,1,0,0,2,0,1,0,2,1,0,0,2,0,0,0,1,1,1,0,0,2,1
60,1,0,1,1,2,2,1,1,0,2,1,2,1,1,1,1,1,0,1,0,1,1,1,0,2,0,1,2,2,1,1,0,2,0,0,0,1,1,1,0,0,2,1
61,0,2,1,1,1,1,1,0,2,2,2,2,1,2,0,1,1,0,1,0,1,1,1,1,2,1,1,2,2,1,0,0,2,1,1,0,0,0,1,0,1,0,1
62,0,0,1,1,1,2,0,0,2,2,2,2,1,0,1,1,1,0,1,0,1,1,1,1,1,1,0,2,2,1,0,0,2,1,1,0,1,0,1,0,0,0,1
63,0,0,1,1,1,2,0,2,2,2,2,2,1,1,2,1,2,0,1,0,2,1,1,1,1,1,1,2,2,2,1,1,2,0,0,0,1,2,1,0,0,0,1
64,1,0,1,1,2,2,2,1,0,2,1,0,1,0,0,1,2,0,1,0,1,1,1,0,1,1,1,2,2,1,0,0,1,2,1,0,1,1,2,0,2,0,1
65,1,0,1,1,0,2,2,1,2,2,2,0,1,0,1,1,0,0,1,0,1,1,1,1,1,1,1,2,2,1,2,0,1,0,1,0,1,2,2,0,1,0,1
66,1,2,1,1,1,2,1,2,2,2,2,0,1,0,2,1,0,0,1,0,1,1,1,1,1,0,1,1,2,1,1,0,1,2,1,1,1,1,2,0,0,1,1
67,1,0,1,1,2,1,1,0,1,2,0,0,1,1,1,1,0,0,1,0,1,1,1,1,1,0,1,1,2,1,2,2,1,0,1,1,1,0,1,0,1,0,1
68,1,1,1,1,1,2,0,1,2,2,0,0,1,2,1,1,2,0,1,0,1,1,1,0,1,1,1,2,2,1,1,1,2,1,2,1,1,0,2,0,0,1,1
69,2,0,1,2,0,1,2,0,0,2,0,0,1,0,0,1,2,0,1,0,1,1,1,2,1,1,1,2,0,1,1,0,2,2,1,1,1,0,1,0,2,1,1
70,1,2,1,1,0,2,1,0,0,2,0,0,1,1,1,1,1,0,1,0,1,2,1,2,0,1,1,1,1,1,1,0,1,0,2,0,1,2,2,0,1,0,1
71,1,1,1,1,0,2,1,1,2,2,0,0,1,1,1,1,2,0,1,0,1,1,1,1,0,2,1,1,1,1,2,0,2,1,1,0,1,1,2,1,1,2,1
72,2,1,0,1,0,1,1,2,2,2,0,0,1,0,2,1,1,0,1,0,1,2,1,2,1,1,1,1,2,1,1,0,2,1,2,0,1,0,2,1,1,2,1
73,0,0,1,1,0,1,0,0,2,2,0,0,1,0,1,1,2,0,1,0,1,1,1,1,1,1,1,2,1,1,2,2,1,0,2,0,1,1,2,1,0,1,1
74,0,2,1,1,0,1,0,1,2,2,1,0,1,0,1,1,1,0,1,0,1,1,1,1,1,2,1,2,1,1,2,2,1,1,2,0,1,0,2,1,1,2,1
75,1,2,1,1,2,2,0,0,2,2,1,0,1,2,1,1,2,0,1,0,2,1,1,0,1,0,1,2,1,1,2,0,1,1,2,0,1,2,2,1,1,0,1
76,1,0,1,1,1,2,0,2,2,2,1,0,1,1,2,1,1,0,1,0,1,1,1,2,1,1,1,2,1,1,1,0,1,1,0,0,1,2,2,1,2,1,1
77,0,2,1,1,0,1,0,1,2,2,1,0,1,0,2,1,2,0,1,0,1,1,1,1,1,0,1,2,1,1,0,1,1,1,1,2,1,0,1,1,2,1,1
78,0,0,1,1,2,1,2,0,2,2,1,0,1,1,1,1,2,0,0,0,1,1,0,1,2,1,1,2,1,1,1,0,1,2,2,0,1,1,2,1,1,1,1
79,1,2,2,1,1,1,1,0,0,2,1,0,1,1,1,1,2,0,1,0,1,1,1,1,2,1,1,2,1,1,1,2,1,2,1,0,1,1,2,1,0,2,1
80,2,0,1,1,2,1,2,2,2,1,2,0,1,1,1,1,1,0,1,0,1,1,1,2,2,0,1,2,0,1,1,0,2,1,1,2,1,2,2,1,0,2,1
81,1,0,1,1,0,2,2,1,2,2,0,0,1,1,1,1,1,0,0,0,1,1,2,1,2,1,1,2,0,1,0,0,1,0,2,1,1,2,2,1,2,2,1
82,0,0,1,1,2,2,2,2,0,2,0,0,1,0,0,1,0,0,1,0,2,1,1,0,2,1,1,2,1,1,1,0,2,0,1,2,1,0,1,1,1,1,0
83,1,2,0,1,0,2,2,0,2,2,0,0,1,0,2,1,0,0,1,0,1,1,1,1,2,1,1,2,1,1,1,2,1,1,1,2,1,1,2,1,1,2,2
84,1,2,1,1,2,1,2,2,2,2,2,0,1,1,0,1,0,0,1,0,1,1,1,2,2,1,1,2,1,1,2,0,1,0,0,2,1,0,2,1,1,2,0
85,0,1,1,1,0,1,2,0,2,2,0,0,1,0,2,1,0,0,1,0,1,1,1,2,2,1,1,2,1,1,2,2,1,2,0,2,1,0,2,1,1,0,1
86,1,1,0,1,1,2,0,2,2,2,0,0,1,0,0,1,0,0,1,0,2,1,1,1,2,1,1,2,1,1,1,0,1,1,0,2,1,0,2,1,2,2,1
87,0,2,1,1,0,2,2,1,2,2,2,0,1,0,1,1,0,0,1,0,1,1,1,1,2,1,1,2,2,1,0,2,2,2,2,2,1,2,2,1,1,2,1
88,2,2,1,1,1,1,2,1,1,2,2,0,1,0,0,1,0,0,1,0,1,2,1,1,0,0,1,2,2,1,1,0,1,0,0,2,1,1,2,1,1,1,1
89,2,1,1,1,0,1,2,1,0,2,0,0,1,0,1,1,0,0,1,0,1,0,1,1,2,0,1,2,0,1,0,2,1,1,0,2,1,2,2,1,2,2,1
90,1,2,1,1,0,1,2,1,1,2,2,0,1,2,1,1,0,0,1,0,1,1,1,0,2,1,1,2,2,1,1,0,0,1,0,0,1,2,2,1,2,1,1
91,1,0,1,1,0,1,0,2,1,2,1,0,1,1,2,1,1,0,1,0,1,1,1,1,2,1,1,2,1,1,2,2,2,1,0,2,1,2,2,0,2,1,2
92,0,2,1,1,0,1,0,0,1,2,1,0,1,1,0,1,2,0,0,0,1,1,1,1,2,1,1,2,1,1,2,2,1,2,1,2,1,1,2,1,2,1,1
93,0,0,1,1,0,1,0,1,2,2,1,0,1,1,0,1,1,0,1,0,1,0,1,1,2,2,1,2,0,1,2,2,2,0,0,2,1,2,2,1,1,1,1
94,2,2,1,1,0,2,0,2,0,1,1,0,1,1,0,1,1,0,1,0,2,1,1,0,2,1,1,2,1,1,0,0,1,0,0,2,1,0,2,1,1,2,1
95,1,2,1,1,0,1,0,0,2,2,2,0,1,2,1,1,2,0,1,0,1,1,1,1,2,1,1,2,0,1,2,0,2,0,1,2,1,0,2,1,1,0,0
96,2,2,1,1,0,1,2,1,1,2,0,0,1,2,1,1,2,0,0,0,1,0,1,0,2,1,1,2,0,1,2,0,2,0,2,1,1,0,2,1,1,2,1
97,1,1,1,1,0,1,1,1,1,2,2,0,1,1,1,1,2,0,1,0,1,0,1,1,2,0,1,2,1,1,2,2,1,2,1,1,1,0,2,1,0,2,1
98,1,0,1,1,0,1,1,0,1,2,1,0,1,2,1,1,0,0,1,0,1,2,0,1,2,0,1,2,1,1,1,2,1,0,1,1,1,0,2,2,2,1,1
99,0,2,1,1,0,1,1,1,2,2,1,0,1,0,2,1,0,0,1,0,1,1,1,1,2,0,1,2,1,1,1,1,1,2,1,1,1,1,2,1,1,0,1
100,1,1,1,1,0,0,1,1,1,2,1,0,1,0,2,1,2,0,1,0,1,1,1,0,2,0,1,2,1,1,2,2,1,0,2,1,1,0,2,0,1,1,1
101,1,2,1,1,2,0,1,2,2,2,1,0,1,0,1,1,0,0,1,0,1,1,1,1,2,2,1,1,1,1,1,0,0,0,1,1,1,1,2,1,2,1,1
102,1,1,2,1,2,1,1,1,2,2,1,0,1,1,2,1,0,0,1,0,1,1,1,1,2,1,1,1,1,1,0,0,1,1,2,1,1,1,2,1,1,1,0
103,0,0,1,1,2,0,1,1,2,2,2,0,1,0,1,1,0,0,1,0,2,0,1,0,2,0,1,1,1,1,2,2,1,1,1,0,1,1,1,1,0,2,1
104,2,2,1,1,2,2,1,2,2,2,0,0,1,2,1,1,0,0,1,0,1,1,1,1,2,0,1,1,1,1,1,1,1,1,1,2,1,0,2,1,1,0,1
105,2,0,0,1,1,2,1,1,2,2,0,0,1,2,1,1,0,0,1,0,2,1,1,1,2,0,1,1,1,1,1,2,1,0,1,2,1,2,1,1,1,0,1
106,1,0,1,1,2,1,1,1,2,2,1,0,1,1,1,1,0,0,1,0,1,1,1,1,2,1,1,1,1,1,2,2,1,0,0,1,1,0,2,1,1,2,2
107,2,0,1,1,0,1,1,1,2,2,1,0,1,2,1,1,0,0,1,0,2,1,1,1,2,0,1,1,1,1,1,2,2,0,1,0,1,0,2,1,2,2,1
108,0,1,1,1,0,1,1,1,2,2,2,0,1,0,1,1,2,0,0,0,1,2,1,1,2,0,1,1,0,1,1,2,1,2,0,0,0,1,2,1,1,1,1
109,1,1,0,1,0,1,1,1,2,2,0,0,1,1,1,1,2,0,2,0,2,1,1,1,1,1,1,1,0,1,1,1,1,0,1,1,1,1,2,1,1,1,1
110,2,0,2,1,0,1,1,1,2,2,0,0,1,1,1,1,1,0,2,0,1,1,1,0,1,2,1,1,2,1,2,1,1,1,0,0,1,0,2,1,2,1,1
111,1,2,1,1,0,1,1,1,2,2,0,0,1,1,1,1,1,0,2,0,1,1,1,1,1,0,1,1,2,1,1,2,1,1,1,2,1,0,1,1,1,1,1
112,0,1,1,1,0,1,1,1,0,2,2,0,1,0,1,1,2,0,2,0,1,1,1,0,1,1,1,1,2,1,1,0,1,2,0,2,1,1,2,1,2,2,2
113,1,0,1,1,0,1,1,0,2,2,2,0,1,1,1,1,1,0,1,0,1,1,1,0,1,1,1,1,2,1,1,1,2,1,2,2,1,1,2,1,1,2,1
114,2,2,1,1,0,1,1,1,1,2,2,0,1,2,1,1,1,0,1,0,1,1,1,0,0,0,1,2,2,1,1,1,1,0,1,2,2,1,2,1,0,0,1
115,0,0,1,1,2,1,1,1,1,2,2,0,1,1,1,1,1,0,1,0,1,1,1,1,0,1,1,1,2,2,1,0,1,2,0,1,1,1,2,1,1,2,0
116,1,2,1,1,0,1,1,1,0,2,2,2,1,1,1,1,1,0,1,0,2,1,1,1,1,1,1,1,2,2,1,0,1,2,2,1,1,1,2,1,1,2,1
117,1,0,1,1,2,1,1,2,0,2,2,0,1,0,1,1,1,0,0,0,2,1,1,1,1,2,1,1,0,1,1,1,1,1,0,0,1,1,2,1,2,2,1
118,1,0,1,1,2,1,1,2,1,2,2,0,1,1,1,1,1,0,0,0,2,1,1,2,1,1,1,1,0,1,1,2,2,1,1,0,1,2,2,1,0,2,1
119,1,2,1,1,0,1,1,2,2,2,1,0,1,2,1,1,1,0,1,0,1,1,1,1,1,0,1,1,1,1,1,2,1,2,0,0,1,1,1,1,0,1,1
120,1,0,1,1,0,1,1,0,0,2,1,0,1,0,1,1,2,0,2,0,1,1,1,1,1,0,1,1,1,1,1,1,2,0,1,0,1,2,2,1,2,0,1
121,1,1,1,1,0,1,1,0,2,2,1,1,1,1,1,1,2,0,1,0,1,1,1,1,1,1,1,1,1,1,0,2,2,0,1,0,0,1,2,1,1,0,1
122,2,0,1,1,0,1,1,0,0,2,1,1,1,2,1,1,1,0,1,0,1,1,1,1,1,1,1,1,1,1,1,0,2,0,1,0,1,0,2,1,1,2,1
123,0,0,1,1,0,1,1,0,1,2,1,1,1,0,1,1,1,0,1,0,1,1,1,1,1,0,1,1,1,1,1,1,0,1,1,0,0,0,2,1,2,2,1
124,1,1,1,1,0,1,1,1,2,1,1,1,1,1,2,1,1,0,1,0,1,1,1,2,1,1,1,1,1,1,2,1,1,1,2,0,1,1,2,1,1,0,1
125,2,0,1,1,2,1,1,1,1,2,2,1,1,1,1,1,1,0,1,0,1,1,1,1,1,0,1,1,1,1,0,1,2,2,0,0,0,0,2,1,1,2,1
126,0,0,1,1,0,1,1,0,2,2,0,1,1,0,1,1,1,0,1,0,1,1,2,1,1,1,1,1,1,2,2,0,2,1,0,1,1,1,2,1,2,0,1
127,1,2,1,1,0,1,1,1,2,2,1,1,1,0,1,1,1,0,0,0,1,1,1,1,2,1,1,1,1,2,0,0,1,2,0,1,1,0,2,1,2,0,1
128,1,1,1,1,0,1,1,0,2,2,1,1,1,0,1,1,1,0,1,0,2,1,1,1,2,1,1,2,1,1,1,2,1,1,0,2,1,1,2,1,1,0,1
129,1,1,2,1,0,1,1,0,0,2,1,1,1,1,1,1,1,0,2,0,1,1,1,2,2,0,1,2,1,2,1,0,2,0,1,2,1,1,2,1,1,1,1
130,0,2,1,1,2,1,1,1,2,2,1,2,1,1,1,1,1,0,1,0,1,1,1,2,1,2,1,2,1,2,0,1,1,2,0,1,1,0,2,1,0,2,1
131,0,2,2,1,0,1,1,0,1,2,0,1,1,0,1,1,2,0,1,0,2,1,1,1,1,1,1,2,1,1,1,1,2,2,0,1,1,1,1,1,0,0,1
132,0,1,1,1,0,2,1,2,2,2,1,1,1,2,1,1,2,0,1,0,1,1,1,1,2,0,1,2,1,1,1,0,2,0,2,1,1,0,1,1,2,0,1
133,0,2,1,1,0,2,1,0,2,2,0,1,1,0,1,1,1,0,1,0,1,1,1,2,2,0,1,0,1,1,1,0,2,1,1,1,1,1,1,1,2,0,1
134,0,0,1,1,0,2,1,1,1,2,2,1,1,1,1,1,1,0,0,0,1,1,1,1,2,0,1,0,1,2,1,2,1,2,0,1,1,2,1,1,2,0,1
135,2,0,1,1,0,1,1,0,0,2,1,1,1,1,1,1,1,0,1,0,1,1,1,1,2,0,1,0,1,2,1,1,2,1,0,1,1,0,1,2,0,2,1
136,1,0,1,1,2,1,1,1,2,2,1,1,1,0,1,1,1,0,1,0,2,1,0,1,2,2,1,1,1,1,1,1,1,1,2,2,1,2,1,1,0,1,1
137,1,0,1,1,0,1,1,2,2,2,0,1,1,2,1,1,1,0,1,0,1,1,1,1,2,0,1,1,1,1,1,1,1,1,2,1,1,2,2,1,2,0,2
138,2,0,1,1,0,1,1,0,2,2,2,1,1,1,1,1,1,0,1,0,1,1,1,2,2,0,1,1,1,1,1,1,1,0,0,2,1,0,1,1,1,1,1
139,2,0,1,1,0,1,1,1,0,2,1,1,1,0,1,1,2,0,1,0,1,1,1,1,2,0,1,2,2,1,1,0,1,1,1,0,1,0,1,2,0,1,1
140,0,1,1,1,0,1,1,2,1,2,0,1,1,2,1,1,0,0,1,0,0,1,1,1,1,0,1,2,1,1,1,0,1,2,1,1,1,0,2,0,0,0,1
141,1,1,1,1,0,1,1,1,0,2,1,1,1,1,2,1,0,0,1,0,1,1,1,1,2,0,1,2,1,1,1,1,1,2,2,1,1,0,1,2,0,0,2
142,1,2,1,2,0,1,1,1,0,2,0,1,1,0,2,1,0,0,1,0,1,1,1,1,2,0,1,2,1,1,1,1,1,1,1,0,1,2,2,1,1,2,1
143,2,2,1,1,0,1,1,1,0,2,0,2,1,1,2,1,2,0,1,0,1,1,1,1,2,0,1,1,1,1,1,2,1,2,2,1,1,1,2,2,2,1,1
144,1,2,2,1,2,1,1,1,0,2,2,2,1,1,1,1,2,0,1,0,1,1,1,0,1,0,1,1,1,1,1,2,1,1,1,0,1,0,1,1,1,1,1
145,1,0,1,1,0,1,1,0,0,2,2,2,1,0,1,1,0,0,1,0,1,1,1,1,1,0,1,1,1,2,1,2,1,0,0,0,1,0,1,1,0,2,1
146,1,2,1,1,0,2,1,2,2,2,2,0,1,1,2,1,0,0,0,0,0,1,2,2,1,0,1,1,1,1,1,1,1,2,0,0,1,1,1,1,2,1,1
147,1,2,1,1,0,1,1,0,0,1,1,0,1,0,0,1,0,0,1,0,1,2,1,0,1,0,1,1,1,1,1,2,1,0,1,1,1,1,2,2,1,1,1
148,2,1,1,1,0,1,1,1,0,2,2,0,1,1,1,1,0,0,2,0,1,1,1,2,1,0,1,1,1,2,2,2,1,1,1,0,1,0,1,2,1,1,1
149,0,2,1,1,0,1,1,2,0,2,1,0,1,1,1,1,0,0,1,0,1,2,1,1,1,1,1,1,2,1,2,0,1,1,2,0,1,1,2,1,2,1,1
150,2,1,1,1,0,1,1,1,0,2,1,0,1,0,1,1,1,0,0,0,1,2,1,1,1,2,1,1,2,1,0,0,1,1,1,1,1,0,1,2,2,1,1
151,1,0,0,1,0,1,1,0,0,2,0,1,1,0,2,1,1,0,1,0,1,2,1,1,1,1,1,2,1,1,1,1,1,2,0,1,1,0,1,0,0,1,1
152,1,1,1,1,0,1,1,2,0,2,1,1,1,1,2,1,1,0,1,0,0,2,1,1,0,1,1,1,1,1,2,1,1,1,1,1,1,1,2,1,0,1,1
153,0,2,1,1,0,1,1,0,0,2,0,2,1,1,1,1,1,0,0,0,1,1,1,1,0,2,1,1,1,1,1,0,1,0,0,1,1,0,2,1,0,1,1
154,0,2,1,1,0,1,1,0,2,2,2,1,1,1,1,1,1,0,0,0,1,2,1,2,1,1,1,1,2,1,2,0,1,0,0,1,1,0,1,1,1,2,1
155,1,0,1,1,0,1,1,0,2,2,2,2,1,1,1,1,1,0,1,0,1,0,1,1,1,1,1,1,1,1,0,1,1,1,1,0,1,0,2,1,1,0,1
156,0,2,1,1,0,1,1,1,1,2,2,2,1,1,2,1,2,0,1,0,2,1,1,1,1,0,1,1,1,1,0,1,1,0,1,1,1,1,2,1,2,2,1
157,2,0,1,1,0,2,1,0,1,2,0,2,1,2,2,1,0,0,1,0,1,1,1,1,0,1,1,1,1,1,2,0,1,0,1,1,1,1,2,0,1,2,1
158,2,0,1,1,0,1,1,1,0,2,1,1,1,0,1,1,2,0,1,0,1,1,1,1,0,1,1,0,1,1,2,1,1,0,0,1,1,1,1,0,2,1,1
159,0,1,2,1,0,1,1,1,0,2,1,1,1,1,1,1,0,0,1,0,1,1,1,1,1,2,1,1,1,1,1,1,1,1,1,1,1,0,1,1,2,2,1
160,1,0,1,1,0,1,1,2,0,2,1,2,1,2,0,1,1,0,0,0,1,1,1,1,1,1,1,1,1,1,0,0,2,2,2,0,1,0,0,1,0,0,1
161,0,2,1,1,0,1,1,1,2,2,1,2,1,2,2,2,1,0,1,0,1,1,1,2,2,1,1,1,1,1,1,2,2,0,1,0,1,0,0,1,2,1,1
162,2,0,1,1,0,1,1,0,1,2,1,2,1,0,2,1,2,0,1,0,1,1,1,0,1,0,1,1,1,1,1,1,1,2,2,2,1,0,2,2,0,1,1
163,1,0,1,1,2,1,1,2,2,2,0,2,1,0,2,1,1,0,1,0,1,1,1,0,1,1,2,1,1,1,2,0,0,0,0,1,1,0,0,1,0,1,1
164,2,2,1,1,0,1,1,1,2,2,2,2,1,2,2,1,1,0,1,0,1,1,1,1,0,0,1,1,1,1,1,1,1,1,1,1,0,1,2,1,1,1,1
165,1,0,1,1,1,1,1,1,0,2,0,2,1,2,2,1,1,0,1,0,1,1,1,1,1,1,1,1,1,1,1,2,1,2,1,1,1,2,2,1,2,0,1
166,1,2,1,1,0,1,1,0,0,2,1,2,1,1,2,1,2,0,1,0,1,1,1,2,1,1,1,1,1,1,0,2,1,1,0,0,1,0,1,1,2,1,1
167,1,0,1,1,0,1,1,1,0,2,0,2,1,0,2,1,0,0,1,0,1,1,1,2,1,0,0,1,1,1,2,0,1,0,2,0,1,1,2,1,0,0,2
168,2,2,2,1,0,1,1,0,0,2,2,2,1,0,2,1,1,0,1,0,1,1,1,2,1,1,0,1,1,1,2,2,1,2,0,0,1,2,2,2,1,1,0
169,1,0,2,1,2,1,1,2,0,2,2,2,1,0,1,1,0,0,2,0,1,1,1,1,2,2,1,1,1,1,1,2,1,0,1,0,1,0,1,0,1,2,1
170,2,0,1,1,0,1,1,0,2,2,1,2,1,1,1,0,0,0,1,0,1,1,0,2,1,0,1,1,1,1,0,1,1,1,0,1,1,2,2,2,2,1,1
171,1,0,1,0,0,1,1,0,2,2,2,2,1,1,1,1,0,0,0,0,1,1,0,1,1,0,1,1,1,2,1,0,1,0,1,1,1,1,2,2,1,0,2
172,0,0,1,1,0,1,1,1,2,2,0,2,1,0,1,1,0,0,1,0,1,1,0,2,1,2,1,1,1,1,2,2,0,0,1,0,1,2,2,2,1,0,1
173,0,2,1,1,0,1,1,1,0,2,2,2,1,1,0,1,0,0,1,0,0,1,0,1,0,2,0,1,1,1,0,1,1,2,1,0,1,0,1,1,1,0,1
174,2,2,2,1,2,1,1,1,0,2,0,2,1,1,0,1,0,0,1,0,1,2,0,2,0,0,1,1,1,1,2,1,1,1,2,2,1,0,1,1,0,1,1
175,2,1,1,1,2,1,1,1,1,2,1,2,1,1,1,1,0,0,1,0,1,1,1,1,1,1,0,1,2,1,0,0,1,2,2,1,2,2,0,2,1,0,1
176,1,0,1,1,2,1,1,2,1,2,0,2,1,1,2,0,0,0,1,0,1,2,1,1,1,2,1,1,2,1,1,1,0,1,2,1,0,0,0,2,1,0,1
177,0,2,0,1,0,1,1,2,2,2,1,2,1,0,1,1,2,0,0,0,1,0,1,1,1,2,1,1,1,1,2,2,1,1,1,1,1,0,2,2,0,1,1
178,2,2,1,1,0,2,1,1,1,2,0,1,1,1,0,1,1,0,1,0,1,0,1,2,1,2,1,1,1,1,1,2,1,0,0,1,1,0,2,2,1,2,1
179,1,1,1,0,2,1,1,0,2,2,0,1,1,0,1,1,2,0,1,0,1,1,1,2,0,2,1,1,1,1,2,2,2,0,0,0,1,2,0,0,0,1,1
180,1,2,1,2,1,1,1,0,0,2,0,1,1,2,1,1,1,0,1,0,1,1,1,1,1,2,1,1,1,1,1,2,1,2,0,0,1,0,2,1,0,0,1
181,1,0,1,1,2,1,2,2,0,2,1,1,1,0,2,1,0,0,1,0,1,0,1,1,2,2,1,1,1,1,1,1,0,0,0,0,1,0,2,1,1,0,0
182,0,2,1,1,2,1,2,2,0,2,0,1,1,0,0,1,0,0,1,0,1,1,2,1,2,2,1,1,1,1,1,2,0,1,2,0,1,1,0,1,1,1,1
183,2,1,1,1,2,1,1,1,0,2,2,1,1,2,0,1,0,0,1,0,1,0,1,1,2,1,1,0,1,1,1,1,1,1,1,0,0,0,1,1,0,1,1
184,0,2,1,2,2,1,1,1,0,2,1,1,1,1,1,1,0,0,1,0,1,1,1,1,2,1,1,1,1,1,2,2,0,2,0,0,1,2,2,1,1,1,2
185,0,2,1,0,2,1,1,1,2,2,0,2,1,1,2,1,0,0,0,0,1,2,1,1,2,2,1,1,1,1,2,0,2,1,1,0,1,1,0,0,0,1,1
186,0,1,1,1,2,1,1,1,1,2,0,2,1,1,1,1,2,0,1,0,1,1,1,1,2,0,1,1,1,1,0,2,1,1,1,0,0,1,0,0,0,1,1
187,1,1,1,1,2,1,1,0,1,2,0,1,1,0,1,1,1,0,1,0,1,0,1,1,2,2,1,1,2,1,1,0,1,0,0,1,1,2,0,2,0,1,1
188,0,2,0,0,0,1,0,0,2,2,0,1,1,1,2,1,2,0,1,0,1,2,2,0,2,2,1,1,2,1,2,0,0,0,0,2,0,0,1,2,0,1,1
189,0,2,0,1,1,1,2,2,2,2,0,2,1,0,0,1,0,0,1,0,1,2,1,1,1,2,1,1,0,1,1,1,1,1,2,1,1,2,2,2,1,1,1
190,1,1,1,2,2,1,1,2,2,2,1,2,1,0,2,1,2,0,1,0,1,2,1,1,1,2,1,1,1,1,1,1,2,0,1,1,1,0,0,1,0,1,1
191,1,0,1,1,0,1,0,0,1,2,1,2,1,0,2,1,2,0,1,0,1,1,1,1,0,2,1,2,1,1,0,0,1,1,0,1,1,0,1,1,0,1,1
192,1,2,1,0,2,2,1,0,1,2,1,2,1,0,2,1,0,0,1,0,1,1,1,1,1,2,2,1,2,1,0,0,1,0,2,1,1,0,0,2,2,2,1
193,2,2,1,2,0,1,1,1,1,2,0,0,1,1,0,1,0,0,2,0,0,1,1,1,1,2,1,1,1,1,0,2,2,1,0,1,0,1,2,1,2,1,1
194,2,0,1,1,2,1,0,1,2,2,0,1,1,0,1,1,0,0,1,0,1,1,1,1,2,1,1,1,1,1,1,1,1,0,0,0,1,1,2,1,2,1,1
195,0,1,1,2,0,1,1,0,2,2,1,0,1,2,1,1,0,0,1,0,1,1,1,1,2,0,1,1,1,1,2,2,1,1,0,0,1,1,1,1,2,2,1
196,0,0,1,1,1,2,1,1,0,2,1,2,1,0,0,1,0,0,1,0,1,1,2,2,2,0,1,1,2,1,2,1,2,1,2,0,1,1,2,1,1,2,0
197,0,0,1,1,1,2,1,1,2,2,1,1,1,0,2,1,1,0,2,0,1,1,1,1,1,1,1,1,0,1,0,2,1,0,0,0,1,0,2,1,2,1,1
198,1,0,1,1,1,1,1,0,2,2,1,1,1,1,1,1,1,0,1,0,1,0,1,1,2,1,1,1,0,1,1,2,0,0,2,1,1,1,2,1,1,1,1
199,1,0,1,1,2,1,0,2,2,2,2,2,1,2,1,1,0,0,1,0,1,1,1,1,2,1,0,1,1,1,2,1,2,1,1,1,1,0,2,0,2,2,1
200,0,0,1,0,1,1,2,2,0,2,2,2,1,2,1,1,0,0,1,0,1,1,1,1,2,2,1,1,1,1,1,0,2,0,1,0,0,1,2,0,1,1,1
201,1,2,1,2,2,1,1,2,2,2,0,1,1,0,1,1,0,0,1,0,1,2,1,1,2,1,1,1,1,1,2,2,0,1,0,1,1,0,2,2,2,1,1
202,1,1,1,2,1,1,1,2,2,2,1,1,1,0,1,1,0,0,1,0,1,2,1,1,2,1,1,1,1,1,2,2,1,2,2,1,1,0,1,2,0,1,1
203,1,0,0,1,0,1,1,0,2,2,0,2,1,0,1,1,0,0,0,0,1,1,1,1,2,0,1,1,2,1,2,2,1,2,2,1,1,1,0,0,1,0,1
204,0,0,0,1,2,2,1,0,0,2,0,2,1,1,1,1,2,0,1,0,1,1,1,1,2,2,1,1,1,1,1,2,1,1,1,0,1,1,2,1,2,0,1
205,1,0,0,1,2,1,1,2,2,2,0,1,1,2,1,1,0,0,1,0,2,1,1,0,2,2,1,1,1,1,1,2,1,1,1,1,1,1,2,2,0,0,1
206,1,1,1,1,2,1,1,2,2,2,1,1,1,1,0,1,0,0,1,0,1,1,1,1,2,0,1,1,1,1,2,0,1,0,1,0,1,0,2,0,0,2,1
207,1,1,1,1,1,1,1,2,2,2,0,1,1,1,2,1,0,0,1,0,2,1,1,1,2,0,1,1,1,1,2,2,1,0,1,0,1,1,1,0,0,2,1
208,0,0,0,1,2,1,1,1,0,2,2,1,1,1,0,1,2,0,1,0,1,1,1,1,2,2,1,1,1,1,2,2,2,2,0,1,1,1,2,2,2,0,1
209,0,1,1,2,1,1,1,1,2,2,1,1,1,1,0,1,2,0,1,0,1,1,1,1,2,1,1,1,2,1,1,1,1,2,1,1,1,2,2,2,2,0,1
210,2,1,1,1,2,1,0,1,2,2,2,1,1,1,0,1,0,0,1,0,1,1,0,1,2,0,1,1,1,1,1,1,1,0,1,1,1,0,2,1,1,0,1
211,2,2,1,1,2,1,1,2,2,2,1,2,1,0,1,1,0,0,1,0,1,1,1,1,1,0,1,1,1,1,1,2,0,2,1,2,1,1,2,2,1,0,1
212,2,2,2,1,2,1,1,0,2,2,0,2,1,0,0,1,1,0,1,0,1,1,1,1,1,0,1,1,1,1,0,1,1,1,1,2,1,1,0,0,2,2,2
213,2,0,1,1,2,1,0,1,2,2,1,2,1,0,1,1,1,0,1,0,1,1,1,1,1,2,1,1,1,1,1,2,1,1,1,1,1,1,2,1,1,0,1
214,1,2,1,1,2,1,0,2,1,2,0,1,1,0,1,1,1,0,1,0,1,1,1,1,1,0,1,1,1,1,1,1,1,2,0,0,1,1,0,1,0,0,1
215,1,0,1,2,0,1,1,2,1,2,1,0,0,0,0,1,1,0,1,0,1,1,1,1,0,0,1,1,2,1,1,0,1,0,0,0,1,0,1,2,0,0,1
216,2,2,1,1,2,1,0,2,0,2,1,1,1,2,1,1,0,0,0,0,1,1,1,1,0,0,1,1,1,1,1,1,1,1,0,0,1,1,2,1,0,0,1
217,0,2,1,1,1,2,0,2,2,2,0,1,1,1,2,1,1,0,1,0,1,1,1,1,1,2,1,1,1,1,2,2,1,0,2,0,1,0,2,2,0,0,1
218,0,0,0,1,0,2,0,1,2,2,2,1,1,1,2,1,1,0,1,0,1,1,2,1,1,1,1,1,1,1,1,2,1,0,0,0,1,2,2,1,0,1,1
219,0,2,1,2,2,0,2,0,2,2,1,1,1,1,2,1,1,0,2,0,1,1,1,0,1,1,1,1,1,1,2,0,1,1,0,0,1,0,2,0,0,1,1
220,1,2,1,1,0,0,0,1,2,2,2,1,1,1,1,1,0,0,1,0,1,1,1,1,0,1,1,1,2,1,2,0,2,2,0,1,1,1,2,1,2,1,1
221,0,1,1,1,2,0,0,1,0,2,0,1,1,0,0,1,1,0,1,0,2,1,1,1,1,0,1,1,0,1,0,1,1,2,1,0,1,1,0,1,0,2,1
222,0,2,1,1,2,0,0,2,2,2,0,1,2,0,2,1,1,0,1,0,1,1,1,1,1,1,1,1,1,1,1,1,1,2,1,0,1,0,2,2,0,1,1
223,1,2,1,2,0,2,0,0,2,2,0,2,0,0,1,1,0,0,1,0,1,1,1,0,1,0,1,1,1,1,2,2,1,1,1,0,1,1,1,1,2,1,1
224,0,0,1,1,2,1,2,2,1,2,1,2,0,2,0,1,2,0,1,0,0,1,1,1,1,0,1,1,0,1,0,0,1,1,1,1,1,2,2,1,2,0,1
225,0,2,1,1,2,1,1,0,1,2,1,1,2,1,2,1,2,0,2,0,1,1,1,2,1,1,1,1,1,1,0,1,1,1,0,0,1,0,2,2,0,1,1
226,2,2,1,1,2,2,0,1,0,2,0,0,0,1,1,1,2,0,1,0,1,1,1,1,1,1,1,1,1,1,1,0,1,0,1,0,2,0,2,2,2,0,1
227,2,1,1,1,0,2,0,2,1,2,1,1,0,0,2,1,2,0,1,0,1,1,1,1,1,0,1,1,1,1,2,2,1,1,0,1,1,1,2,1,1,2,2
228,0,1,1,1,2,2,1,2,1,2,1,0,0,0,1,1,2,0,1,0,1,1,1,0,0,0,1,1,1,1,2,1,2,1,1,1,2,1,2,1,0,0,1
229,1,2,2,1,0,2,0,2,2,1,1,1,0,1,2,1,2,0,2,0,1,1,1,0,1,0,1,1,1,1,1,2,1,0,0,1,2,1,0,1,2,1,1
230,0,2,1,1,0,2,0,2,2,1,0,2,0,2,0,1,2,0,1,0,1,1,1,0,1,0,1,2,1,1,2,2,1,0,0,1,0,0,2,1,0,2,1
231,1,2,2,1,0,0,0,2,0,1,1,1,0,2,1,1,0,0,1,0,1,1,1,1,1,1,1,1,1,1,2,1,1,1,0,1,1,1,0,1,0,1,0
232,1,2,1,1,0,0,1,2,2,1,1,1,0,1,1,1,0,0,1,0,1,1,0,1,2,1,1,1,1,1,2,2,1,0,1,1,1,1,2,1,2,1,1
233,1,0,1,1,0,0,1,2,2,1,0,1,0,1,1,1,0,0,1,0,1,1,0,0,1,0,1,1,1,1,1,1,1,1,2,0,1,2,2,1,0,0,1
234,2,0,1,1,1,0,0,0,0,1,2,1,0,0,1,1,0,0,1,0,1,1,0,1,1,1,1,1,1,1,1,1,1,1,2,0,1,0,0,1,2,2,1
235,1,2,1,1,2,0,1,2,0,1,0,1,0,1,2,1,0,0,1,0,1,1,1,1,1,2,0,1,1,1,2,2,1,2,1,0,0,1,1,1,2,1,1
236,0,2,1,1,1,1,1,0,2,1,0,1,0,1,2,1,2,0,1,0,1,1,1,1,1,0,1,0,1,1,1,1,1,1,0,2,2,1,1,1,0,1,1
237,1,0,1,1,0,1,1,2,2,1,1,1,2,2,2,1,2,0,1,0,1,1,1,1,1,0,1,1,1,1,1,1,1,1,0,2,1,1,1,0,1,0,1
238,1,0,2,1,0,1,1,0,2,1,0,2,2,0,1,1,2,0,1,0,1,1,1,1,1,0,1,1,1,1,1,1,1,0,1,1,2,2,1,1,2,0,1
239,1,1,1,2,0,1,2,2,0,1,0,1,1,2,2,1,2,0,1,0,1,1,1,1,1,1,2,1,1,1,1,2,1,1,0,1,1,2,1,1,0,1,1
240,1,2,1,1,0,1,1,1,2,1,2,1,2,0,2,1,2,0,1,0,1,1,1,1,1,1,1,0,1,1,0,2,1,1,1,1,1,0,1,1,0,0,1
241,1,0,1,1,2,1,2,1,0,1,0,1,2,1,1,1,2,0,2,0,1,1,1,1,1,1,1,1,1,1,1,1,1,0,0,1,2,0,0,2,0,1,1
242,1,2,1,1,1,2,1,1,2,1,1,1,2,0,1,1,2,0,1,0,1,1,1,1,0,1,1,0,1,1,2,1,1,1,0,1,2,2,0,1,0,0,1
243,1,0,1,1,2,2,2,1,2,1,2,2,1,1,1,1,1,0,1,0,1,1,1,1,1,1,1,1,1,0,1,2,1,0,0,0,1,1,1,2,0,2,1
244,0,0,2,1,1,2,1,1,2,1,0,1,2,2,1,1,0,0,1,0,1,1,1,1,1,0,1,1,1,2,2,2,1,0,1,0,1,2,0,2,0,0,1
245,1,0,0,1,2,2,2,2,2,1,1,1,2,1,1,1,0,0,1,0,1,1,1,1,1,1,1,0,0,2,1,2,1,0,0,0,0,0,0,0,0,2,1
246,1,0,1,1,2,2,2,1,0,1,1,1,2,0,0,1,0,0,1,0,1,1,1,1,1,1,0,0,1,1,2,2,1,1,1,0,2,1,0,0,1,1,1
247,1,0,1,1,2,2,1,2,0,1,0,1,2,0,2,1,1,0,1,0,0,1,1,1,1,1,1,0,0,1,1,1,1,1,1,0,0,0,0,2,1,2,1
248,1,0,1,1,0,2,1,2,2,1,0,2,2,2,0,1,2,0,1,0,1,1,1,1,1,2,1,1,1,1,1,1,1,1,1,2,1,0,0,2,0,1,1
249,2,0,1,1,0,2,1,1,2,1,1,2,1,2,0,1,1,0,1,0,1,1,1,2,1,1,1,2,1,1,1,0,1,2,0,1,1,1,1,2,0,1,1
250,2,2,1,1,1,2,2,1,0,1,0,1,0,0,1,1,0,0,1,0,2,1,1,1,1,2,1,0,1,1,2,0,1,1,0,0,1,2,1,0,2,2,1
251,0,2,1,1,1,1,0,1,2,2,1,1,0,2,1,1,0,0,1,0,1,1,1,1,1,0,1,1,1,1,1,2,1,1,0,0,1,1,1,1,0,1,1
252,1,0,1,1,2,2,1,0,0,1,1,1,0,0,1,1,2,0,1,0,1,1,1,1,1,1,1,0,1,1,1,0,1,1,0,0,1,2,1,1,2,0,1
253,2,2,1,1,2,1,1,0,2,1,0,1,0,0,1,1,1,0,1,0,1,1,1,1,1,1,1,0,2,1,1,1,1,0,0,1,1,1,1,1,0,2,1
254,0,0,1,1,2,2,1,0,2,1,1,1,0,0,1,1,2,0,1,0,0,1,0,1,1,0,1,0,2,1,2,0,1,0,0,2,0,0,1,2,0,1,1
255,1,0,1,1,0,1,0,0,0,1,1,0,2,0,0,1,0,0,0,0,1,1,1,0,1,1,1,0,1,1,1,0,1,0,2,1,2,1,0,0,0,0,1
256,2,2,2,1,1,2,2,1,0,2,1,2,2,2,0,1,0,0,1,0,1,1,2,1,2,1,1,0,1,1,1,0,1,0,1,1,1,1,1,2,2,0,1
257,1,1,1,1,1,2,0,1,1,2,1,2,0,0,1,1,1,0,1,0,1,1,1,1,2,0,1,0,1,1,2,0,1,2,1,1,1,0,0,1,1,2,1
258,0,0,1,1,2,0,0,0,2,2,1,2,0,2,0,1,0,0,0,0,1,1,1,0,2,0,1,2,1,1,1,0,2,1,0,2,2,1,2,1,0,1,1
259,0,1,1,1,0,2,0,2,2,2,2,2,0,0,1,1,0,0,1,0,1,1,1,1,2,2,1,2,1,1,1,2,2,0,1,1,0,2,1,2,1,2,2
260,1,1,1,1,2,1,0,1,2,2,2,2,0,2,1,1,0,0,1,0,1,1,1,1,1,0,1,2,1,1,2,2,1,0,0,2,1,0,2,1,1,1,1
261,0,2,0,1,2,1,0,2,0,2,2,2,0,1,1,1,0,0,1,0,1,1,1,2,2,2,1,2,1,1,2,1,2,2,1,1,1,1,2,0,1,0,1
262,2,1,1,1,2,2,0,2,2,1,2,2,0,2,1,1,0,0,2,0,1,1,0,0,0,1,1,2,1,1,0,2,2,2,2,1,1,2,0,1,2,1,1
263,1,2,1,1,2,2,0,1,0,2,2,2,0,1,1,1,0,0,2,0,1,1,1,0,1,0,1,2,1,2,1,0,0,2,0,1,1,1,1,0,0,0,1
264,0,1,1,1,1,2,0,1,2,1,0,0,0,0,1,1,0,0,1,0,1,1,1,0,1,0,1,2,1,0,0,0,0,1,2,0,1,1,1,0,2,1,1
265,0,0,1,1,0,2,0,1,2,1,0,0,0,2,1,1,2,0,2,0,2,1,1,0,1,0,1,2,1,0,1,2,2,0,1,0,1,1,0,2,2,1,1
266,1,1,1,1,2,2,0,2,2,1,2,0,0,0,1,1,0,0,0,0,1,1,1,0,0,1,1,1,2,0,1,2,1,1,0,1,1,1,1,2,0,1,1
267,2,1,1,1,2,2,1,1,2,1,0,0,0,1,1,1,0,0,1,0,1,1,1,0,0,0,1,1,1,0,1,0,1,1,2,1,1,2,1,2,1,2,2
268,2,2,2,1,2,2,2,2,2,1,0,0,0,2,1,1,0,0,1,0,1,1,1,0,1,2,1,1,1,0,1,1,0,1,1,2,1,1,2,1,1,1,1
269,1,2,1,1,2,2,2,1,2,1,0,0,0,0,1,1,0,0,1,0,1,1,1,1,1,0,1,0,0,1,2,1,1,0,0,1,1,2,2,2,1,1,1
270,1,2,1,1,2,2,2,1,2,1,0,0,0,0,0,1,0,0,1,0,1,1,2,0,0,0,1,1,1,1,1,1,0,1,0,0,0,1,1,1,1,1,1
271,1,2,1,0,2,2,2,1,2,2,1,0,0,0,1,1,2,0,2,0,1,1,1,0,1,1,1,1,1,1,1,2,1,1,2,0,1,2,0,0,1,2,1
272,1,1,1,1,2,2,2,1,2,1,1,0,1,1,1,1,2,0,1,0,1,1,1,0,1,1,1,1,1,1,0,2,1,1,1,1,1,2,0,0,0,2,1
273,1,2,1,1,2,2,2,1,2,1,2,0,1,0,1,1,2,0,1,0,1,1,1,2,1,0,1,1,1,1,1,1,1,2,0,0,1,1,0,1,0,1,0
274,0,2,1,1,0,2,2,1,2,1,0,0,0,0,2,1,2,0,1,0,1,1,1,1,0,1,1,1,1,1,0,0,2,0,0,0,1,1,2,1,1,0,1
275,1,0,0,1,2,2,2,2,2,1,0,0,1,2,0,1,2,0,1,0,1,1,1,0,2,1,1,2,1,1,1,1,2,0,0,1,1,2,0,1,0,1,1
276,1,1,1,1,1,2,2,0,2,2,1,0,1,2,1,1,2,0,1,0,1,1,1,1,0,0,1,1,1,1,0,2,2,1,0,1,1,0,2,0,0,1,2
277,1,0,1,1,2,2,2,0,2,2,1,0,1,0,0,1,2,0,1,0,1,1,1,0,0,0,1,1,1,1,1,0,2,1,0,1,1,1,0,2,1,2,1
278,2,1,0,1,2,2,2,0,0,2,1,0,1,2,2,1,0,0,1,0,1,1,1,0,0,2,1,1,1,1,1,0,1,2,1,1,1,1,0,0,1,1,1
279,1,2,2,1,2,2,2,0,2,2,2,0,1,2,1,1,2,0,1,0,1,1,1,0,2,1,1,1,1,1,1,2,2,0,0,0,1,2,2,2,0,1,1
280,2,0,1,1,2,2,2,0,0,2,1,0,1,0,0,1,2,0,1,0,1,1,1,0,2,0,1,2,1,1,2,1,2,0,0,0,1,1,2,1,0,1,1
281,0,0,1,2,2,2,2,1,2,2,1,2,1,0,1,1,2,0,1,0,1,1,1,1,2,0,1,1,1,1,0,2,1,0,0,0,1,0,2,2,0,1,1
282,1,1,1,1,2,2,2,1,0,2,2,2,1,0,0,1,2,0,1,0,1,1,1,2,2,1,1,2,1,2,0,1,2,0,1,2,1,1,1,1,1,1,1
283,2,1,2,1,2,2,2,1,2,2,0,2,1,1,1,1,2,0,1,0,1,1,1,1,2,1,1,1,1,1,0,0,2,0,0,1,1,0,2,2,1,1,1
284,1,1,1,1,2,2,2,1,2,2,2,2,1,2,2,1,2,0,1,0,1,1,1,0,2,2,1,1,1,1,2,0,2,1,2,2,1,1,2,2,1,1,1
285,1,0,1,1,0,2,0,0,0,2,0,2,1,1,2,1,2,0,1,0,1,1,1,0,2,0,1,2,1,1,2,0,1,1,2,1,1,1,2,2,1,1,1
286,1,0,1,1,2,2,2,2,2,2,1,2,1,2,2,1,1,0,1,0,2,1,1,0,2,0,2,1,1,0,2,2,1,0,1,0,1,2,2,2,0,1,1
287,2,1,2,1,2,2,2,2,1,1,2,2,1,0,0,1,1,0,1,0,2,1,1,0,2,1,1,1,1,1,1,1,1,1,0,0,1,2,2,1,0,2,1
288,0,0,2,1,2,2,2,1,2,2,1,2,1,0,2,1,1,0,1,0,1,1,1,0,2,0,1,1,1,1,1,0,1,0,1,0,2,0,2,2,0,1,1
289,0,1,1,1,2,2,1,0,0,2,0,2,1,0,1,1,1,0,1,0,1,1,1,0,2,1,1,1,1,1,1,2,1,2,1,2,2,1,2,1,2,1,1
290,1,1,1,1,2,2,0,0,2,2,2,2,1,0,1,1,1,0,1,0,1,1,1,1,2,1,1,1,1,1,1,2,0,0,1,1,1,0,2,0,0,1,1
291,1,2,1,1,2,2,1,1,0,1,1,1,1,1,2,1,1,0,1,0,1,1,1,1,2,1,1,1,1,1,2,1,1,2,1,0,1,2,2,2,2,1,1
292,1,0,1,1,2,2,1,1,0,2,2,1,1,1,0,1,1,0,1,0,1,1,2,1,2,1,1,1,1,1,1,1,1,1,1,1,1,2,2,1,1,1,1
293,1,0,2,1,1,2,0,1,2,2,1,2,1,1,1,1,1,0,1,0,1,1,0,1,2,1,1,1,1,0,1,0,1,1,0,1,1,0,2,1,2,2,1
294,1,2,1,1,1,2,2,1,1,2,0,2,1,0,1,1,1,0,1,0,1,1,0,0,2,1,1,1,1,1,1,0,1,0,1,1,1,0,2,2,2,2,1
295,1,1,1,1,0,2,0,1,2,2,2,2,1,0,1,1,1,0,0,0,1,1,1,2,2,0,1,0,1,1,1,1,1,0,0,1,1,1,2,2,2,2,1
296,1,2,2,1,0,2,0,2,2,2,2,1,1,1,1,1,1,0,1,0,1,1,1,1,2,1,1,1,2,1,1,1,1,0,0,1,1,2,2,1,0,2,1
297,1,0,1,1,2,2,2,1,2,1,0,0,1,0,0,1,0,0,1,0,1,1,1,1,2,1,1,1,1,1,1,0,1,0,0,1,1,1,2,0,1,2,1
298,2,0,0,1,2,2,0,1,2,1,1,1,1,1,2,1,1,0,1,0,1,1,1,1,2,2,1,1,1,2,1,2,1,1,1,1,1,1,2,0,2,2,1
299,2,0,0,1,2,1,0,1,0,2,1,1,1,1,1,1,1,0,0,0,2,1,1,1,2,1,1,1,1,1,1,2,1,0,1,1,1,2,2,1,1,2,1
300,0,0,1,1,2,2,0,2,1,2,2,1,1,2,1,1,1,0,1,0,1,1,1,2,2,1,1,1,1,1,1,2,1,1,1,0,1,2,2,2,1,2,2
301,2,2,1,1,0,2,2,1,2,2,0,1,1,1,1,1,1,0,1,0,1,1,0,0,2,0,1,1,2,1,1,0,1,2,2,1,0,0,2,2,2,2,1
302,0,1,2,1,1,2,2,0,2,1,0,1,1,0,1,1,2,0,1,0,1,1,1,0,2,0,1,1,1,1,2,1,1,0,0,0,1,0,2,2,2,2,2
303,2,0,2,1,2,2,2,0,2,2,1,1,1,0,1,1,2,0,2,0,1,1,0,1,2,0,1,1,2,1,1,2,1,1,1,1,1,0,2,0,0,2,1
304,0,0,1,1,2,2,2,2,2,2,0,1,1,1,1,1,1,0,0,0,1,1,2,2,2,1,1,1,0,1,0,0,1,0,0,0,1,2,2,2,0,0,1
305,0,2,1,1,1,2,2,2,0,1,0,1,1,0,1,1,1,0,1,0,2,1,2,2,2,2,1,0,2,1,1,1,1,2,1,0,1,0,1,1,2,0,1
306,1,1,1,1,1,2,0,2,2,1,1,1,1,1,1,1,0,0,1,0,1,1,1,0,2,0,1,1,1,1,2,0,1,0,0,1,1,0,1,2,2,0,1
307,1,1,1,1,0,2,0,0,2,2,1,1,1,1,1,1,2,0,1,0,1,1,1,1,2,0,1,1,1,1,1,1,2,1,0,1,2,2,1,1,0,2,1
308,1,2,1,1,0,2,2,2,1,2,1,1,1,0,1,1,2,0,1,0,1,1,1,2,2,0,1,1,1,1,0,2,2,1,0,1,1,1,2,1,2,1,1
309,1,0,2,1,2,2,2,2,1,2,2,1,1,0,1,1,2,0,1,0,1,1,1,1,2,1,1,1,1,1,2,1,1,1,2,0,1,1,0,2,2,0,1
310,1,1,1,1,2,1,1,2,0,2,2,1,1,2,1,1,0,0,2,0,1,1,1,1,2,1,2,1,1,2,1,2,1,1,0,0,1,1,2,2,0,0,1
311,1,2,2,1,0,2,2,1,2,2,1,1,1,1,0,1,2,0,1,0,1,1,1,0,2,1,1,1,1,2,1,2,1,0,0,2,0,1,2,2,0,2,1
312,2,1,1,1,0,1,0,1,2,2,2,1,1,2,2,1,2,0,2,0,1,1,1,1,2,1,1,1,2,1,1,0,1,1,2,0,1,1,2,1,2,1,1
313,1,2,1,1,0,2,0,1,2,2,2,2,1,0,1,1,2,0,1,0,1,1,1,1,2,1,1,1,1,1,1,1,1,1,0,2,1,1,2,2,2,1,1
314,1,2,1,1,0,2,0,2,2,2,1,1,1,1,0,1,2,0,1,0,1,1,1,1,2,0,1,1,1,1,1,2,1,2,2,1,1,1,2,1,1,0,1
315,1,2,1,1,1,2,0,2,2,2,1,1,1,1,1,1,2,0,1,0,0,1,1,0,2,0,1,1,1,1,0,2,1,0,0,2,1,1,0,1,0,0,1
316,2,0,1,1,0,2,0,1,2,2,1,1,1,0,0,1,0,0,1,0,1,1,1,1,2,2,1,1,1,1,1,0,1,2,2,1,1,2,2,1,0,2,1
317,1,0,1,1,1,2,1,1,2,2,1,2,1,0,1,1,0,0,1,0,1,1,1,1,2,2,1,0,1,1,1,2,1,1,0,1,1,1,2,1,0,0,1
318,1,0,1,1,2,2,1,1,0,2,0,2,1,1,0,1,2,0,1,0,1,1,1,0,2,1,1,1,1,1,1,2,1,1,0,2,0,1,2,1,2,0,1
319,1,2,1,1,1,2,1,2,2,2,1,1,1,0,1,1,0,0,1,0,1,1,1,1,2,2,1,1,0,1,0,1,1,1,1,1,1,0,0,1,0,0,2
320,1,0,1,1,2,2,1,1,0,2,0,1,1,0,2,1,1,0,1,0,1,0,0,1,2,0,1,1,2,1,1,0,1,0,2,2,0,0,2,0,2,1,1
321,1,2,0,1,1,2,2,1,2,2,1,1,1,0,1,1,0,0,1,0,1,2,1,1,2,0,1,1,2,1,1,2,2,0,0,1,1,0,1,1,0,0,0
322,1,2,1,1,1,2,2,1,2,2,2,2,1,1,2,1,0,0,1,0,1,0,1,1,2,1,1,1,1,1,2,2,1,0,0,1,1,1,2,1,1,1,1
323,1,2,1,1,0,2,0,1,0,2,2,2,1,2,1,1,1,0,1,0,1,1,1,0,2,0,1,1,1,1,0,1,1,1,1,1,0,2,2,2,0,1,2
324,0,1,2,1,2,2,1,2,1,2,0,2,1,0,0,1,1,0,1,0,1,1,1,1,1,1,1,1,1,1,2,1,2,0,0,2,1,0,1,1,1,1,1
325,1,0,1,1,2,2,0,1,2,2,0,0,1,0,0,1,1,0,1,0,1,1,1,1,0,1,1,1,2,1,0,1,1,0,1,0,0,2,2,2,2,0,1
326,2,0,1,1,0,2,1,1,2,2,2,2,1,1,2,1,1,0,1,0,1,1,1,1,1,0,1,1,1,1,1,0,1,0,0,0,1,1,0,2,1,1,1
327,1,0,1,1,1,2,1,2,2,2,1,2,2,0,1,1,1,0,1,0,1,1,1,1,2,0,2,1,1,1,2,2,1,1,1,0,1,1,2,2,0,1,1
328,1,0,1,1,1,2,0,2,1,2,2,2,1,0,1,1,1,0,1,0,1,1,1,0,2,0,1,1,1,1,2,1,1,0,1,0,1,2,0,2,1,2,1
329,1,1,1,1,0,2,0,2,2,2,0,0,1,2,1,1,1,0,1,0,1,1,1,1,2,0,1,1,1,1,2,2,1,1,2,0,1,0,1,2,0,0,1
330,2,2,1,1,1,2,0,1,2,2,0,0,1,0,1,1,0,0,0,0,1,1,1,0,2,1,1,0,1,1,2,2,1,1,0,0,1,0,1,1,0,1,1
331,1,1,1,1,0,2,0,1,2,2,2,2,1,2,2,1,1,0,1,0,1,1,1,1,2,0,1,1,1,1,2,2,1,0,2,0,2,1,2,1,2,0,1
332,2,2,1,1,1,2,1,0,2,2,2,0,1,1,0,2,1,0,1,0,1,1,1,1,2,0,1,1,0,1,1,2,1,1,2,0,2,1,2,2,1,0,1
333,0,0,2,2,2,2,1,0,1,2,2,0,1,1,1,1,2,0,1,0,1,1,1,1,2,2,1,1,1,1,1,0,1,1,1,0,1,1,2,2,0,0,1
334,1,2,1,1,0,2,0,2,2,2,1,0,1,0,1,1,1,0,1,0,1,1,2,1,2,0,1,1,1,1,2,2,1,1,0,0,1,0,2,0,1,0,1
335,1,1,1,1,0,2,2,0,2,2,1,0,1,1,1,1,1,0,1,0,1,1,1,2,0,0,1,1,1,2,2,2,1,0,0,0,1,0,2,1,1,2,2
336,0,0,1,0,2,2,1,0,2,2,1,0,1,1,2,1,2,0,1,0,1,1,1,1,1,2,1,2,1,1,2,1,1,2,0,1,1,2,0,1,0,2,1
337,1,2,1,1,1,2,0,1,1,2,1,0,1,0,1,1,1,0,1,0,1,1,1,2,1,1,1,2,1,1,2,2,1,1,0,2,1,1,2,0,0,2,1
338,1,2,1,1,2,1,0,2,2,2,1,0,1,0,1,1,1,0,1,0,1,1,1,2,1,0,1,2,1,1,1,1,1,0,0,0,1,2,2,2,1,2,2
339,1,2,1,1,1,2,0,2,2,2,1,0,1,1,2,1,1,0,1,0,1,1,1,1,1,0,1,2,1,1,1,0,1,2,0,1,1,1,2,2,0,1,1
340,2,2,2,1,1,2,1,1,2,2,1,0,1,1,1,1,1,0,1,0,1,1,1,2,1,0,1,2,1,1,2,0,1,2,0,0,1,0,0,1,0,1,1
341,0,1,1,2,1,2,1,1,2,2,1,0,1,2,1,0,1,0,2,0,0,1,1,2,1,0,1,2,1,1,2,0,1,0,0,2,0,1,2,2,2,1,1
342,2,0,1,1,1,2,1,1,2,2,1,0,1,2,1,1,2,0,1,0,1,1,1,1,1,0,1,2,1,1,0,1,1,0,2,1,1,1,2,2,0,2,1
343,1,1,1,1,2,2,1,1,0,2,0,2,1,0,1,1,2,0,0,0,1,1,1,1,0,1,1,2,1,1,2,0,1,1,0,1,1,2,0,2,2,0,1
344,0,1,1,1,2,2,1,1,2,2,2,0,1,1,1,1,0,0,1,0,1,1,1,1,1,1,1,2,1,1,0,1,1,0,0,1,1,1,0,2,2,0,1
345,1,2,1,1,2,2,1,0,1,2,2,1,1,1,1,1,0,0,1,0,1,1,1,1,1,2,1,2,1,1,1,2,1,1,0,0,1,2,0,0,2,2,1
346,1,1,1,1,2,2,1,0,1,2,0,2,1,1,1,1,0,0,1,0,1,1,1,1,0,0,1,2,2,1,0,0,2,1,0,0,1,1,2,1,0,2,1
347,1,0,1,1,1,2,1,0,2,2,1,0,1,1,1,1,0,0,1,0,1,1,1,1,1,0,1,2,2,1,0,1,1,1,1,0,1,2,2,2,0,2,1
348,1,1,0,1,0,2,0,0,2,2,0,0,1,0,1,1,0,0,2,0,1,1,1,1,1,2,1,2,2,1,1,0,1,0,0,0,1,1,0,1,2,2,1
349,1,1,1,1,2,2,0,1,2,2,2,0,1,1,2,1,0,0,1,0,1,1,1,1,1,1,1,2,2,1,1,2,1,1,0,2,1,0,2,2,0,2,1
350,2,0,1,1,1,2,0,0,2,2,0,0,1,1,2,1,0,0,1,0,1,1,1,1,1,1,1,2,0,1,1,0,1,0,0,2,1,0,2,2,2,2,1
351,2,0,1,1,2,2,1,2,2,1,2,0,1,1,1,1,2,0,1,0,1,1,1,1,1,0,1,2,1,1,1,2,1,0,0,1,1,1,1,0,0,2,1
352,1,2,1,2,1,2,0,1,2,2,2,0,1,2,0,1,0,0,1,0,1,1,1,1,2,2,1,2,1,1,1,2,1,0,0,1,1,1,2,1,1,1,1
353,1,0,1,1,1,2,0,1,2,2,2,0,1,2,1,1,0,0,1,0,1,1,1,1,2,1,1,2,1,1,2,0,2,0,0,0,0,0,1,1,1,1,1
354,1,2,1,1,1,1,1,1,2,2,0,0,1,0,0,1,0,0,0,0,1,1,1,2,1,0,1,2,1,1,1,0,2,0,0,0,1,1,2,0,0,1,0
355,1,2,2,1,1,1,0,1,2,2,2,0,1,1,1,1,0,0,1,0,1,1,0,1,2,0,1,2,1,1,2,2,2,1,0,0,1,2,2,0,1,2,0
356,1,1,2,1,2,0,0,1,2,2,0,0,1,1,0,1,1,0,1,0,1,1,1,0,2,0,1,1,1,1,1,2,2,1,1,0,1,2,1,0,1,1,1
357,1,0,1,1,2,2,2,0,1,1,0,0,2,1,1,1,1,0,1,0,1,1,1,1,1,0,2,1,1,1,1,1,2,1,2,0,1,2,1,2,1,0,1
358,1,1,1,1,2,2,2,1,1,2,1,0,0,0,1,1,1,0,1,0,1,1,1,1,1,2,1,1,0,1,2,1,2,1,1,0,1,0,1,2,0,1,1
359,1,2,2,1,0,0,1,1,2,1,1,0,1,0,1,1,1,0,1,0,1,1,1,1,1,1,1,1,2,1,1,0,0,1,0,2,1,0,0,0,0,0,1
360,1,2,1,1,0,2,0,1,2,2,1,0,1,2,2,1,1,0,1,0,1,1,1,1,1,0,1,1,0,1,2,2,0,2,1,1,1,1,1,1,1,1,1
361,0,2,1,1,0,2,0,1,2,2,1,0,1,2,0,0,0,0,2,0,1,1,1,1,1,1,1,1,1,1,2,0,1,0,0,2,1,1,1,2,2,1,1
362,1,0,1,1,2,2,0,0,1,2,2,2,1,2,0,1,1,0,1,0,1,1,1,1,0,1,1,1,1,1,0,2,2,0,0,2,1,0,1,1,1,2,1
363,1,1,1,1,2,2,0,0,2,1,2,2,1,0,1,1,1,0,1,0,1,1,1,1,1,1,1,1,1,1,0,2,0,1,1,2,1,2,0,1,1,0,1
364,1,1,1,1,0,2,0,1,0,1,2,2,1,0,1,1,2,0,1,0,1,1,1,1,0,1,2,0,2,1,1,2,1,1,1,2,1,1,2,1,2,2,1
365,0,2,1,1,2,2,1,1,2,2,0,2,1,0,1,1,2,0,0,0,1,1,2,1,2,0,1,0,2,1,0,1,1,1,1,1,1,0,1,2,1,1,1
366,1,2,2,1,2,2,2,1,2,1,0,2,1,2,1,1,2,0,1,0,0,1,1,1,2,1,1,0,1,1,0,1,1,2,1,0,1,0,0,1,0,1,1
367,2,2,1,1,2,2,1,0,2,2,0,2,1,2,1,1,1,0,1,0,1,1,1,1,2,0,1,1,1,1,0,1,1,1,0,1,1,0,1,2,0,1,2
368,1,2,1,1,2,2,1,1,2,2,0,0,1,1,0,1,2,0,1,0,1,0,1,1,2,0,1,1,1,1,1,2,1,1,2,0,1,2,1,2,0,1,1
369,0,1,1,1,1,2,0,1,2,2,1,0,1,0,2,1,2,0,1,0,1,0,1,1,2,1,1,1,2,1,2,0,1,0,1,0,1,1,1,2,0,1,1
370,1,1,1,1,2,2,1,2,0,2,1,0,1,1,1,1,2,0,1,0,1,1,1,1,1,1,1,1,0,1,1,2,2,1,1,0,1,0,0,2,1,2,1
371,1,0,1,1,2,1,1,2,2,1,1,0,1,2,2,1,2,0,0,0,0,1,0,1,1,1,1,1,1,1,1,2,1,2,2,0,1,0,2,2,1,1,1
372,0,1,1,1,2,1,1,0,0,1,1,0,1,1,1,1,0,0,1,0,1,1,2,1,1,1,1,1,1,1,2,0,1,0,2,1,1,0,1,1,1,2,1
373,1,1,1,1,2,1,0,0,2,2,1,0,1,2,1,1,2,0,2,0,1,0,1,1,1,1,1,1,1,1,1,0,1,1,0,0,1,0,0,1,2,0,1
374,1,2,1,1,2,1,0,2,2,2,1,0,1,2,1,1,2,0,1,0,1,2,1,2,1,1,1,1,1,1,0,0,1,1,0,1,1,0,2,0,0,1,1
375,1,0,1,1,2,2,0,1,2,2,0,0,1,0,1,1,0,0,1,0,1,2,1,1,1,1,1,2,1,1,0,1,1,1,1,1,1,1,2,0,1,1,1
376,0,1,1,1,2,0,0,1,2,2,1,0,1,1,1,1,0,0,2,0,1,1,1,2,1,1,1,2,1,1,2,1,1,1,1,0,1,1,0,2,0,1,1
377,0,0,1,1,2,0,0,1,2,2,1,0,1,1,0,1,0,0,1,0,0,2,1,0,1,0,1,2,1,1,0,0,1,1,0,1,1,1,2,2,1,2,1
378,1,0,1,1,2,0,0,1,2,2,1,0,1,1,0,1,0,0,1,0,1,2,1,0,2,1,1,2,1,1,0,1,1,2,0,2,1,0,1,0,2,1,1
379,1,0,1,2,2,0,0,1,2,2,1,0,1,1,1,1,1,0,1,0,2,1,1,0,2,1,2,2,1,1,0,1,1,0,1,0,1,1,2,2,1,1,1
380,1,1,1,1,2,0,0,2,1,2,1,0,1,1,1,1,1,0,1,0,1,1,1,1,2,1,1,2,1,1,1,1,1,1,1,0,1,1,2,1,0,2,1
381,1,2,1,1,2,2,0,1,0,2,1,0,1,0,2,1,0,0,1,0,1,1,1,1,2,0,1,2,1,1,1,0,2,1,0,0,1,0,2,2,0,1,1
382,0,0,0,1,1,2,0,1,2,2,1,0,1,1,0,1,2,0,0,0,1,1,1,1,2,2,1,2,0,1,1,2,1,0,0,1,1,2,2,0,2,1,1
383,1,0,2,1,2,0,0,1,2,2,1,0,1,1,2,1,1,0,1,0,1,1,1,1,2,1,1,2,0,1,2,2,1,0,0,1,1,1,2,1,1,1,1
384,1,1,1,1,2,0,0,1,1,2,1,0,1,2,0,1,1,0,1,0,1,1,1,1,2,2,1,1,1,1,1,2,1,1,2,2,1,1,0,1,0,1,1
385,0,0,1,1,1,0,0,2,1,1,1,0,1,2,1,1,2,0,0,0,1,1,1,1,2,0,1,1,1,1,0,1,1,1,1,1,1,0,2,1,0,2,2
386,1,1,1,1,2,0,2,2,2,2,1,0,1,1,1,1,1,0,1,0,1,1,2,1,2,1,1,1,1,1,1,0,1,0,1,1,1,0,2,2,0,2,1
387,1,1,1,1,1,2,2,2,0,2,1,0,1,2,1,1,1,0,1,0,1,1,1,1,2,1,1,0,1,1,2,0,1,1,2,1,1,1,2,1,1,1,1
388,2,1,1,1,2,2,0,1,2,2,1,0,1,1,2,1,1,0,1,0,1,1,1,1,2,1,1,1,1,1,1,1,1,0,2,1,1,0,0,2,0,1,2
389,2,2,0,1,2,2,0,1,2,2,1,0,1,2,1,1,1,0,1,0,2,1,1,1,2,1,1,1,1,1,2,1,1,0,1,1,1,0,2,2,1,0,1
390,1,1,1,1,2,2,0,1,2,2,1,0,1,2,0,1,2,0,1,0,2,1,1,1,2,0,1,1,1,1,2,1,1,1,2,2,1,1,2,1,0,0,1
391,2,1,1,1,2,2,0,1,2,2,1,0,1,1,0,1,1,0,2,0,1,2,1,1,2,1,1,1,1,1,0,0,0,1,2,2,1,0,2,2,2,0,1
392,2,0,1,1,2,2,1,0,0,2,1,0,1,0,1,1,0,0,1,0,2,2,1,1,2,1,1,1,1,1,1,1,1,2,2,1,1,0,0,2,0,1,1
393,1,0,1,1,0,2,2,0,0,2,1,0,1,0,1,1,0,0,1,0,1,1,0,1,2,1,1,1,1,1,1,2,1,1,2,0,1,0,2,2,1,1,1
394,0,1,2,1,1,0,2,2,2,2,1,0,1,2,1,1,0,0,1,0,1,0,1,1,2,0,1,1,1,1,1,0,1,1,2,1,1,2,2,0,0,0,1
395,1,2,1,1,1,1,2,2,2,1,1,0,1,1,1,1,0,0,1,0,1,2,1,1,2,0,1,1,1,1,1,2,1,1,1,1,1,0,2,1,1,1,0
396,1,0,1,1,2,2,2,1,2,2,1,0,1,1,1,1,0,0,1,0,1,2,2,1,2,0,1,1,1,1,2,2,1,1,2,0,1,2,2,1,0,0,1
397,1,2,1,1,2,2,2,1,2,2,1,0,1,0,1,1,0,0,1,0,1,1,1,1,2,1,1,1,1,1,0,2,1,0,0,0,1,2,2,1,1,2,2
398,1,0,1,1,2,2,2,1,2,2,1,0,1,1,1,1,0,0,0,0,1,1,1,1,2,1,1,2,1,1,1,1,1,0,0,0,1,2,2,1,1,1,1
399,1,0,2,1,0,1,2,2,2,2,0,0,1,1,2,1,0,0,1,0,1,2,1,1,2,1,1,1,1,1,2,1,1,0,0,1,1,1,2,1,0,1,1
400,1,2,1,1,1,0,2,0,0,2,2,0,1,1,2,1,0,0,1,0,1,1,1,1,2,0,1,1,1,1,1,2,1,2,1,1,1,0,2,1,1,2,1
401,2,0,1,1,2,0,2,2,2,2,2,0,1,0,0,1,0,0,1,0,1,1,1,1,2,1,1,1,2,1,2,0,1,1,0,2,1,2,2,0,0,0,1
402,1,0,1,1,1,0,2,0,2,2,1,0,1,1,0,1,0,0,1,0,1,1,1,1,2,2,1,2,1,1,1,0,1,0,1,1,1,1,2,1,2,0,1
403,1,1,1,1,0,0,2,1,2,2,0,0,1,0,1,1,0,0,1,0,1,1,1,1,2,2,1,1,0,1,2,1,0,1,2,1,1,2,2,1,2,0,1
404,1,2,1,0,0,0,2,1,2,2,2,0,1,0,2,1,0,0,1,0,1,1,1,1,2,1,1,1,1,1,2,2,1,0,0,1,1,0,2,2,0,0,1
405,1,0,1,1,2,1,2,1,2,2,1,0,1,0,1,1,0,0,1,0,1,1,1,1,2,1,1,2,1,1,1,0,1,1,0,0,1,1,2,1,1,1,1
406,0,2,2,1,0,0,2,1,2,2,1,0,1,0,2,1,0,0,1,0,1,1,1,1,2,2,1,2,1,1,2,1,0,0,0,0,1,0,2,1,0,0,1
407,1,0,1,1,2,1,2,0,2,2,1,0,1,2,2,1,0,0,1,0,1,1,1,2,2,1,1,1,1,1,1,2,1,1,0,1,1,0,2,1,0,1,1
408,1,1,1,1,1,1,0,1,2,2,1,0,1,0,1,1,0,0,1,0,1,1,2,1,2,1,1,1,0,1,1,1,1,2,0,0,0,1,2,1,1,2,1
409,0,2,1,1,1,0,0,2,0,2,1,0,1,1,1,1,0,1,1,0,0,1,1,1,2,2,1,1,1,1,0,1,1,0,0,0,0,1,2,1,0,1,1
410,1,1,2,1,2,0,0,2,1,2,1,0,1,1,1,1,0,0,1,0,1,1,0,1,2,1,1,1,1,1,1,1,1,0,1,1,0,2,2,2,0,1,1
411,2,1,2,0,0,1,0,2,1,2,1,0,1,0,1,1,0,0,1,0,1,1,1,2,2,1,1,1,1,1,1,1,1,1,0,0,1,1,2,1,1,1,1
412,1,0,1,1,2,0,0,0,2,2,1,0,1,0,0,1,0,0,1,0,0,1,1,1,2,1,1,1,1,1,2,1,1,1,0,0,1,2,2,1,1,1,1
413,1,1,1,1,2,1,0,0,1,2,1,0,1,1,1,1,0,0,1,0,1,1,1,1,2,0,1,1,1,1,2,0,1,1,0,0,1,2,2,1,1,2,1
414,2,1,0,1,1,1,0,1,0,2,1,0,1,1,0,1,0,0,1,0,1,1,2,1,2,2,1,1,1,1,0,1,0,1,1,0,1,2,2,1,1,2,1
415,1,0,1,1,0,1,0,1,1,2,1,0,1,2,2,1,0,0,1,0,1,1,1,1,2,0,1,1,1,2,2,1,1,0,0,0,0,1,2,0,0,1,1
416,1,1,1,1,2,0,0,1,2,2,1,0,1,1,1,1,0,0,1,0,2,1,1,1,2,1,1,1,1,2,2,1,0,0,0,0,0,2,2,0,0,1,1
417,1,1,1,1,1,1,0,1,2,2,2,0,1,1,1,1,0,0,1,0,1,1,2,0,2,1,1,0,1,1,2,1,0,0,1,0,0,0,2,1,0,1,0
418,2,0,0,1,0,1,0,2,0,2,0,0,1,0,1,1,0,0,1,0,1,1,2,1,2,2,1,1,1,0,0,2,0,1,2,0,1,0,2,1,2,0,1
419,0,2,0,1,0,1,0,1,0,2,1,0,1,1,1,1,0,0,1,0,1,1,0,1,2,0,1,1,1,1,2,2,0,1,2,0,1,2,2,1,0,0,1
420,2,0,2,1,0,0,1,1,0,2,1,0,1,1,1,1,0,0,1,0,1,1,1,0,2,1,1,1,2,0,2,0,0,1,0,0,1,1,0,1,1,0,1
421,2,2,1,1,1,1,0,1,2,2,1,0,1,0,1,1,0,0,1,0,1,1,1,1,1,2,1,1,2,2,1,1,0,0,0,0,1,1,2,1,0,1,1
422,1,1,1,1,0,1,0,2,0,2,1,0,1,1,1,2,0,0,1,0,2,1,1,1,2,1,1,1,1,2,1,2,0,0,0,0,1,2,1,1,0,0,1
423,0,0,1,1,0,1,0,2,0,2,2,0,1,1,1,1,0,0,1,0,1,1,1,1,2,0,1,1,1,1,1,2,0,1,2,0,1,0,0,1,0,1,1
424,1,2,1,1,0,1,1,2,2,2,2,0,1,1,1,1,2,0,1,0,1,1,1,0,2,1,1,1,1,1,1,1,1,2,0,0,1,1,0,1,1,1,1
425,1,0,0,1,2,1,0,1,2,2,2,0,1,0,1,1,1,0,1,0,1,1,1,1,2,0,1,1,2,1,1,2,1,1,0,1,1,0,2,1,2,2,1
426,2,0,0,1,0,0,0,1,2,2,2,0,1,0,1,1,0,0,1,0,1,1,1,1,2,0,1,1,1,1,0,1,1,2,1,1,1,2,2,2,0,0,1
427,2,1,1,1,2,1,0,1,2,2,0,0,1,0,1,1,0,0,1,0,1,1,1,2,2,1,1,0,1,1,0,2,1,0,1,1,0,2,2,0,0,2,1
428,1,0,1,1,1,0,0,0,2,2,2,0,1,0,2,1,2,0,1,0,1,1,1,1,2,1,1,1,1,1,2,1,1,2,0,0,1,2,2,2,0,1,1
429,1,2,1,1,2,1,1,2,0,2,1,0,1,0,1,1,2,0,1,0,1,1,1,1,2,0,1,1,1,1,1,2,1,0,2,0,1,1,2,2,0,1,1
430,1,0,1,1,0,1,1,1,2,2,1,0,1,0,1,1,0,0,0,0,1,1,0,0,2,1,1,1,1,1,0,2,1,1,0,1,1,2,1,0,2,2,1
431,2,2,1,1,1,2,0,0,0,2,2,0,1,1,2,1,0,0,1,0,1,1,1,0,2,1,1,1,1,2,2,2,1,1,1,0,1,0,0,2,0,1,1
432,1,0,1,1,2,2,0,0,2,2,0,2,1,1,1,1,0,0,1,0,1,1,1,1,2,1,1,1,1,1,1,1,1,1,0,0,1,2,1,1,1,1,1
433,1,2,2,1,0,2,0,1,2,1,0,2,1,1,0,1,0,0,1,0,1,1,1,1,2,1,1,1,1,1,1,1,1,0,0,1,1,0,0,2,0,1,1
434,0,1,2,1,2,2,2,1,2,1,0,2,1,2,2,1,0,0,1,0,1,1,1,0,2,1,1,1,1,1,1,1,1,0,1,0,1,0,1,0,0,1,1
435,0,1,1,1,2,0,1,1,2,1,0,2,1,1,2,1,1,0,1,0,1,1,2,1,2,1,1,1,1,1,0,1,1,0,0,0,1,2,2,2,2,0,1
436,1,1,1,1,2,0,0,2,0,2,2,2,1,2,0,1,1,0,1,0,1,1,2,1,2,1,1,1,1,1,1,2,1,2,0,0,1,0,2,1,1,1,1
437,2,1,1,1,0,0,1,2,2,1,2,2,1,0,1,1,1,0,1,0,1,1,1,1,2,0,1,1,1,1,0,1,1,2,1,0,1,0,1,0,1,2,1
438,0,0,1,1,1,2,1,0,2,1,0,2,1,1,2,1,1,0,1,0,2,1,1,1,1,0,1,1,1,1,2,2,1,2,0,1,1,0,2,2,0,2,1
439,2,1,1,1,0,2,2,2,2,2,2,2,1,1,1,1,1,0,1,0,1,1,1,1,2,0,1,1,1,2,1,1,1,1,1,0,0,0,2,1,0,1,1
440,1,1,1,1,2,1,0,1,2,2,1,2,1,1,0,1,0,0,1,0,1,1,1,1,2,1,1,1,1,1,1,2,1,0,1,0,1,2,2,2,0,0,1
441,1,0,1,1,2,1,0,1,1,2,2,2,1,0,1,1,0,0,1,0,1,1,1,1,2,1,1,1,1,0,2,0,1,0,1,2,1,1,1,1,2,0,1
442,1,1,1,1,2,1,2,1,2,2,2,2,1,0,0,1,2,0,1,0,1,1,1,1,2,0,1,1,1,0,1,1,1,1,2,1,1,0,2,1,0,1,1
443,1,1,1,1,2,1,1,1,0,2,1,2,1,0,1,1,2,0,1,0,1,0,1,1,2,0,1,1,1,1,2,0,1,0,1,2,2,1,2,1,1,1,1
444,1,0,0,1,0,1,2,1,1,2,1,0,1,0,2,0,2,0,1,0,1,2,1,1,2,0,1,1,1,1,0,0,1,2,2,2,2,0,2,2,2,0,1
445,1,2,0,1,1,2,0,1,2,2,1,0,1,1,1,1,2,0,1,0,1,0,1,1,2,0,1,1,1,1,1,0,1,0,2,0,1,2,2,1,0,1,1
446,0,1,1,1,2,1,1,0,0,2,1,0,1,1,1,1,1,0,1,0,1,0,1,1,2,1,1,1,1,1,1,1,1,0,0,0,1,1,2,0,1,1,1
447,1,1,1,1,2,2,1,2,2,2,1,0,1,0,2,1,1,0,2,0,1,2,1,1,2,1,1,1,1,1,1,2,1,1,2,1,1,0,2,1,1,1,1
448,1,1,1,1,2,2,1,1,0,2,0,0,1,1,2,1,1,0,1,0,1,2,1,0,2,1,1,1,1,1,1,1,1,2,0,1,1,1,2,1,0,1,1
449,1,1,1,1,1,2,0,1,0,2,2,0,1,1,0,1,0,0,1,0,1,2,1,1,1,1,1,1,1,1,0,2,1,2,1,1,1,1,1,2,0,1,1
450,1,2,1,1,2,2,1,0,0,2,2,0,1,0,1,1,1,0,1,0,1,0,1,0,2,0,1,1,0,1,1,2,1,2,2,1,1,0,2,1,1,2,1
451,1,2,2,1,2,2,1,2,2,2,2,0,1,2,0,1,0,0,2,0,1,2,0,1,2,0,1,1,1,1,2,1,1,1,0,2,1,1,2,0,0,1,1
452,0,1,1,1,2,2,1,2,2,2,2,0,1,1,2,1,2,0,1,0,1,1,1,1,2,0,1,1,1,1,2,0,1,0,1,0,1,0,2,2,0,2,1
453,1,0,1,1,2,1,1,2,2,2,1,0,1,0,1,1,2,0,1,0,1,1,1,0,2,0,1,1,1,1,0,0,1,0,1,0,1,2,2,1,0,1,1
454,2,2,0,1,0,1,1,2,2,2,1,0,1,1,1,1,2,0,1,0,1,2,1,0,2,0,1,1,1,2,1,2,1,1,1,2,2,1,2,1,0,1,0
455,2,1,1,1,0,1,1,2,1,2,1,0,1,1,2,1,2,0,1,0,2,1,2,0,0,0,1,1,1,1,1,1,1,2,2,0,1,1,2,1,2,2,1
456,2,1,0,1,1,2,1,1,0,2,1,0,1,0,1,1,2,0,1,0,1,1,1,1,2,1,1,0,1,1,0,1,1,0,1,0,1,0,2,1,1,0,1
457,0,0,1,1,2,2,1,1,2,2,1,0,1,1,1,1,0,0,1,0,0,1,1,1,2,1,1,1,1,1,1,2,1,2,0,1,0,2,1,0,1,0,1
458,1,0,1,1,2,2,1,0,2,2,0,0,1,2,2,1,2,0,1,0,1,1,1,1,2,1,1,1,2,1,1,2,1,2,1,1,0,1,2,1,1,2,1
459,1,1,1,1,0,2,1,2,1,2,0,0,1,0,2,1,2,0,0,0,1,1,1,0,2,0,1,2,2,1,1,2,1,1,0,0,0,1,2,2,1,1,1
460,2,0,1,1,1,2,1,2,0,2,0,0,1,1,0,1,2,0,1,0,1,1,1,1,2,1,1,1,1,1,2,0,1,1,0,0,0,1,2,0,0,1,1
461,1,1,1,1,0,2,1,0,1,2,2,0,1,0,2,1,2,0,1,0,1,1,1,1,2,1,1,1,2,1,1,2,1,1,1,0,2,0,1,2,0,2,1
462,1,0,1,1,0,2,1,0,1,2,0,0,1,2,2,1,2,0,1,0,1,1,1,0,0,0,1,1,0,1,2,1,2,0,0,0,0,1,1,2,1,0,0
463,0,0,1,1,1,2,1,2,0,2,0,0,1,1,0,1,2,0,1,0,1,1,2,2,2,1,1,1,2,1,1,0,1,1,1,0,2,2,0,0,0,0,1
464,1,0,1,1,2,2,1,1,2,2,0,0,1,0,1,1,2,0,1,0,1,1,1,1,1,1,1,1,0,1,1,2,1,2,0,1,0,1,1,0,0,1,2
465,0,0,2,1,2,2,1,1,2,2,2,0,1,1,1,1,0,0,1,0,1,1,1,1,1,0,1,1,0,1,1,2,1,1,0,0,1,2,2,1,0,1,1
466,1,0,1,1,0,2,1,1,2,2,2,0,1,0,2,1,2,0,1,0,2,1,1,1,0,0,0,1,1,1,1,2,1,0,2,0,1,0,1,1,0,1,1
467,2,0,1,1,0,2,1,1,2,2,0,0,1,0,1,1,1,0,1,0,1,1,1,1,2,2,1,1,2,1,1,0,0,1,0,1,1,0,2,1,0,1,1
468,1,1,2,1,2,2,1,1,2,2,2,0,1,0,1,1,0,0,0,0,0,1,1,1,2,0,1,1,0,1,0,2,1,2,0,1,1,1,0,1,0,0,1
469,1,0,2,1,2,2,1,1,1,2,2,0,1,1,1,1,0,0,1,0,1,1,1,1,2,2,1,1,1,1,0,1,1,2,1,1,1,1,2,1,2,1,2
470,0,1,1,1,2,2,1,2,1,2,0,0,1,0,0,1,1,0,2,0,2,1,1,1,2,0,1,1,2,1,2,1,0,0,2,1,1,2,2,0,0,1,1
471,1,1,2,1,2,2,1,1,1,2,2,0,1,0,2,1,0,0,1,0,1,1,1,0,2,0,1,1,2,1,1,1,2,0,1,1,1,1,2,2,0,1,1
472,1,1,1,1,0,2,1,2,1,2,0,0,1,1,1,1,0,0,1,0,1,1,1,1,2,0,1,1,2,1,2,1,1,0,1,1,1,2,2,2,0,1,1
473,1,0,1,1,2,1,1,1,0,2,0,0,0,1,0,1,1,0,1,0,1,1,1,0,2,0,1,1,1,1,1,0,1,0,1,1,1,1,2,2,1,2,1
474,0,2,1,1,1,2,1,0,0,2,0,0,2,2,2,1,1,0,1,0,1,1,1,1,2,0,1,1,1,1,1,1,1,0,1,1,1,1,2,2,1,1,1
475,1,2,1,1,2,1,1,0,1,2,2,0,1,0,1,1,1,0,1,0,1,1,1,1,2,0,1,1,1,1,1,1,1,1,2,0,0,1,2,1,0,1,1
476,1,2,2,1,2,1,1,1,2,2,0,0,0,0,1,1,2,0,1,0,1,1,1,0,2,2,1,1,1,1,0,2,0,1,1,1,1,0,2,1,0,0,1
477,1,2,1,1,1,1,1,2,2,2,0,0,0,2,0,1,2,0,1,0,1,1,1,0,1,1,1,1,1,1,0,1,1,0,1,1,1,1,2,2,0,1,1
478,1,0,1,1,1,1,1,2,1,0,0,0,0,0,1,1,2,0,1,0,1,1,1,2,1,1,1,1,1,1,1,2,1,0,0,0,1,2,2,2,1,2,1
479,2,1,1,0,1,0,1,0,1,2,2,0,0,1,1,1,1,0,1,0,1,1,1,1,0,1,1,1,1,1,1,1,2,2,1,0,1,1,2,1,0,0,1
480,1,2,1,1,2,1,1,1,2,2,0,0,0,1,0,1,1,0,1,0,1,1,1,2,0,1,1,1,1,1,0,2,1,0,1,1,1,1,2,0,0,2,1
481,1,1,1,1,1,0,1,1,2,2,0,0,1,2,2,1,1,0,1,0,1,1,1,0,2,2,1,1,1,1,2,1,0,1,1,1,1,2,2,1,0,1,1
482,2,2,1,1,2,0,1,1,2,2,1,0,1,2,2,1,2,0,1,0,1,1,1,1,2,0,1,1,1,1,1,2,0,2,0,1,1,2,2,1,1,1,1
483,2,1,1,1,0,2,1,0,2,2,1,0,1,2,2,1,1,0,1,0,1,1,1,1,2,0,1,1,1,1,2,2,1,1,1,1,1,2,2,0,0,2,1
484,0,2,1,1,2,1,1,0,2,2,1,0,1,0,0,1,1,0,1,0,1,1,1,1,2,0,1,1,1,1,1,1,0,2,1,2,1,0,2,1,1,0,1
485,1,1,2,1,2,1,1,0,2,2,1,0,1,2,1,1,1,0,1,0,1,1,2,1,1,0,1,1,1,1,1,1,2,2,2,1,1,1,0,1,0,0,1
486,1,2,1,1,2,1,1,1,2,2,1,0,1,0,1,0,1,0,1,0,1,1,1,1,2,0,1,1,1,1,1,1,1,1,0,1,0,0,2,1,2,0,1
487,1,1,1,1,1,1,1,0,0,2,1,0,1,2,2,1,1,0,1,0,1,1,1,2,2,0,1,0,1,1,0,1,1,1,0,1,1,0,2,2,1,2,1
488,0,2,1,1,2,1,1,0,1,2,2,0,1,2,1,1,0,0,1,0,1,1,1,0,2,0,1,1,1,1,0,1,1,0,1,0,1,1,2,2,1,2,1
489,1,1,1,1,2,1,1,2,2,2,0,0,1,1,1,1,1,0,1,0,1,1,1,0,2,0,1,1,1,1,2,2,2,2,2,0,1,1,2,2,0,0,0
490,0,1,2,1,1,2,1,1,1,1,0,0,1,0,0,1,1,0,1,0,1,1,0,1,2,2,1,1,1,1,2,2,1,0,1,0,1,0,2,2,1,1,0
491,0,0,0,1,2,2,1,1,2,1,2,0,1,0,1,1,1,0,1,0,1,1,1,2,2,2,1,1,2,1,1,1,1,2,0,0,1,0,2,2,1,1,1
492,1,0,1,1,0,0,0,2,1,2,2,0,1,1,1,1,2,0,1,0,1,1,1,1,2,0,1,1,1,1,0,1,1,1,0,0,1,1,2,0,2,2,2
493,2,0,2,1,2,2,0,1,2,1,2,0,1,2,2,1,2,0,1,0,1,1,1,0,2,0,1,1,1,1,1,1,1,1,1,1,1,0,2,2,2,1,1
494,2,1,1,1,1,2,0,1,2,2,0,0,1,2,2,1,2,0,1,0,1,1,1,1,2,1,1,1,1,1,1,0,1,1,0,1,1,1,2,0,2,0,1
495,2,1,1,1,2,2,0,1,2,2,2,0,1,0,1,1,2,0,1,0,1,1,1,1,2,0,1,1,2,1,1,2,1,1,2,1,1,0,0,2,0,2,1
496,1,0,2,1,2,2,0,0,2,2,2,0,1,2,0,1,1,0,1,0,1,1,1,0,2,1,1,1,2,2,2,1,1,1,0,0,1,0,2,2,0,0,1
497,1,1,1,1,2,2,1,1,2,2,0,0,1,2,2,1,1,0,2,0,1,1,1,1,2,1,1,1,1,2,1,1,1,2,0,0,1,1,2,1,1,0,1
498,1,0,1,1,1,2,0,1,2,2,1,0,1,1,0,1,1,0,0,0,1,1,0,1,2,1,1,1,0,2,1,2,1,2,0,0,1,0,2,1,2,1,1
499,1,1,1,1,2,1,0,1,2,2,1,0,1,2,0,1,2,0,0,0,1,1,1,1,2,2,1,1,1,1,0,0,1,1,1,0,1,1,2,1,0,0,1
500,1,0,1,1,0,2,0,1,2,2,1,0,1,2,1,1,1,0,1,0,1,1,0,1,2,2,1,1,1,1,2,0,1,1,2,0,1,1,0,2,0,0,1
501,2,2,1,1,2,2,2,0,2,2,0,0,1,1,2,1,1,0,2,0,1,1,2,1,2,1,1,0,1,0,2,1,1,2,1,1,1,2,2,2,0,1,0
502,1,0,1,1,0,1,1,2,0,2,2,0,1,1,1,1,1,0,1,0,1,1,1,1,2,1,1,1,1,1,0,1,1,1,2,1,1,2,2,0,1,1,1
503,2,1,1,1,2,1,0,2,0,2,0,0,1,0,1,1,1,0,1,0,2,1,1,1,2,1,1,1,1,1,0,1,2,1,1,1,1,1,2,1,2,0,1
504,1,2,1,1,0,2,1,1,1,2,1,0,1,1,1,1,1,0,1,0,1,1,1,1,2,1,1,1,1,2,1,2,1,1,1,1,1,1,2,1,0,2,1
505,2,0,1,1,2,2,0,1,2,2,1,0,1,1,2,1,2,0,0,0,1,1,1,1,2,0,1,1,1,1,1,2,1,1,0,1,1,1,0,0,0,2,1
506,0,0,2,1,2,2,0,1,2,2,1,0,1,0,0,1,2,0,1,0,1,1,1,1,2,0,1,1,1,1,1,0,0,2,2,1,1,1,1,2,2,2,2
507,1,0,1,1,2,2,1,2,2,2,0,0,1,0,1,1,2,0,1,0,1,1,1,1,1,0,1,1,1,2,2,1,1,1,1,1,1,0,2,0,0,2,1
508,1,2,1,1,1,2,0,2,2,2,2,0,1,0,2,1,0,0,1,0,1,1,1,1,1,0,1,1,1,1,2,0,1,1,1,0,1,1,1,2,0,2,1
509,1,0,1,1,1,1,0,2,2,2,0,0,1,2,1,1,0,0,1,0,1,1,1,1,1,0,1,1,1,1,2,0,1,0,1,1,1,0,0,1,0,2,1
510,2,1,1,1,0,1,0,1,2,1,2,0,1,1,1,1,0,0,1,1,1,1,1,1,0,0,1,1,1,1,1,0,1,0,0,1,0,1,2,1,2,2,2
511,2,0,1,1,2,1,0,0,0,2,0,0,1,0,1,1,0,0,1,0,1,0,1,1,1,0,1,1,1,1,2,1,1,1,0,0,1,1,0,1,0,0,1
512,2,2,2,1,2,2,0,2,2,2,0,0,1,2,2,1,0,0,1,0,1,1,0,1,1,0,1,1,2,1,1,2,1,1,0,1,1,1,0,1,0,1,1
513,1,0,1,1,2,2,0,1,2,2,0,2,1,0,1,1,0,0,1,0,1,0,1,1,1,0,0,1,1,1,1,2,1,0,0,0,1,1,2,2,0,1,1
514,1,0,1,1,0,1,0,2,2,2,0,0,1,0,2,2,0,0,1,0,1,1,1,0,1,0,1,1,1,1,1,0,1,1,2,1,1,0,2,2,1,0,1
515,1,1,1,1,1,2,0,2,2,2,1,0,1,0,0,1,0,0,1,0,2,0,0,1,1,2,1,1,2,1,2,2,1,0,2,0,1,2,2,0,1,2,1
516,2,0,1,1,2,2,0,1,0,2,1,0,1,1,1,1,0,0,1,0,1,1,1,1,1,0,1,1,2,1,2,0,1,2,0,0,1,1,1,2,1,1,1
517,1,0,2,1,0,1,0,2,2,2,1,0,1,0,1,1,0,0,1,0,1,1,1,1,0,0,1,1,1,2,2,2,2,1,1,0,0,0,1,1,2,1,0
518,1,1,1,1,2,2,0,1,2,2,1,0,1,1,0,1,0,0,1,0,1,0,2,2,1,1,1,1,1,1,1,0,1,1,0,2,1,2,2,0,2,1,1
519,1,0,1,1,2,2,0,2,2,2,1,0,1,0,0,1,0,0,1,0,1,1,1,0,1,0,1,1,2,1,1,0,1,2,0,0,1,2,2,2,0,1,1
520,0,2,1,1,2,1,1,2,1,2,1,0,1,1,2,1,0,0,1,0,1,1,1,2,0,0,1,1,1,2,1,2,1,1,2,0,1,0,2,0,2,1,1
521,2,0,1,1,2,1,0,0,2,2,1,0,1,2,1,1,0,0,1,0,1,1,1,1,1,1,1,1,1,2,1,2,1,1,1,1,1,0,2,1,2,2,1
522,1,0,1,1,2,2,0,2,2,2,1,0,1,1,2,1,2,0,1,0,1,2,1,1,1,1,1,1,1,2,1,0,1,1,0,2,1,0,2,1,0,1,1
523,1,2,1,1,2,2,0,0,2,2,1,0,1,1,0,1,0,0,1,0,1,2,1,1,1,0,1,1,1,1,0,1,1,0,1,1,1,0,1,1,1,2,2
524,1,2,1,1,1,1,1,2,0,2,1,0,1,1,1,1,0,0,1,0,1,2,1,1,1,0,1,1,1,2,1,2,1,0,0,1,1,0,2,1,2,2,1
525,1,1,1,1,2,2,0,0,2,2,1,0,1,1,1,1,0,0,1,0,1,2,0,1,1,1,1,1,2,1,2,1,1,1,0,1,1,2,0,1,1,1,1
526,1,0,1,1,0,1,0,2,2,2,1,0,1,0,1,1,0,0,1,0,2,1,1,1,1,0,1,1,1,1,2,1,1,1,0,2,1,2,2,1,1,1,1
527,1,0,1,1,1,2,1,1,0,1,1,0,1,2,1,1,0,0,2,0,1,1,1,1,1,1,1,1,1,1,2,2,1,0,0,0,1,0,2,2,2,2,1
528,0,2,1,1,2,0,1,0,0,2,1,0,1,1,0,1,2,0,1,0,1,1,1,1,1,0,1,1,2,1,2,0,1,1,1,2,1,1,2,0,0,1,1
529,0,1,1,1,1,2,1,2,0,1,1,0,1,2,0,1,2,0,1,0,2,1,1,2,1,0,1,0,1,2,2,0,1,2,0,1,0,1,0,0,0,0,1
530,1,2,1,1,2,1,1,0,2,2,1,0,1,0,1,1,2,0,1,0,1,0,1,1,1,1,1,1,1,1,1,2,1,1,1,1,1,0,0,1,2,1,1
531,1,0,1,1,0,2,1,1,2,2,1,0,1,0,1,1,2,0,1,0,1,2,1,1,1,0,1,1,1,1,0,1,1,1,2,0,0,2,0,2,1,0,1
532,1,1,1,1,2,2,1,1,2,2,1,0,1,1,1,1,2,0,1,0,1,2,1,1,0,2,1,1,2,1,1,1,1,1,1,0,1,2,2,2,2,1,1
533,2,1,1,1,1,2,1,2,0,1,1,0,1,0,1,1,1,0,1,0,1,1,1,1,1,1,1,1,1,1,1,2,1,0,0,0,1,1,2,2,2,1,1
534,1,1,1,1,2,2,0,2,2,2,1,0,1,2,1,1,0,0,1,0,1,0,1,1,1,1,1,1,1,1,1,1,1,0,0,0,1,1,0,1,1,0,1
535,0,0,1,1,0,1,0,1,2,2,1,0,1,1,1,1,0,0,1,0,0,1,1,1,0,0,1,1,2,1,1,2,0,0,0,1,1,1,0,1,2,1,1
536,1,2,1,1,1,2,0,2,1,2,1,0,1,2,1,1,0,0,1,0,1,2,1,1,1,0,1,1,1,1,1,1,1,0,0,1,1,0,1,1,0,2,0
537,1,1,1,1,2,2,0,2,2,2,1,0,1,2,2,1,0,0,1,0,1,1,1,1,0,0,2,0,1,1,0,2,0,1,0,0,1,2,1,1,0,1,1
538,1,0,1,1,2,2,0,0,2,2,1,0,1,1,1,2,0,0,1,0,1,0,1,1,1,2,1,1,1,2,1,2,1,1,2,0,0,1,1,0,1,1,1
539,2,1,1,1,2,2,0,1,0,2,1,0,1,0,0,1,0,0,1,0,1,1,1,2,0,0,1,1,0,2,2,2,0,0,0,0,0,0,1,0,0,0,0
540,1,0,1,1,2,2,0,2,1,2,1,0,1,0,0,1,0,0,1,0,1,1,1,1,1,2,1,1,2,2,1,1,0,0,1,0,2,0,1,2,1,1,2
541,0,0,0,1,0,2,0,2,0,2,1,0,1,0,2,1,0,0,1,0,1,1,1,0,1,0,1,1,0,2,2,2,1,0,1,0,1,1,1,2,0,0,2
542,1,0,1,1,2,2,0,0,2,2,1,0,1,0,1,1,0,0,1,0,1,1,1,2,0,0,1,1,0,2,1,2,1,2,0,1,1,0,1,1,0,0,1
543,0,1,1,1,1,2,0,0,0,2,1,0,1,1,1,1,0,0,1,0,1,1,1,1,1,2,1,1,2,1,1,2,0,1,0,1,1,1,1,2,0,0,1
544,1,0,1,1,1,2,1,1,2,2,1,0,1,1,2,1,0,0,1,0,1,1,1,1,1,0,1,0,1,1,1,1,0,1,2,1,1,2,0,2,2,2,1
545,0,0,1,1,0,2,2,1,1,2,1,0,1,1,1,1,0,0,1,0,1,1,1,2,1,0,1,1,1,1,0,1,1,1,0,0,1,0,0,2,1,1,1
546,0,0,1,1,2,2,2,1,2,2,1,0,1,0,2,1,0,0,1,0,1,1,2,0,1,1,1,1,1,1,0,0,2,2,2,2,1,2,1,2,0,1,1
547,0,0,1,1,2,2,2,1,1,2,1,0,1,0,1,1,0,0,1,0,1,1,1,1,1,1,1,1,1,1,2,2,0,0,1,0,1,2,2,1,1,1,1
548,2,2,1,1,0,2,2,2,2,2,1,0,1,1,2,1,0,0,1,0,2,1,1,1,0,1,1,1,1,1,0,1,1,1,2,1,1,0,1,0,1,1,1
549,0,1,1,1,0,2,2,2,2,2,1,0,1,0,1,1,0,0,2,0,1,1,1,1,2,1,1,1,1,1,2,1,1,0,1,0,1,1,2,1,0,2,1
550,0,1,1,1,0,1,2,2,2,2,1,0,1,0,2,1,1,0,1,0,1,1,1,0,0,1,1,1,1,1,2,1,1,0,1,0,1,0,2,1,1,1,1
551,0,2,1,1,0,1,2,2,0,2,1,0,1,1,1,1,2,0,1,0,1,1,1,1,0,1,1,0,1,1,2,1,0,2,0,0,1,2,1,2,1,1,1
552,2,2,1,1,2,1,2,2,2,2,1,0,1,2,1,1,2,0,1,0,1,1,1,0,2,0,1,1,1,1,1,0,1,2,1,0,1,2,2,1,1,1,1
553,1,2,1,1,0,1,0,2,2,2,1,0,1,2,1,1,1,0,1,0,1,1,1,1,0,2,1,1,1,0,2,1,1,2,0,0,1,1,1,0,0,1,1
554,0,2,1,1,0,2,0,1,2,2,0,0,1,0,2,0,2,0,1,0,1,1,1,0,0,0,1,1,1,1,1,2,0,2,0,0,1,0,2,0,0,1,1
555,2,0,2,2,0,2,0,1,2,2,1,0,1,0,1,1,1,0,1,0,1,1,1,1,1,0,1,1,1,1,2,1,0,2,0,0,1,0,0,2,0,1,1
556,1,0,1,1,1,1,0,1,1,2,1,0,1,0,1,1,2,0,1,0,1,1,1,1,0,0,1,1,1,1,2,2,0,2,0,0,0,1,1,1,0,0,1
557,1,1,1,1,2,1,0,1,1,2,1,0,1,2,1,1,2,0,1,0,1,1,1,2,2,1,1,1,1,0,2,2,1,2,2,0,1,2,1,1,0,1,0
558,1,0,1,1,2,1,0,1,2,1,1,0,1,1,1,1,1,0,1,0,1,1,1,1,1,1,0,1,1,1,2,0,1,0,0,0,1,1,2,1,2,1,1
559,1,2,1,1,2,1,0,2,2,2,2,0,1,1,1,1,2,0,1,0,2,1,1,1,1,0,1,1,1,1,1,2,0,2,1,1,2,0,0,0,1,1,1
560,0,2,1,1,0,1,0,2,2,2,0,0,1,0,1,1,2,0,1,0,1,1,1,1,0,1,1,1,1,1,1,1,1,1,0,1,1,1,2,1,1,1,1
561,1,0,1,1,2,1,0,1,2,2,0,0,1,1,1,1,2,0,1,0,1,1,1,1,0,1,0,1,1,1,2,1,1,0,1,2,1,0,2,1,2,1,1
562,1,0,0,1,0,1,0,2,2,2,2,0,1,1,1,1,1,0,1,0,1,1,1,1,0,1,1,1,1,1,1,2,1,1,1,1,1,1,1,2,0,1,1
563,0,2,0,1,0,1,1,1,2,1,2,0,1,2,1,1,2,0,2,0,1,1,1,1,0,1,1,1,1,1,1,0,1,2,0,1,0,1,0,1,1,1,1
564,0,2,1,1,2,1,0,2,1,2,2,0,1,2,0,1,2,0,0,0,1,1,1,0,0,1,1,1,1,1,1,2,1,1,1,0,1,0,0,2,0,1,1
565,2,0,1,1,1,1,0,1,1,2,0,0,1,1,1,0,2,0,1,0,1,1,1,0,1,1,1,1,2,1,1,1,0,2,0,2,1,2,2,2,0,1,1
566,0,0,1,1,2,1,1,1,2,1,2,0,1,2,0,1,2,0,1,0,1,2,1,0,1,0,1,1,1,1,0,0,1,0,1,1,1,0,1,1,0,1,2
567,1,2,1,1,0,1,1,2,2,2,1,0,1,1,2,0,2,0,1,0,1,2,1,0,1,1,1,1,1,1,1,2,0,1,1,2,1,1,0,0,0,1,1
568,2,0,0,1,1,1,0,2,2,2,2,0,1,1,0,1,2,0,1,0,1,0,1,1,0,1,1,1,1,1,1,2,1,2,1,1,0,0,0,1,1,1,2
569,1,0,0,1,1,1,0,2,2,2,1,0,1,0,1,1,0,0,1,0,1,2,1,1,1,1,1,1,1,1,1,2,2,1,0,1,1,0,0,2,2,1,1
570,2,0,1,1,2,1,0,0,2,2,1,0,1,0,2,1,2,0,1,0,1,1,1,2,1,1,1,1,0,1,1,1,1,1,0,1,1,0,2,1,1,1,1
571,2,1,1,1,1,1,0,2,2,2,1,0,1,1,1,1,2,0,1,0,1,0,1,0,2,1,1,1,0,1,1,2,2,1,0,1,1,1,0,1,2,2,1
572,2,2,1,2,1,1,0,2,2,2,1,0,1,0,1,1,2,0,1,0,1,0,1,1,2,1,1,1,0,0,2,2,1,1,1,1,1,1,0,1,1,1,1
573,1,1,1,1,2,1,2,1,0,2,1,0,1,0,2,1,2,0,1,0,1,1,1,1,2,0,1,1,1,1,1,1,1,1,0,2,1,0,0,1,1,0,2
574,1,2,1,1,1,1,0,1,2,1,1,0,1,0,1,1,0,0,0,0,1,1,1,1,2,0,1,1,1,1,2,2,1,2,0,0,1,1,1,1,1,0,1
575,2,0,1,1,2,1,0,1,2,2,1,0,1,2,1,1,0,0,1,2,1,0,1,1,2,1,1,1,1,1,1,1,1,1,2,1,1,0,2,1,2,1,1
576,1,2,1,2,2,1,2,1,1,2,1,0,1,0,1,1,0,0,1,2,1,0,2,1,2,1,1,1,1,1,1,2,1,1,0,1,1,0,2,2,1,2,1
577,2,2,1,1,2,1,0,1,2,2,1,0,1,0,1,1,0,0,2,2,1,2,1,1,2,1,1,1,1,1,2,1,1,1,0,1,1,1,2,1,2,1,1
578,0,1,1,1,2,1,0,1,2,2,1,0,1,0,2,1,0,0,1,2,1,1,1,1,1,2,1,1,1,1,1,2,2,1,1,0,1,0,2,1,1,1,1
579,0,0,1,1,0,1,0,2,0,2,1,0,1,0,1,1,1,0,1,2,1,0,1,1,2,1,1,1,1,1,0,0,0,0,0,0,1,0,2,1,0,1,1
580,2,1,1,1,0,1,0,1,2,2,1,0,1,0,2,1,0,0,1,2,1,1,1,1,0,1,1,1,1,1,1,1,0,1,0,2,1,0,2,2,0,1,1
581,1,0,0,1,0,0,0,1,0,1,1,0,1,1,1,1,2,0,1,2,1,1,1,1,2,1,1,1,1,1,2,0,1,0,0,2,1,0,1,2,1,1,1
582,0,0,1,1,0,1,2,2,2,2,1,0,1,0,0,1,2,0,1,2,1,1,1,0,2,1,1,0,1,1,1,1,1,1,1,2,1,1,0,0,1,2,1
583,0,1,1,1,0,1,0,1,2,2,1,0,1,1,1,1,2,0,1,2,0,1,1,1,2,1,1,1,1,1,2,1,1,1,2,1,1,0,2,2,2,1,1
584,1,0,1,1,0,1,0,2,2,2,1,0,1,1,1,1,2,0,1,2,1,2,1,1,2,1,1,1,1,0,2,1,1,1,0,1,1,2,2,2,0,1,1
585,1,1,1,1,0,1,2,2,2,2,0,0,1,2,1,1,2,0,1,2,1,2,1,2,2,1,1,2,1,1,1,1,2,1,1,1,1,0,2,2,0,2,0
586,2,2,1,1,0,1,2,2,2,2,0,0,1,1,2,1,0,0,1,2,1,2,2,1,2,1,1,1,1,1,1,1,1,0,1,1,1,1,0,1,2,1,1
587,1,2,1,1,0,1,2,1,0,1,2,0,1,1,1,1,2,0,1,2,1,1,1,2,2,1,1,1,1,1,0,2,1,1,0,0,1,2,2,1,1,1,1
588,1,2,1,1,0,1,2,0,2,2,0,0,1,1,1,1,2,0,1,2,1,2,2,1,2,1,1,1,1,1,0,2,1,0,0,1,1,2,2,1,1,1,1
589,1,2,1,1,0,1,1,2,1,2,0,0,1,1,1,1,2,0,1,2,1,2,1,0,2,1,1,2,1,1,0,1,1,2,2,0,1,1,0,1,1,1,1
590,1,0,1,1,0,2,1,0,0,2,1,0,1,1,1,1,2,0,1,1,1,1,1,2,2,1,1,1,1,1,1,1,1,0,0,0,1,1,0,1,1,0,1
591,1,1,2,1,2,2,1,0,1,2,0,0,1,1,1,1,1,0,1,1,0,1,2,1,2,1,1,1,1,1,1,2,1,2,1,0,1,2,0,1,0,1,1
592,0,2,1,1,0,2,1,2,1,2,1,2,1,0,1,1,0,0,1,1,1,1,1,1,2,0,1,1,2,1,0,0,1,1,1,0,1,2,0,0,1,0,1
593,1,1,0,1,0,2,1,1,1,2,0,0,1,0,2,1,0,0,1,1,1,1,2,0,2,1,1,1,0,1,0,0,1,1,2,0,1,1,2,1,2,1,1
594,2,1,1,1,0,2,1,1,1,2,1,0,1,2,1,1,0,0,1,2,2,1,2,1,1,1,1,1,2,1,0,0,1,0,1,1,1,1,2,0,1,0,1
595,1,0,0,1,0,2,1,0,0,2,0,0,1,1,0,1,0,0,1,2,1,1,0,1,1,1,1,2,1,1,1,0,1,1,1,1,1,0,0,1,2,2,1
596,1,2,1,2,0,2,1,2,2,2,1,0,1,2,1,1,2,0,2,2,0,0,2,2,1,1,1,1,1,1,1,1,2,2,2,1,1,1,0,2,2,0,1
597,1,0,1,1,0,2,0,2,2,2,1,0,1,1,2,1,2,0,1,2,1,1,1,1,1,1,1,1,2,1,1,2,0,0,1,2,1,1,0,1,2,0,1
598,2,0,1,1,2,2,2,2,2,2,0,0,1,1,1,1,2,0,1,2,1,1,1,2,1,0,1,1,1,1,1,2,1,1,0,1,1,0,0,1,0,2,1
599,1,0,1,2,2,1,1,1,2,2,0,0,1,0,1,1,2,0,1,2,1,2,1,1,1,1,1,2,1,1,1,1,1,1,0,1,1,0,0,1,0,0,1
600,2,0,1,1,0,2,0,0,1,2,0,0,1,0,1,1,0,0,1,2,1,1,2,2,1,1,1,1,2,0,2,1,2,1,0,0,0,0,2,1,1,1,1
601,0,0,1,1,0,1,1,0,0,2,0,0,1,0,2,1,0,0,1,2,1,0,1,1,1,1,1,1,1,1,1,2,1,0,1,1,0,0,0,1,1,1,1
602,1,2,1,1,0,1,1,0,0,2,2,2,1,0,1,1,0,0,0,2,1,0,2,2,1,2,1,2,2,1,1,2,1,0,0,1,1,2,0,1,1,0,1
603,1,2,1,1,0,1,1,0,2,2,0,2,0,1,1,1,0,0,2,2,1,0,1,2,1,1,1,1,1,1,2,2,1,2,0,2,1,0,1,1,2,1,1
604,0,2,1,1,0,1,1,1,2,2,0,0,1,0,1,1,0,0,1,2,2,1,1,0,1,2,1,1,1,1,0,1,1,1,0,1,0,2,0,1,0,0,1
605,1,0,0,1,0,1,1,1,2,2,0,0,1,1,1,1,0,0,2,2,1,0,1,2,1,1,1,1,1,1,0,1,1,1,0,2,1,2,0,1,0,0,0
606,1,2,1,1,0,1,1,0,0,2,0,0,0,2,1,1,0,0,1,2,0,1,1,2,1,1,1,1,1,1,2,0,1,2,1,1,1,2,1,1,2,0,1
607,0,1,1,1,0,1,1,2,2,2,1,0,0,2,1,1,0,0,1,1,1,1,1,0,1,0,1,1,1,1,2,2,1,0,1,2,1,1,2,1,2,2,2
608,0,1,1,1,0,1,1,2,2,2,1,0,1,0,0,1,1,0,1,2,1,1,1,0,1,2,1,2,1,1,2,1,1,0,1,1,0,1,1,1,1,2,1
609,1,0,1,1,0,1,1,2,2,2,2,0,1,2,2,1,0,0,0,2,2,1,1,0,1,0,1,1,1,1,1,2,1,1,0,2,0,0,0,0,0,0,1
610,2,0,1,1,0,1,1,1,0,2,1,0,1,1,0,1,0,0,0,2,1,1,0,0,1,0,1,1,1,0,2,2,1,1,0,2,1,1,0,2,0,0,1
611,1,2,1,1,0,1,1,2,2,2,1,0,1,1,2,1,2,0,1,2,1,1,0,2,1,0,1,1,1,1,2,2,1,0,1,1,0,1,0,1,1,0,1
612,1,2,1,1,0,1,1,2,2,2,1,0,1,0,0,1,2,0,0,2,1,1,1,1,1,1,1,1,1,1,2,1,1,1,1,1,1,0,0,0,1,0,1
613,0,1,1,1,0,1,1,1,2,2,1,0,1,0,0,1,2,0,2,2,1,1,2,1,1,1,0,1,1,1,1,2,1,0,2,0,0,0,1,2,0,0,0
614,1,1,1,1,0,1,1,1,2,2,0,0,0,1,2,1,0,0,1,2,1,1,1,2,1,1,1,1,1,1,2,1,1,1,0,0,2,0,0,0,1,1,1
615,2,0,1,1,0,1,1,1,0,2,0,2,1,1,2,1,0,0,1,1,1,1,2,1,1,1,1,1,1,1,1,1,1,0,0,0,2,2,0,1,0,0,0
616,1,0,1,1,0,1,1,1,0,2,0,0,1,0,1,1,0,0,1,1,1,1,2,1,1,0,1,2,2,1,2,2,1,2,1,0,0,2,1,1,1,1,1
617,2,1,1,1,0,1,1,2,2,2,0,2,1,1,0,1,0,0,1,2,0,1,1,2,1,1,1,2,1,1,0,0,1,0,0,1,0,1,2,1,0,1,0
618,1,2,1,1,0,1,1,2,1,2,0,0,1,0,0,1,0,0,1,2,1,1,1,1,1,1,1,2,2,1,0,0,1,0,2,1,2,1,0,1,1,0,1
619,2,0,1,1,0,1,1,0,0,2,0,2,1,1,2,1,0,0,2,2,1,1,1,0,1,2,1,2,2,1,0,2,1,0,0,0,0,2,0,2,1,1,1
620,2,2,1,1,0,2,1,0,2,2,2,0,0,1,2,1,2,0,1,2,1,1,1,1,1,2,1,2,1,1,0,0,1,0,0,0,0,1,0,0,2,1,1
621,1,0,1,1,0,2,1,1,2,2,2,1,1,0,2,1,0,0,1,2,1,1,1,1,2,2,1,2,1,1,2,2,0,1,1,0,1,0,2,0,2,0,1
622,0,1,1,1,0,2,1,0,2,2,0,0,1,0,1,1,2,0,1,1,1,1,2,2,1,2,1,2,1,1,2,1,1,1,0,0,1,1,2,2,1,1,1
623,0,0,2,0,0,1,1,1,2,2,2,0,1,0,0,1,2,0,1,2,1,1,1,0,1,0,1,2,1,1,1,0,1,1,0,0,1,1,0,2,1,1,1
624,2,2,1,1,2,1,1,1,0,2,0,2,1,0,1,1,2,0,1,2,1,1,1,2,1,0,1,2,1,0,1,2,1,2,0,0,0,1,2,0,2,0,1
625,1,1,1,1,2,0,1,2,2,2,2,0,1,0,1,1,1,0,2,1,0,1,1,2,1,0,1,2,1,0,1,1,1,1,0,0,0,1,0,0,0,0,1
626,1,0,1,1,2,2,1,1,2,2,2,0,1,2,1,1,2,0,0,1,1,1,1,2,1,2,1,2,1,1,2,0,1,0,0,0,1,1,0,1,1,1,1
627,0,0,2,1,2,2,1,1,2,2,1,0,1,1,2,1,1,0,1,2,1,1,1,1,1,0,1,2,1,1,2,1,1,1,1,0,1,1,0,2,1,1,1
628,0,2,1,1,2,2,1,1,0,2,2,0,1,0,1,1,1,0,1,2,0,1,1,1,1,0,1,2,1,1,1,2,1,2,0,0,1,0,0,2,1,1,1
629,2,0,0,1,2,2,1,1,2,2,0,0,1,0,1,1,0,0,1,2,1,1,2,0,1,0,1,2,1,1,1,2,1,0,1,0,0,0,0,1,1,1,1
630,1,2,1,1,2,2,1,2,0,2,2,0,1,2,2,1,2,0,2,2,2,1,2,2,2,2,1,2,1,0,2,2,1,2,0,0,1,0,2,2,0,1,1
631,0,0,1,1,2,2,1,2,2,2,2,0,1,0,1,1,0,0,2,2,1,1,1,2,1,1,1,2,1,1,1,0,1,0,1,0,1,0,2,0,0,1,1
632,1,2,1,1,2,1,1,2,2,2,2,0,1,0,1,1,0,0,2,2,1,1,2,1,1,1,1,2,1,1,1,1,1,1,2,0,1,2,0,2,1,0,2
633,1,2,1,1,0,2,1,2,2,2,2,0,1,0,1,1,0,0,0,2,1,1,1,2,1,1,1,2,1,1,1,2,2,1,1,0,1,1,2,2,2,1,1
634,1,0,2,1,2,1,1,1,2,2,1,0,1,0,2,1,0,0,1,2,1,1,1,2,1,1,1,2,1,1,2,2,1,2,0,0,1,2,0,1,1,1,1
635,0,0,1,1,1,2,0,0,2,2,1,0,1,2,1,1,1,0,1,2,1,1,1,1,1,2,1,2,1,1,2,1,0,2,0,0,0,2,2,1,1,1,1
636,1,2,1,1,2,0,1,2,0,2,1,0,1,2,1,1,1,0,1,2,1,1,1,1,1,0,1,2,1,1,2,1,1,1,0,0,1,2,2,2,0,1,1
637,2,0,1,1,0,0,1,0,2,2,1,0,1,1,1,1,0,0,1,2,1,1,1,0,2,1,1,2,1,1,2,2,1,1,0,0,0,1,0,2,0,1,1
638,1,2,1,1,2,0,1,0,2,2,1,0,1,0,0,1,2,0,1,1,1,1,1,1,2,1,1,2,1,1,2,2,1,1,0,0,1,2,0,0,1,1,1
639,1,2,1,1,2,0,1,0,0,2,1,0,0,1,1,1,1,0,0,2,1,1,1,1,2,1,1,2,1,1,1,1,2,0,1,0,2,2,0,0,0,2,2
640,1,1,1,1,0,0,0,1,2,2,1,0,1,1,2,1,2,0,0,2,1,1,1,0,2,2,1,2,1,1,1,1,1,2,1,0,1,0,1,2,1,1,1
641,1,1,1,1,0,0,0,1,1,2,0,0,1,1,1,1,2,0,0,2,1,1,1,1,2,0,1,1,1,1,0,0,1,2,1,0,1,1,2,1,2,2,1
642,1,1,1,2,2,0,0,0,1,2,2,0,1,2,2,0,2,0,1,2,1,1,1,1,2,1,1,1,1,1,2,2,1,0,0,0,1,0,2,1,1,0,1
643,1,0,1,1,1,1,0,1,2,2,0,0,1,2,2,1,0,0,1,2,1,1,1,1,2,1,1,2,0,1,2,2,1,0,1,0,1,0,2,2,2,1,1
644,0,0,1,1,1,1,0,0,2,2,0,0,1,1,1,1,1,0,1,2,1,1,1,0,2,1,0,2,1,1,1,0,1,1,1,0,1,2,1,2,2,2,1
645,1,0,1,1,2,2,1,2,2,2,2,0,1,2,2,1,1,0,1,2,1,1,1,0,2,0,1,2,1,1,2,2,1,1,0,0,1,1,0,1,0,1,1
646,0,1,1,2,0,1,0,1,1,2,0,0,1,0,0,1,0,0,1,1,1,1,1,1,2,1,1,2,1,1,1,2,1,0,2,0,1,2,0,1,1,0,1
647,1,0,1,2,2,1,1,1,2,2,2,0,1,0,1,1,2,0,2,2,1,1,1,1,1,0,1,2,1,1,2,2,1,1,0,0,1,0,0,1,0,1,1
648,2,2,1,1,0,2,1,0,2,2,0,0,1,1,2,1,1,0,1,2,1,1,2,1,1,0,1,2,1,1,2,2,1,0,0,0,1,0,2,2,1,0,1
649,2,2,1,1,0,0,1,1,1,2,1,0,1,2,1,1,1,0,1,2,1,1,1,0,1,1,1,2,1,1,2,1,1,0,1,0,1,0,1,1,0,0,1
650,0,2,1,2,0,1,0,1,0,2,1,0,1,0,1,1,1,0,1,2,1,1,1,1,1,0,1,2,1,1,1,1,0,1,2,0,1,1,2,0,1,2,1
651,1,0,1,2,0,1,0,0,2,2,1,0,1,2,1,1,0,0,1,2,2,1,1,1,0,0,1,2,1,0,1,1,1,0,2,0,1,1,0,0,1,0,1
652,2,2,1,1,0,1,1,1,2,2,1,0,1,0,1,1,2,0,0,2,1,1,1,1,1,1,1,2,1,1,2,1,1,1,0,0,1,1,0,1,1,0,1
653,1,0,1,1,0,1,1,1,0,2,1,0,1,2,2,1,0,0,1,2,0,1,1,1,1,1,1,2,1,1,0,1,2,0,1,0,1,1,2,0,1,0,1
654,1,2,1,1,0,1,1,0,1,2,1,0,1,2,1,1,0,0,0,2,1,1,1,1,0,1,1,2,1,1,1,0,1,1,2,0,1,0,0,1,0,0,0
655,1,0,1,1,0,1,0,0,2,2,1,0,1,2,1,1,2,0,1,2,0,1,1,2,1,1,1,2,1,1,2,1,1,1,0,1,1,2,2,1,1,2,1
656,2,0,1,1,0,0,0,0,2,2,1,0,1,0,2,1,0,0,1,2,1,1,1,1,1,1,1,2,1,1,1,0,0,0,0,0,1,0,2,1,0,1,1
657,0,2,1,1,2,1,0,1,1,2,1,0,1,0,1,1,1,0,1,2,1,1,1,1,2,1,1,2,1,1,0,1,1,2,2,1,1,1,2,1,0,0,1
658,1,0,0,1,0,1,0,2,2,2,1,0,1,1,1,1,0,0,1,1,1,1,1,1,1,0,1,2,1,1,2,1,1,2,0,1,1,0,0,1,2,1,1
659,1,2,1,1,1,2,1,1,0,2,1,0,1,0,0,1,0,0,0,1,1,1,1,1,1,0,1,2,1,0,0,2,1,0,0,2,1,2,0,1,0,2,1
660,1,1,0,1,0,2,0,0,0,2,1,0,1,1,1,1,0,0,1,2,1,1,1,1,1,0,1,2,1,0,1,2,1,1,2,2,1,1,2,1,0,1,1
661,2,0,0,1,0,1,1,1,2,2,1,0,1,1,1,1,0,0,1,1,1,1,1,2,1,1,1,2,1,1,1,2,2,1,0,1,0,0,0,2,1,2,1
662,1,2,2,1,0,1,0,0,0,1,1,0,1,0,1,1,1,0,1,2,1,1,2,1,2,1,2,2,1,1,2,2,2,2,2,2,0,0,2,1,1,0,1
663,1,0,2,1,2,2,1,0,2,2,1,0,1,0,1,1,2,0,1,2,0,1,2,1,2,1,1,2,1,1,2,2,0,2,0,1,1,0,1,2,2,1,1
664,1,0,1,1,0,2,1,2,0,2,1,0,1,0,2,1,0,0,1,2,1,1,1,2,2,2,1,2,1,1,0,2,1,1,1,1,1,1,0,2,1,2,1
665,0,2,1,1,0,2,1,1,1,2,1,0,1,1,0,1,0,0,1,2,0,1,2,1,1,1,1,2,1,1,0,1,1,0,0,0,0,1,0,2,1,1,1
666,0,2,1,1,0,2,2,0,2,2,0,0,1,2,0,1,0,0,1,2,1,1,0,1,1,0,1,2,1,1,0,2,1,0,2,0,1,1,0,1,1,0,0
667,0,2,1,1,2,2,0,0,2,2,0,0,1,0,1,1,0,0,1,1,0,1,1,1,1,2,1,2,1,1,1,2,1,0,0,0,0,2,2,1,1,1,1
668,0,2,1,1,0,2,1,0,0,2,2,0,1,2,2,1,1,0,1,2,1,1,1,0,1,0,1,2,0,1,0,2,1,0,1,0,1,2,0,2,2,1,1
669,1,2,1,1,2,2,1,1,2,2,0,1,1,2,2,1,0,0,1,2,1,1,1,1,1,0,1,2,2,1,0,1,1,0,1,0,0,1,2,2,2,0,1
670,1,0,1,1,2,2,1,0,0,2,0,1,0,1,0,1,0,0,1,1,1,1,1,1,1,0,1,2,2,1,2,2,1,0,1,0,1,0,0,1,1,1,1
671,2,1,2,1,2,1,1,1,2,2,1,1,0,0,0,1,0,0,2,2,0,1,1,0,1,0,1,2,2,1,2,2,1,0,2,0,1,2,2,1,1,0,0
672,1,2,1,1,2,0,1,1,2,2,2,1,2,0,2,1,0,0,1,1,1,1,1,1,1,0,1,2,2,1,2,0,1,1,1,0,0,1,2,0,2,0,1
673,0,2,1,1,1,1,0,0,2,2,1,2,1,2,2,1,0,0,1,2,1,1,1,1,1,0,1,2,2,1,2,0,1,1,1,2,0,1,2,2,1,1,1
674,2,2,1,1,1,1,2,0,0,2,0,2,0,1,1,1,0,0,1,2,1,1,1,1,1,0,1,2,1,1,1,1,1,1,2,1,2,0,0,1,0,0,1
675,1,1,1,1,1,1,0,0,2,2,1,1,0,2,2,1,0,0,1,2,1,1,1,1,0,0,1,2,1,1,1,0,2,1,1,0,0,2,2,0,0,0,1
676,0,2,1,1,0,1,0,0,0,1,2,1,0,2,1,1,0,0,1,1,1,1,1,2,1,1,1,2,1,1,1,1,0,0,1,1,2,0,2,2,2,0,1
677,2,2,1,1,2,1,1,0,0,1,0,1,0,0,0,1,0,0,1,2,2,1,2,0,2,2,1,2,1,1,0,2,1,0,0,1,1,0,0,2,2,1,1
678,2,2,1,1,0,1,1,0,2,1,2,1,0,1,0,1,0,0,1,1,1,1,2,0,2,1,1,2,1,0,2,1,2,0,1,1,1,2,0,2,1,0,1
679,0,2,1,1,2,1,0,0,2,1,0,1,2,0,0,1,2,0,1,1,1,1,1,2,2,1,1,2,1,1,2,0,2,2,2,2,1,1,0,1,2,0,1
680,1,0,0,1,0,1,1,0,2,2,0,1,2,1,1,1,2,0,1,2,1,1,2,0,2,1,1,2,1,1,0,2,2,0,1,1,1,0,0,1,0,0,1
681,1,0,1,1,0,1,2,1,2,2,0,1,2,0,0,1,2,0,2,2,1,1,1,1,2,1,1,2,1,1,0,1,2,1,2,1,1,1,0,0,2,2,2
682,1,0,1,1,0,1,0,0,2,2,1,1,2,0,1,1,2,0,1,2,1,1,1,0,0,1,1,2,1,1,2,2,2,1,1,2,1,1,0,2,2,0,1
683,2,0,1,1,0,2,1,0,0,2,1,1,2,0,1,1,2,0,2,2,1,1,1,1,2,1,1,2,1,1,1,2,0,0,2,0,1,2,2,2,1,0,1
684,2,0,1,1,0,1,1,1,0,2,2,1,2,1,2,1,2,0,1,2,1,1,2,1,2,1,1,2,1,1,1,0,1,1,0,0,1,0,2,1,2,0,1
685,2,0,1,1,0,0,2,1,0,1,0,1,2,2,0,1,0,0,1,1,1,1,1,1,2,1,1,2,2,1,1,1,1,1,2,2,0,0,1,2,2,1,1
686,1,0,1,1,2,1,0,0,2,2,1,2,2,1,0,1,0,0,1,2,1,1,1,1,2,1,1,2,0,1,0,2,1,1,0,1,1,1,2,1,0,0,1
687,1,2,1,1,1,1,1,2,2,2,1,2,0,0,1,1,0,0,1,2,1,1,1,1,2,0,1,1,2,1,0,2,0,1,0,0,1,0,2,1,1,0,1
688,2,2,1,1,1,1,1,1,0,2,0,1,1,0,1,1,2,0,1,2,1,1,1,1,2,1,1,1,1,1,2,2,0,1,1,2,1,0,1,0,1,1,1
689,2,1,1,1,0,1,1,1,2,2,0,1,1,1,0,1,2,0,1,2,1,1,1,2,2,1,1,0,1,1,2,1,0,1,1,2,0,0,1,0,0,1,1
690,1,2,1,1,0,1,0,1,1,2,2,1,1,1,1,1,0,0,1,1,1,1,1,1,2,1,1,1,1,1,1,2,1,1,1,2,0,1,0,2,0,1,1
691,2,0,1,1,2,1,0,1,2,2,0,1,1,2,1,1,0,0,1,2,1,1,1,1,2,1,1,1,1,1,2,2,0,1,0,1,2,0,2,0,0,1,2
692,1,1,1,1,1,1,0,0,1,2,2,2,1,2,2,1,0,0,1,2,1,1,1,0,2,1,1,1,1,1,1,2,0,1,0,0,1,2,1,1,2,1,1
693,2,2,1,1,2,1,0,2,1,2,2,2,1,2,2,1,0,0,1,1,1,1,1,1,1,1,1,1,1,1,0,1,2,1,2,1,1,2,0,0,1,1,1
694,2,0,1,1,2,1,1,2,0,2,2,2,1,2,2,1,0,0,2,2,1,1,1,1,2,0,1,1,1,1,1,1,0,1,1,1,1,1,0,2,0,0,1
695,1,1,1,1,2,1,1,2,1,2,0,2,1,1,0,1,0,0,1,2,1,1,1,1,2,2,1,1,1,1,2,1,0,0,1,1,1,1,0,2,0,1,1
696,0,1,1,1,0,1,2,1,0,2,2,2,1,1,0,1,0,0,1,2,1,1,1,1,2,2,1,1,0,1,0,1,1,0,1,2,1,1,0,0,0,1,1
697,1,2,1,1,2,1,0,1,2,2,0,2,1,2,1,1,0,0,1,1,1,1,2,1,2,1,2,0,1,1,2,2,1,2,2,0,0,1,0,1,1,1,1
698,0,1,1,1,0,1,0,1,0,2,1,2,1,0,0,1,0,0,1,2,1,1,1,1,2,1,1,0,1,1,2,0,1,1,2,0,0,1,1,1,1,1,1
699,2,0,1,1,2,1,0,2,2,2,0,0,1,0,0,1,0,0,1,2,1,1,1,1,2,1,1,1,1,1,2,2,0,0,2,2,0,1,1,0,1,1,1
700,1,0,1,1,2,1,0,1,2,2,1,1,1,1,0,1,0,0,1,2,1,1,1,1,1,1,1,1,1,1,0,1,0,0,1,0,1,0,1,0,0,1,1
701,1,1,1,1,1,1,0,0,2,2,1,1,1,1,1,1,0,0,1,2,1,1,1,1,2,2,1,1,1,1,1,0,1,1,0,1,0,2,1,2,0,1,1
702,0,1,1,1,2,1,0,1,0,2,0,1,1,1,2,1,0,0,1,2,1,1,1,1,2,2,1,1,1,1,1,1,0,1,2,1,1,1,0,1,1,0,1
703,1,0,1,1,2,1,0,1,2,2,0,1,1,1,1,1,0,0,1,2,1,1,1,1,2,0,1,1,1,1,1,0,0,0,0,2,1,1,0,2,1,0,1
704,0,0,0,1,2,1,0,0,1,2,0,1,1,2,1,1,0,0,1,2,1,1,2,1,2,2,1,1,1,1,1,0,2,1,1,2,2,0,0,1,0,1,1
705,1,0,2,1,0,1,0,0,2,2,1,1,1,2,2,1,0,0,1,2,2,2,1,1,2,0,2,0,1,1,2,0,2,0,1,2,1,0,0,1,2,1,1
706,1,1,1,1,0,1,1,0,2,2,2,2,1,1,1,1,0,0,1,2,1,1,2,1,2,0,1,1,1,1,1,2,2,1,1,0,1,0,1,1,1,0,1
707,1,1,1,1,0,1,1,0,2,2,2,2,1,0,1,1,0,0,1,2,1,1,1,1,1,2,1,1,1,1,0,1,0,0,1,0,1,0,0,2,2,1,1
708,1,2,1,1,2,2,0,0,1,2,0,1,1,1,1,1,0,0,1,2,1,0,1,0,2,1,1,1,1,1,0,0,0,1,1,0,1,1,2,1,2,1,1
709,2,2,1,1,2,2,1,0,2,2,1,1,1,0,0,1,0,0,1,2,1,2,1,0,2,1,1,2,1,1,1,2,0,1,0,0,1,0,1,0,2,1,1
710,1,2,1,1,1,1,1,0,2,2,0,1,1,2,2,1,0,0,1,2,1,1,1,0,1,1,1,1,1,1,1,0,0,0,0,0,1,2,0,0,0,1,1
711,1,0,1,1,2,1,2,0,2,2,0,1,1,0,1,1,0,0,0,2,1,0,1,1,1,1,1,2,1,1,2,1,2,2,0,0,1,1,1,2,0,0,1
712,1,2,2,1,0,1,0,2,0,2,2,1,1,0,1,1,0,0,1,1,1,0,1,1,1,1,1,2,1,1,0,2,2,0,1,0,1,2,0,1,0,1,1
713,2,2,1,1,0,1,1,2,2,2,1,1,1,1,1,1,0,0,1,2,1,0,1,1,1,0,1,2,1,1,2,2,2,1,1,0,1,1,1,2,2,0,1
714,1,2,1,1,0,1,1,2,2,1,1,1,1,1,0,1,0,0,1,2,1,1,1,1,2,1,1,2,1,1,2,2,2,1,0,0,1,2,0,2,2,1,1
715,1,0,1,1,0,1,0,2,2,1,1,1,1,1,1,1,0,0,1,2,1,1,1,0,2,2,1,2,1,1,0,0,1,0,0,2,1,0,0,2,2,1,1
716,1,2,1,1,0,1,1,2,2,1,0,1,1,0,1,1,0,0,1,2,1,1,1,0,2,2,1,2,1,1,1,0,1,1,2,1,1,0,0,1,0,1,1
717,2,2,1,1,0,1,1,0,2,1,0,1,1,1,2,1,0,0,1,2,1,1,2,0,2,1,1,2,1,1,0,2,2,2,0,0,1,0,0,2,0,1,1
718,1,0,1,1,0,1,2,0,2,1,0,1,1,1,1,1,0,0,1,2,1,1,1,0,2,0,1,2,0,1,2,2,2,0,0,1,1,0,2,2,0,1,1
719,1,2,1,1,0,1,2,2,0,1,0,1,1,1,1,1,0,0,1,2,2,1,1,1,2,1,1,2,1,1,2,2,1,2,0,1,1,0,0,1,1,0,1
720,0,2,1,1,0,1,1,2,2,1,1,1,1,1,2,1,0,0,1,2,1,1,1,0,2,1,1,2,1,1,1,0,1,1,1,0,1,0,2,0,1,0,1
721,1,2,1,1,0,1,0,2,2,2,0,1,1,0,1,1,0,0,1,2,1,1,1,0,2,1,1,2,1,1,1,0,0,1,2,0,1,1,1,0,1,1,1
722,1,1,1,1,0,1,1,1,1,2,0,1,1,1,0,1,0,0,1,2,1,1,1,0,2,1,1,2,2,1,0,0,1,2,0,0,1,1,0,2,0,2,1
723,0,1,1,1,2,1,1,1,2,2,2,1,1,1,0,1,0,0,1,2,1,1,1,1,2,1,1,2,1,1,1,0,2,1,2,0,1,1,0,2,0,0,1
724,1,2,1,1,2,0,1,1,2,2,0,1,1,1,0,1,0,0,1,2,1,1,1,1,2,1,1,2,1,1,2,0,1,1,0,0,1,1,2,0,1,2,2
725,2,2,0,1,2,1,1,1,1,2,1,1,1,2,2,1,2,0,1,2,1,1,1,1,2,2,1,2,1,0,1,1,1,0,0,0,1,2,0,2,2,0,2
726,1,2,0,1,2,1,0,2,0,2,0,1,1,0,1,0,2,0,1,2,1,1,1,1,2,1,1,2,1,1,0,1,1,0,0,0,1,1,0,2,1,2,2
727,0,2,1,1,2,0,0,0,2,2,0,1,1,1,1,1,2,0,1,2,0,1,1,0,1,1,1,2,1,0,1,0,1,0,1,0,1,1,2,0,1,0,1
728,1,2,1,1,2,1,1,1,2,1,0,2,1,0,2,1,2,0,1,2,1,1,1,1,1,1,1,2,1,1,2,1,1,1,0,0,1,1,0,1,1,0,1
729,1,0,2,1,2,0,1,0,2,2,0,2,1,1,2,1,2,0,1,2,1,1,1,1,1,1,1,2,1,1,2,0,1,1,1,1,1,0,0,1,1,1,1
730,2,1,1,1,2,0,2,2,2,2,0,2,1,0,1,1,2,0,1,2,1,1,1,1,1,1,1,2,1,1,1,1,2,1,0,1,1,0,0,1,2,1,1
731,1,0,1,2,2,0,1,0,2,2,2,2,1,1,1,1,2,0,1,2,1,1,1,2,1,1,1,2,1,1,2,1,1,2,1,2,1,2,0,2,0,0,1
732,1,0,1,1,2,0,1,1,1,2,0,2,1,0,2,1,1,0,1,2,1,1,1,0,1,1,1,2,1,1,0,0,1,2,1,2,1,0,1,0,2,0,1
733,2,2,1,1,2,0,1,0,2,2,0,2,1,0,1,1,1,0,0,1,1,1,1,1,1,0,1,2,1,0,0,0,1,1,2,1,1,1,2,1,0,1,1
734,0,1,1,1,0,0,2,2,2,2,0,2,1,0,1,1,2,0,1,2,1,1,1,1,2,2,1,2,1,1,1,2,1,0,2,2,1,0,2,2,1,0,1
735,1,2,1,1,2,0,0,1,2,2,2,2,1,0,1,1,2,0,1,2,1,1,1,1,1,2,1,2,1,1,1,0,0,1,1,1,1,2,0,1,1,2,1
736,1,0,1,1,1,0,2,1,2,2,1,0,1,1,1,1,2,0,1,1,2,1,0,0,1,1,1,2,1,1,2,0,1,0,0,2,1,0,0,1,2,0,0
737,1,2,2,1,2,0,0,1,2,2,1,0,1,1,1,1,2,0,0,2,1,1,1,1,1,0,1,2,1,1,0,0,1,1,1,2,0,1,2,1,2,1,1
738,0,0,1,1,2,1,1,1,2,2,0,0,1,2,1,1,2,0,1,1,1,1,0,0,0,1,1,2,1,1,2,2,1,2,0,1,1,0,2,1,2,1,1
739,1,0,1,2,1,1,0,1,0,2,1,0,1,0,1,1,2,0,1,2,1,1,1,1,1,1,1,2,1,0,2,0,1,2,1,1,1,1,2,0,0,0,1
740,1,2,1,1,0,0,0,2,2,2,1,0,1,1,1,1,2,0,1,2,1,1,1,1,2,1,1,2,1,1,2,2,1,0,1,1,1,1,1,2,2,2,1
741,1,0,1,1,2,0,0,0,0,2,1,0,1,0,1,1,1,1,1,1,1,1,1,0,1,1,1,2,1,1,1,0,2,0,1,2,1,0,2,2,0,0,1
742,0,1,1,1,0,0,0,0,2,2,1,0,1,0,0,1,1,1,1,2,1,1,1,0,1,1,1,2,1,1,1,0,1,1,1,2,1,1,2,1,0,0,1
743,2,0,1,1,2,1,0,0,0,2,1,0,1,1,0,1,2,1,2,2,1,1,2,0,1,1,1,2,1,1,2,0,1,0,1,2,1,0,2,2,1,0,1
744,1,0,2,1,1,2,0,2,0,2,1,0,1,2,1,1,2,0,1,2,1,1,1,1,1,1,1,2,2,1,2,0,1,1,1,2,1,1,1,0,1,1,1
745,1,1,2,1,1,1,2,0,2,2,1,0,1,1,1,1,2,0,2,2,1,1,1,0,1,1,1,2,1,1,2,0,1,1,1,2,1,2,1,0,1,1,1
746,2,0,1,1,2,1,2,0,2,2,1,0,1,1,1,1,2,1,1,2,1,1,1,1,1,0,1,2,1,1,1,1,1,1,0,2,1,2,1,1,0,1,1
747,1,2,1,1,2,1,2,2,2,2,0,1,1,0,1,1,2,1,1,2,1,1,1,1,1,0,1,2,1,1,0,0,1,1,1,2,1,1,1,2,0,1,1
748,2,0,1,1,0,1,2,0,2,2,0,2,1,0,0,1,2,1,1,2,1,1,2,1,0,0,1,2,1,1,1,1,1,1,0,2,1,0,2,1,1,1,1
749,1,0,1,1,0,1,1,2,0,2,1,2,1,1,1,1,0,1,1,2,1,1,2,2,1,0,1,2,1,1,1,1,1,1,1,2,0,1,2,1,1,1,1
750,0,2,1,2,1,1,1,0,0,2,2,1,1,1,0,1,0,1,1,2,1,1,1,2,1,0,1,2,1,1,0,1,1,1,0,2,1,0,1,2,1,1,1
751,1,2,1,1,2,1,1,2,2,2,2,1,1,2,2,1,0,1,1,2,1,1,1,1,1,2,1,2,1,1,1,2,1,2,1,2,1,1,2,0,2,1,1
752,1,0,1,1,1,1,1,2,2,2,2,1,1,0,0,1,0,1,1,2,1,1,1,2,1,1,1,2,1,1,2,0,0,1,1,1,1,1,2,1,1,1,1
753,1,2,1,1,2,1,1,1,2,2,2,1,0,2,2,1,0,1,0,2,1,1,1,2,2,1,1,2,1,1,0,0,1,2,0,1,1,0,2,2,1,0,1
754,1,0,1,1,1,1,1,1,2,2,2,1,0,1,0,1,0,1,1,2,1,1,1,0,2,0,1,2,1,1,1,0,2,0,0,0,1,0,2,2,2,0,1
755,1,2,1,1,2,2,1,1,0,2,2,1,1,1,2,1,0,1,1,2,1,1,1,1,0,0,1,2,1,1,2,1,1,1,0,0,1,2,2,1,1,0,1
756,0,0,1,1,2,1,1,0,2,2,2,1,1,2,1,1,0,1,1,2,1,1,1,1,2,1,1,2,1,1,0,2,2,0,0,0,1,0,1,1,1,1,1
757,2,2,1,1,2,1,1,2,2,2,2,1,1,2,1,1,0,1,1,2,1,1,2,2,0,0,1,2,1,1,0,0,1,0,0,0,1,2,1,2,1,1,0
758,2,2,1,1,2,1,1,0,1,2,2,1,1,0,1,1,0,0,1,2,1,1,1,1,1,2,1,2,1,1,0,0,1,2,0,0,1,0,2,1,0,0,1
759,0,0,1,1,2,1,1,0,2,2,0,1,1,0,1,1,0,0,1,2,1,1,0,2,2,0,1,2,1,1,0,1,1,0,0,0,1,0,1,1,1,0,1
760,0,1,1,1,2,1,1,0,2,2,2,1,1,1,0,1,0,0,1,2,0,1,2,2,2,0,1,2,1,1,1,1,1,1,1,0,1,1,2,2,1,0,1
761,1,2,2,1,2,1,1,1,2,2,2,1,1,0,0,1,0,1,1,2,1,1,1,1,0,0,1,2,1,1,1,2,1,2,0,0,1,2,1,1,2,0,1
762,2,2,1,1,2,1,1,2,2,2,0,1,1,1,0,1,0,0,1,2,1,1,1,2,2,0,1,2,1,1,1,0,1,2,0,1,0,0,2,1,1,0,1
763,0,2,1,1,2,1,1,1,2,2,0,1,1,1,2,1,0,0,1,2,1,1,2,1,1,1,1,2,1,1,0,0,1,2,1,0,1,0,2,2,1,0,0
764,1,2,1,1,0,1,1,1,1,2,0,1,1,2,2,1,0,0,0,2,1,1,0,0,1,1,1,2,1,0,2,2,1,2,0,0,1,0,2,0,1,2,1
765,1,2,0,1,0,1,0,1,2,2,0,1,1,0,2,1,0,1,1,2,1,1,2,2,1,0,1,2,1,1,1,2,1,2,0,1,1,1,1,0,0,1,1
766,1,2,0,1,2,1,0,1,0,2,1,1,1,2,2,1,0,1,1,2,1,1,1,1,1,2,1,2,2,1,1,0,1,1,2,1,1,1,1,2,0,0,0
767,1,2,1,1,2,1,0,1,0,2,0,1,1,1,2,1,0,1,1,1,1,1,1,1,1,0,1,2,2,1,2,0,1,1,2,1,1,0,2,2,1,2,1
768,1,2,1,1,2,2,1,0,2,2,2,1,1,1,0,1,0,1,0,2,0,1,1,1,0,1,1,2,1,1,1,2,1,0,0,2,1,0,2,2,1,0,1
769,1,0,1,1,2,2,1,1,0,2,1,1,1,0,2,1,0,0,0,2,1,1,1,1,1,0,1,2,1,1,2,0,1,1,1,0,1,1,2,1,2,1,1
770,0,1,0,1,2,2,0,0,2,2,2,1,1,0,1,1,0,1,1,2,1,1,1,1,1,0,1,2,1,1,0,0,2,1,0,1,1,1,2,1,0,0,1
771,1,0,2,1,2,2,1,0,1,2,1,1,1,2,2,1,0,1,2,2,2,1,1,1,1,0,1,2,1,1,0,1,1,1,0,2,1,1,1,1,1,1,1
772,1,0,2,1,0,2,0,2,0,2,1,2,1,1,1,1,0,1,1,2,1,1,1,0,1,2,1,2,1,1,1,1,1,1,1,2,0,0,1,1,2,0,1
773,1,0,2,1,0,2,1,2,0,2,0,1,0,2,0,1,0,1,1,2,1,1,1,2,1,2,1,2,1,1,1,0,1,1,0,2,1,2,2,1,0,0,1
774,1,2,1,1,2,2,1,1,0,2,1,2,1,1,2,1,0,0,0,2,1,1,1,1,1,0,1,2,1,1,2,0,1,1,1,1,1,1,2,2,1,1,1
775,1,0,1,1,1,2,0,2,0,2,0,2,1,0,1,1,1,0,1,2,0,1,1,1,0,0,1,2,1,0,0,1,1,2,1,1,1,1,2,2,0,1,1
776,0,1,1,1,2,2,2,0,0,2,1,0,1,1,0,1,0,0,1,2,1,1,1,0,1,1,1,2,1,0,2,0,1,2,0,2,1,2,2,1,0,0,1
777,1,2,0,1,0,2,0,1,2,2,1,0,1,0,1,1,0,0,1,2,0,1,1,1,1,1,1,2,1,1,2,2,1,1,0,0,1,2,0,1,2,1,1
778,2,2,1,1,2,2,1,2,0,2,1,0,1,0,1,1,0,0,1,2,1,1,1,1,0,2,1,2,1,1,0,0,2,1,0,0,1,1,1,1,1,2,1
779,2,2,1,1,2,1,0,1,0,2,1,0,1,1,0,1,0,1,1,2,1,1,1,1,1,1,1,2,1,1,1,0,1,1,1,0,1,0,0,1,2,1,1
780,1,2,1,1,2,1,2,1,0,2,1,0,1,0,0,1,0,0,1,2,1,1,1,0,1,1,1,2,1,1,2,2,1,2,0,0,1,1,2,1,1,2,1
781,1,0,1,1,2,1,2,0,0,2,1,0,1,1,2,1,0,0,1,2,1,1,1,1,1,1,1,2,1,1,1,0,1,2,1,0,1,1,1,2,1,2,1
782,0,0,1,1,2,0,2,0,2,2,1,0,1,1,1,1,0,0,1,2,1,1,0,1,2,2,1,2,1,1,1,1,1,2,2,0,1,0,2,1,0,0,1
783,1,0,1,1,2,1,2,0,2,2,1,0,1,1,0,1,1,0,1,2,1,1,1,1,2,0,1,2,1,1,0,0,1,0,1,0,1,0,0,1,1,1,1
784,1,0,1,1,2,1,2,0,2,2,1,0,1,0,1,1,0,0,1,2,1,1,1,1,2,0,1,2,1,1,2,0,1,0,1,0,1,2,0,2,1,1,1
785,1,0,1,1,2,1,2,0,0,2,1,0,1,1,2,1,2,0,1,2,0,1,1,1,1,0,1,2,1,1,1,0,1,0,2,0,1,1,0,1,2,1,1
786,1,2,1,1,2,1,2,0,2,2,1,0,1,2,1,1,2,0,1,2,1,1,1,0,1,1,1,2,1,0,1,1,1,1,0,0,1,1,0,2,0,1,1
787,1,0,0,1,2,2,2,1,1,2,1,0,1,0,1,1,2,0,1,2,1,1,1,1,1,0,1,2,1,1,0,0,1,1,1,1,1,1,0,0,1,2,0
788,2,0,1,1,2,2,2,1,2,2,1,0,1,2,0,1,2,0,1,2,1,1,1,0,1,2,1,2,1,1,2,1,1,1,0,0,1,0,2,2,0,1,1
789,0,0,2,1,0,1,2,0,2,2,1,0,1,0,2,1,2,0,0,2,2,1,1,0,1,0,1,2,1,1,1,2,1,2,1,0,1,1,2,2,1,1,1
790,1,2,2,1,2,1,2,0,2,2,2,0,1,0,2,1,1,0,1,1,0,1,1,1,1,1,1,2,1,1,1,2,1,2,2,1,1,1,2,2,2,2,1
791,0,0,1,1,2,1,1,1,2,1,2,0,1,1,2,1,2,0,1,2,1,1,1,1,2,2,1,2,1,1,2,0,2,1,1,1,0,0,2,2,2,0,1
792,1,0,1,1,0,1,1,0,0,1,0,0,1,1,0,1,1,0,1,2,1,1,1,2,1,1,1,2,1,1,0,0,1,2,0,0,1,1,2,2,1,1,1
793,1,1,1,1,2,1,0,2,1,2,0,0,1,0,1,1,2,0,1,2,1,1,1,1,1,1,1,1,1,1,2,2,1,2,0,0,1,1,0,2,1,1,1
794,0,2,1,1,1,1,0,1,0,2,0,0,1,2,0,1,2,0,1,2,0,1,1,1,2,1,1,2,0,1,1,0,1,1,0,2,1,1,1,1,1,1,1
795,1,0,1,1,2,1,0,1,2,2,2,0,1,1,1,1,2,0,1,1,1,1,1,1,2,1,1,2,1,1,2,2,1,0,2,1,1,1,0,0,2,1,1
796,1,0,1,1,2,1,0,1,2,2,2,0,1,2,1,1,2,0,1,2,1,1,1,1,2,1,1,2,1,1,2,0,1,2,2,1,1,0,2,1,1,2,1
797,1,0,1,1,1,1,0,1,2,2,0,0,1,1,1,1,2,0,1,2,2,1,1,1,1,1,1,2,1,1,2,1,1,1,1,1,1,1,2,2,2,0,1
798,1,2,1,1,1,1,0,2,2,2,2,0,1,0,0,1,2,0,1,2,1,1,1,1,0,1,2,2,1,1,2,1,1,0,1,1,1,0,2,1,1,0,2
799,1,0,2,1,1,2,2,0,2,2,2,0,1,0,1,1,2,0,1,2,1,1,1,1,1,2,1,2,1,1,2,2,1,1,1,1,1,0,2,2,1,1,1
800,0,2,1,1,2,1,2,1,2,2,0,0,1,2,2,1,2,0,1,2,1,1,1,1,1,0,1,2,1,1,2,2,2,1,1,1,1,2,2,1,0,2,1
801,2,2,1,1,0,1,2,0,2,2,0,0,1,1,2,1,2,0,1,2,1,1,1,1,1,2,1,2,1,1,2,0,2,1,0,0,1,1,1,1,0,1,1
802,2,1,1,1,1,1,2,0,0,2,0,0,1,0,1,1,2,0,1,2,1,1,2,1,1,1,1,2,1,1,1,0,2,0,2,0,1,2,1,2,0,1,1
803,2,2,1,1,0,0,2,0,2,2,0,0,1,1,1,1,2,0,1,1,0,1,1,1,1,1,1,2,0,1,2,0,0,2,2,0,1,1,2,1,0,1,1
804,1,0,1,1,2,0,2,2,2,2,0,0,1,1,0,1,2,0,1,2,1,1,1,1,1,1,1,2,1,1,0,1,0,1,1,0,1,0,2,0,2,1,1
805,0,2,1,1,2,0,2,2,2,2,2,0,1,1,1,0,0,0,1,2,1,1,0,1,1,0,1,2,1,1,1,0,0,0,0,0,1,0,0,2,1,1,1
806,1,0,1,1,2,2,2,1,2,2,0,0,1,1,1,1,0,0,1,2,1,1,1,1,1,2,2,2,1,0,1,0,2,1,1,0,1,0,2,1,0,2,1
807,0,0,1,1,0,2,2,1,0,2,2,2,1,2,1,1,0,0,1,2,1,1,1,1,1,2,1,2,0,0,2,2,2,1,2,0,0,0,1,0,0,1,1
808,1,0,1,1,2,1,1,1,0,2,2,2,1,0,1,1,0,0,1,1,1,1,1,1,1,2,1,2,1,1,2,2,2,2,1,0,1,2,2,1,0,1,1
809,1,1,1,1,2,1,1,1,2,2,2,2,1,0,1,1,2,0,0,2,1,1,1,1,1,1,1,2,1,1,2,2,1,0,0,0,1,1,0,1,1,1,1
810,2,1,1,1,1,1,0,1,2,2,1,0,1,1,1,1,0,0,1,2,0,1,1,1,1,1,1,2,2,1,0,2,1,0,0,0,1,1,0,0,2,1,1
811,2,0,1,1,2,1,0,1,0,2,1,2,1,2,0,1,2,0,1,2,1,1,1,1,1,0,1,2,1,1,2,1,1,0,0,0,1,1,0,1,0,1,1
812,1,1,0,1,1,2,1,1,2,2,2,2,1,1,2,1,0,0,2,2,1,1,1,1,1,0,1,2,1,1,0,0,1,0,1,0,1,1,2,0,1,1,1
813,1,0,1,1,1,2,0,2,2,2,0,2,1,0,2,1,1,0,1,2,1,1,1,1,1,2,1,2,1,1,2,1,1,0,0,0,1,1,1,1,2,0,0
814,1,0,1,1,1,2,1,2,0,1,0,2,1,1,2,1,2,0,1,2,1,1,1,1,1,1,0,2,0,1,0,2,1,2,2,0,0,1,2,1,2,0,1
815,2,2,0,1,1,2,0,1,0,1,0,0,1,0,2,1,1,0,0,2,1,1,1,1,1,0,1,2,1,1,2,0,1,0,0,0,1,2,0,1,2,0,1
816,1,2,1,1,1,2,0,1,2,1,0,2,1,0,2,1,1,0,1,1,1,1,1,1,2,1,1,2,1,1,1,1,1,1,2,0,1,1,0,1,1,1,1
817,1,0,0,1,0,2,0,1,0,1,2,0,0,1,0,1,1,0,2,2,1,1,1,2,2,1,1,2,1,1,2,2,1,2,0,0,1,2,2,1,0,1,1
818,1,1,1,1,2,2,0,1,2,1,2,2,0,1,1,1,1,0,1,2,1,1,1,2,1,1,1,2,1,1,2,1,1,1,1,0,1,1,2,0,1,1,1
819,2,2,0,1,2,1,0,1,0,1,0,0,2,0,1,1,1,0,1,2,1,1,1,0,1,0,1,2,1,1,2,2,1,2,1,0,1,2,0,2,2,0,2
820,1,2,0,1,2,1,0,1,1,1,2,2,2,1,2,1,1,0,1,2,1,1,1,1,1,2,1,2,1,1,2,0,2,1,1,0,1,1,2,2,0,0,1
821,2,2,1,1,2,1,1,0,2,1,2,2,1,1,0,1,1,0,1,2,1,0,1,1,1,2,1,2,1,1,1,1,1,1,2,0,1,0,2,0,1,1,1
822,0,2,2,1,0,1,0,1,2,1,1,0,1,1,1,1,2,0,1,2,1,1,1,0,1,1,1,2,1,1,2,2,1,2,0,0,1,1,2,2,0,0,1
823,2,2,1,1,1,1,0,1,2,1,1,0,1,0,1,1,1,0,2,2,1,1,1,0,0,0,1,2,1,1,1,1,1,2,0,0,1,0,2,0,1,0,1
824,1,0,1,1,2,1,1,0,2,1,2,0,1,0,2,0,2,0,1,2,1,2,1,1,2,0,1,2,1,1,0,1,1,1,1,2,1,1,0,2,1,0,1
825,1,1,1,1,0,0,0,2,0,1,0,0,1,1,2,1,1,0,1,2,1,0,0,1,2,2,1,2,1,1,2,0,1,0,1,2,1,1,0,1,1,0,1
826,0,2,1,1,2,1,1,0,0,1,1,0,1,1,2,1,0,0,1,2,1,1,1,1,2,0,1,2,1,1,2,0,1,0,0,2,1,1,2,2,0,0,1
827,2,2,2,1,2,1,0,2,0,1,1,0,1,0,1,1,1,0,1,2,1,1,1,1,0,0,1,2,1,1,1,2,1,0,1,2,1,1,2,0,1,0,1
828,1,2,1,1,1,1,1,2,0,1,2,0,1,0,2,1,1,0,1,2,1,2,1,1,0,1,1,2,1,1,0,0,2,1,2,2,1,1,2,0,0,2,1
829,1,1,1,1,1,1,0,1,2,1,2,0,1,1,0,1,1,0,1,2,1,2,1,0,0,1,1,2,1,0,2,1,1,1,0,2,1,1,2,1,0,0,1
830,2,2,2,1,0,1,0,0,2,1,0,0,0,0,1,1,1,0,1,1,1,2,1,1,2,1,1,2,0,0,1,1,1,1,1,0,1,2,2,1,0,0,1
831,2,2,1,1,2,1,0,2,0,1,2,0,0,0,2,1,2,0,1,2,0,2,1,1,1,1,1,2,1,1,1,2,1,1,0,1,1,1,2,1,1,0,1
832,2,2,1,1,1,1,0,0,0,1,2,2,0,1,1,1,2,0,1,2,1,2,1,1,2,1,1,2,1,1,1,2,0,1,1,2,1,1,2,1,1,0,2
833,0,2,1,1,2,1,0,0,2,1,0,0,0,0,0,1,0,0,1,2,1,1,0,1,2,1,1,2,1,1,1,0,1,2,0,0,1,2,2,1,1,2,1
834,0,2,1,1,2,1,0,2,2,1,0,2,0,1,1,1,0,0,2,2,1,2,1,1,2,0,1,2,1,1,2,0,1,1,1,0,1,1,2,1,2,0,1
835,2,2,2,1,1,1,0,1,1,1,2,2,0,1,1,1,0,0,1,2,1,2,1,1,2,2,1,2,1,1,1,1,1,1,1,0,1,1,2,1,1,0,1
836,2,2,2,1,2,1,0,1,2,1,2,2,0,1,0,1,0,0,1,2,1,0,1,1,2,0,1,2,2,2,0,1,1,0,0,0,1,1,0,1,0,0,1
837,1,2,1,1,1,2,0,1,2,1,2,0,0,1,0,1,0,0,1,2,0,2,0,1,2,1,1,2,1,2,2,0,1,1,0,0,1,0,0,1,1,0,1
838,1,2,1,1,1,1,0,0,2,1,0,0,0,1,2,1,2,0,1,2,2,1,1,1,2,1,1,2,1,2,2,0,0,0,1,0,1,1,2,1,0,0,1
839,1,2,0,1,2,1,0,0,2,1,0,0,0,0,2,1,1,0,1,2,1,1,1,1,0,1,1,2,1,1,0,1,1,1,0,1,1,2,0,1,1,0,2
840,1,2,1,1,0,2,0,2,2,1,2,0,0,0,1,1,0,0,1,2,1,0,1,1,1,1,1,2,1,1,2,2,0,1,0,2,1,2,0,1,1,1,1
841,0,2,1,1,2,1,0,2,2,2,2,2,0,2,1,1,1,0,1,2,1,0,1,1,1,0,1,2,1,1,1,2,1,1,1,1,1,1,0,1,1,0,1
842,1,0,1,1,1,1,0,2,0,1,2,0,1,0,1,1,1,0,1,2,1,0,1,0,1,0,1,2,1,1,1,0,1,0,0,1,1,2,0,1,0,0,1
843,1,0,1,1,1,2,0,2,2,2,0,0,1,0,2,1,1,0,1,2,1,2,0,1,1,1,1,2,1,1,0,0,1,2,1,1,1,1,2,1,1,0,1
844,1,0,1,1,2,1,0,0,2,1,2,0,1,1,2,1,1,0,1,2,1,1,1,1,1,1,1,2,0,1,0,2,0,2,1,1,1,1,0,1,0,0,1
845,1,0,1,1,2,1,0,0,2,1,0,0,1,1,2,1,1,0,1,1,1,1,1,1,1,1,1,2,1,1,0,1,1,0,1,0,1,0,0,1,2,1,1
846,0,0,1,1,2,1,1,1,2,1,2,0,1,1,0,1,1,0,1,1,1,1,2,2,1,1,1,2,1,1,1,1,1,0,2,0,0,1,0,1,1,0,1
847,0,0,1,1,1,1,1,1,1,1,1,0,1,0,1,1,1,0,1,2,1,2,2,1,1,1,2,2,1,1,1,0,1,0,1,1,1,0,0,1,1,1,1
848,1,0,1,1,1,1,1,0,1,2,1,0,1,1,2,1,0,0,1,1,1,1,0,1,1,1,1,2,1,1,1,1,1,1,1,2,1,2,0,1,1,2,0
849,1,1,1,1,2,1,1,1,1,1,1,0,1,2,2,1,0,0,1,2,1,2,1,1,1,1,1,2,1,1,1,1,0,1,0,0,1,1,0,1,0,0,1
850,1,0,1,1,1,1,1,1,2,1,1,0,1,2,2,1,0,0,1,2,1,1,1,1,0,1,1,2,1,1,2,1,1,1,2,0,1,2,1,1,2,0,1
851,1,1,2,1,0,1,1,1,0,2,1,0,1,1,1,1,0,0,1,2,1,1,1,1,1,1,1,2,1,1,0,0,1,0,1,0,1,1,0,1,1,0,2
852,1,0,1,1,2,1,1,0,0,1,1,0,1,2,0,1,0,0,1,2,1,1,1,0,1,1,1,2,1,1,0,1,1,1,1,0,1,1,2,1,1,1,0
853,2,0,1,1,2,1,2,0,2,1,1,0,1,1,1,1,1,0,1,1,1,2,2,2,1,0,1,1,1,2,2,2,1,1,0,1,1,0,0,1,1,0,1
854,2,2,1,1,2,1,1,2,2,1,1,0,1,1,0,1,2,0,1,2,1,2,1,1,1,1,0,2,1,1,1,2,0,0,0,1,1,0,2,1,0,0,1
855,0,1,0,1,1,1,1,0,2,1,1,0,1,1,2,1,0,0,1,2,1,2,2,1,1,0,1,1,1,1,1,2,2,0,1,2,1,2,0,1,0,0,1
856,2,2,1,1,1,1,1,2,2,1,1,0,1,2,2,1,1,0,1,2,1,0,1,1,1,1,1,2,1,2,2,0,1,0,2,1,1,1,0,1,0,0,1
857,2,0,1,1,2,2,1,1,2,1,1,0,1,2,1,1,0,0,1,2,1,1,1,2,1,1,1,2,1,1,2,1,1,2,0,0,1,1,0,1,1,2,0
858,1,2,1,1,0,2,2,1,1,1,1,0,1,2,1,1,0,0,1,2,1,1,1,1,1,1,1,2,1,1,1,2,0,0,1,0,1,1,2,1,1,0,1
859,0,1,1,1,2,1,1,1,2,1,1,0,1,0,1,1,0,0,1,2,1,1,1,1,1,0,1,2,1,1,1,0,1,1,0,0,1,0,2,1,1,0,1
860,1,0,1,1,2,2,2,1,2,1,1,0,1,0,1,1,2,0,1,2,1,1,1,2,2,1,1,2,1,1,1,2,1,1,0,0,1,1,0,1,2,0,1
861,1,0,1,1,2,1,2,0,2,1,1,0,1,0,2,1,2,0,1,2,1,0,1,2,2,1,1,2,1,2,1,2,1,0,2,0,1,1,2,1,1,0,1
862,0,0,1,1,0,1,2,0,2,2,1,0,1,0,1,1,2,0,1,2,1,1,1,1,2,1,1,2,1,1,1,2,0,1,0,0,1,1,0,1,1,0,1
863,1,1,1,1,2,1,2,1,1,1,1,0,1,0,1,1,2,0,1,2,1,1,1,1,1,0,1,2,1,1,2,1,2,0,1,0,1,1,0,1,1,1,1
864,2,0,1,1,0,1,2,2,2,1,1,0,1,1,1,1,2,0,1,2,1,1,1,1,2,2,1,2,1,1,0,1,2,0,2,0,2,2,0,1,0,1,1
865,1,2,1,1,2,1,2,2,2,1,1,0,1,1,2,1,2,0,1,2,1,1,1,1,2,0,1,2,1,1,0,2,1,1,0,0,1,2,2,1,0,0,1
866,2,2,1,1,1,1,0,1,2,1,1,0,1,0,1,1,2,0,1,2,1,1,1,0,0,0,1,1,1,0,1,0,2,1,1,0,1,1,1,1,1,0,1
867,1,0,0,1,1,1,0,1,0,2,1,0,1,0,0,1,2,0,1,1,0,1,1,0,0,0,1,2,1,1,2,1,2,0,0,0,0,1,1,1,2,2,1
868,1,0,0,1,1,1,1,1,0,1,1,0,1,2,1,1,2,0,1,2,1,1,1,0,0,0,1,1,1,1,2,0,1,1,0,0,0,0,1,1,0,0,1
869,1,0,1,1,0,1,1,2,0,2,1,0,1,1,0,1,2,0,1,1,2,1,1,1,2,2,1,1,1,1,0,0,2,1,1,0,1,1,0,1,0,1,2
870,0,2,1,1,1,1,0,0,0,2,1,0,1,0,0,1,2,0,1,2,1,1,2,1,1,2,1,1,1,0,1,0,1,1,0,0,1,0,2,1,2,1,1
871,2,0,1,1,0,2,1,1,0,2,1,0,1,0,0,1,2,0,1,1,1,1,1,1,2,0,1,1,1,1,1,0,0,0,1,0,1,0,2,1,2,1,1
872,2,0,1,1,0,2,0,1,1,2,1,0,1,1,1,1,2,0,0,2,1,1,1,1,2,0,1,1,1,1,2,0,2,0,0,0,1,0,1,1,2,1,1
873,2,2,1,1,0,2,0,0,1,2,1,0,1,1,1,1,2,0,1,2,1,1,1,1,0,2,1,1,1,1,2,2,1,0,1,0,1,1,0,1,1,2,1
874,1,0,1,1,1,2,0,1,2,2,1,0,1,1,1,1,2,0,1,2,1,1,1,0,1,0,1,1,0,1,1,0,2,1,0,0,1,2,2,1,0,2,1
875,1,2,1,1,0,2,0,2,2,2,0,0,1,1,2,1,2,0,1,2,0,1,1,1,0,2,1,2,2,1,0,1,1,0,2,0,1,2,2,1,2,1,1
876,1,2,1,1,2,2,1,1,0,2,2,0,1,1,1,1,2,0,1,2,2,1,1,0,0,0,2,2,2,1,1,2,1,2,0,0,0,2,2,1,1,0,1
877,2,0,1,1,1,1,1,1,0,2,2,0,1,0,1,1,2,0,1,2,1,2,1,2,1,0,1,2,1,1,2,0,1,0,0,0,1,0,2,1,2,2,1
878,0,0,1,1,2,1,1,1,0,2,0,0,1,2,1,1,2,0,1,2,1,0,1,1,2,1,1,2,1,1,2,1,1,1,2,0,1,0,2,1,0,1,1
879,2,0,1,0,1,2,1,1,2,2,0,0,1,1,0,1,2,0,1,2,0,2,1,0,1,0,1,2,1,1,1,0,1,1,1,0,1,0,2,1,1,0,1
880,0,0,1,1,1,2,2,2,2,2,2,0,1,1,1,1,2,0,2,2,1,1,1,1,2,1,1,2,0,1,2,0,1,0,1,0,1,0,2,1,1,1,2
881,2,1,1,1,2,1,0,0,2,2,0,0,1,1,0,1,2,0,1,2,0,1,1,0,1,0,1,2,0,1,2,0,0,0,1,0,2,2,2,1,2,2,1
882,1,0,1,1,0,1,0,1,2,2,2,0,1,1,1,1,2,0,1,2,1,1,1,1,2,1,1,2,2,1,2,0,1,1,1,0,1,0,2,1,0,2,1
883,1,0,1,1,1,1,1,1,2,2,2,0,1,2,1,1,2,0,1,2,1,2,1,1,2,0,1,2,2,1,2,0,1,1,1,0,1,1,2,1,2,2,1
884,2,0,1,1,1,1,1,2,2,2,2,0,1,0,0,1,1,0,1,2,0,2,1,0,1,2,1,2,2,1,1,0,1,1,1,0,1,0,2,1,1,1,1
885,1,1,1,1,2,1,1,1,2,2,0,0,1,0,1,1,0,0,1,2,1,1,1,1,0,2,1,2,1,1,2,0,1,0,0,0,1,0,2,1,0,2,2
886,1,1,1,1,2,1,1,0,2,2,0,2,1,1,0,1,0,0,0,2,1,2,1,1,1,0,1,2,1,1,2,0,0,1,2,0,1,2,2,1,0,2,2
887,0,2,1,2,2,1,1,0,0,2,1,2,1,1,2,1,1,0,0,2,1,0,1,1,1,0,1,1,1,1,1,0,1,0,0,0,1,0,0,1,0,0,1
888,2,0,1,1,1,1,1,1,2,2,0,2,1,1,0,1,0,0,0,2,1,1,1,2,1,2,1,1,1,1,2,0,0,1,1,0,1,2,0,1,2,0,2
889,0,1,1,1,0,1,1,1,1,2,0,2,1,1,0,1,0,0,1,2,1,1,1,1,0,1,1,2,1,1,0,0,1,1,1,0,1,2,2,1,2,1,1
890,0,2,1,1,2,1,1,1,2,2,0,0,1,1,1,1,0,0,1,2,1,1,1,1,1,1,1,2,1,1,1,1,1,2,2,0,1,2,2,1,1,1,1
891,1,0,1,1,0,1,1,2,2,2,1,0,1,0,1,1,0,0,1,2,1,1,1,2,0,0,1,2,1,1,0,2,1,0,2,0,1,1,2,1,2,2,1
892,0,1,1,1,1,1,1,2,2,2,1,0,1,0,1,1,1,0,2,2,1,1,1,1,0,2,1,2,1,1,1,0,1,1,0,0,1,0,2,1,1,1,1
893,2,1,1,0,2,1,1,0,0,2,2,2,1,0,0,1,0,0,1,2,1,2,1,2,0,1,1,2,1,1,0,0,1,1,0,1,1,1,2,0,1,0,1
894,1,1,1,0,2,1,1,1,0,2,2,0,1,1,2,1,0,0,1,2,1,0,1,1,0,2,1,2,1,0,0,0,1,1,1,2,1,0,0,2,0,2,1
895,1,2,2,1,0,1,1,0,1,2,2,2,1,1,2,1,0,0,1,2,1,1,1,1,1,1,2,2,1,0,2,0,1,1,0,1,1,1,0,1,1,0,1
896,0,0,1,1,1,1,1,0,1,2,1,2,1,2,1,1,0,0,1,2,1,1,1,1,2,2,1,2,1,1,1,0,1,1,1,0,1,1,0,1,1,0,2
897,1,2,1,1,2,1,1,1,2,2,0,2,1,1,0,1,0,0,1,2,1,1,1,1,1,1,1,2,1,1,0,0,0,0,1,0,1,2,0,1,1,0,1
898,1,1,1,1,2,2,1,2,0,2,1,2,1,0,2,1,0,0,1,2,1,1,1,1,1,1,1,2,1,1,1,0,1,2,0,0,1,1,2,1,1,1,1
899,2,0,1,2,2,2,1,1,2,2,0,0,1,1,2,1,0,0,1,2,1,1,1,0,0,1,1,2,1,1,1,2,1,0,1,0,2,0,2,1,0,1,1
900,1,0,1,1,2,1,1,1,2,2,2,2,1,1,2,1,1,0,1,2,1,1,1,1,1,1,1,2,1,1,2,1,1,1,1,0,1,0,2,1,2,1,1
901,0,1,1,1,0,2,1,1,2,2,0,2,1,0,0,1,0,0,1,2,1,1,1,1,0,2,1,2,1,1,2,1,1,0,1,0,1,2,0,1,1,1,1
902,2,0,1,1,0,1,1,1,2,2,1,0,1,1,2,1,0,0,1,2,1,1,1,1,0,2,1,2,1,1,1,1,2,0,0,0,0,2,2,1,1,1,1
903,1,0,1,2,2,1,1,1,0,2,0,0,1,0,1,1,0,0,1,2,1,1,1,0,2,1,1,2,1,1,0,1,1,2,0,0,1,0,0,1,1,2,1
904,1,0,1,1,2,1,2,2,2,2,0,0,1,0,1,1,0,0,1,2,1,1,1,1,2,0,1,2,1,1,1,0,1,2,0,0,0,0,0,1,0,0,1
905,1,1,1,1,0,2,1,0,1,2,0,0,1,0,2,1,0,0,1,2,1,1,1,1,2,2,1,2,1,1,2,2,1,1,2,0,1,1,0,1,0,1,1
906,1,1,1,1,1,2,1,1,2,2,2,2,1,1,2,1,0,0,1,2,1,1,1,1,2,2,1,2,1,1,0,0,1,0,2,0,1,1,0,0,0,0,1
907,1,2,1,1,2,1,1,1,2,2,0,0,1,0,2,1,0,0,1,2,1,1,2,2,2,1,1,2,1,0,1,1,1,0,0,0,1,1,2,1,0,0,1
908,1,1,1,1,1,2,1,2,0,2,2,0,1,1,1,1,1,0,1,2,1,1,1,1,2,2,1,2,0,0,0,0,1,1,1,0,1,2,0,1,2,0,1
909,0,1,1,1,1,2,0,1,2,2,0,2,1,2,1,1,0,0,0,2,1,0,1,1,1,2,1,2,0,0,1,0,2,2,1,0,1,2,0,1,0,1,1
910,1,0,1,1,0,2,0,0,2,2,0,2,1,1,2,1,0,0,1,2,1,0,1,2,1,2,1,2,1,1,1,0,1,0,0,0,0,1,1,1,1,0,1
911,2,1,1,1,1,2,0,0,2,2,0,0,1,1,1,1,0,0,1,2,1,2,1,1,2,2,1,2,1,1,0,0,1,0,0,0,0,0,2,1,0,0,1
912,1,1,1,1,0,1,1,0,2,2,1,0,1,0,2,1,0,0,1,2,1,0,1,1,2,2,1,2,2,1,2,1,1,0,1,0,1,0,2,2,1,0,1
913,1,1,1,1,0,1,0,1,2,2,2,0,1,2,1,1,2,0,1,2,1,1,1,2,2,2,1,2,2,1,2,2,1,0,1,0,0,1,0,2,2,0,1
914,1,0,2,2,2,1,1,0,2,2,0,0,1,0,1,1,1,0,1,2,1,1,1,2,0,1,1,2,1,0,2,1,1,0,1,0,0,0,2,2,1,0,1
915,1,0,1,1,2,1,1,0,1,2,2,2,1,1,0,1,0,0,1,2,1,1,1,1,0,0,1,2,1,0,1,1,1,1,0,1,0,1,1,2,1,0,1
916,1,0,1,1,2,1,0,1,1,2,0,2,1,1,2,0,0,0,1,2,1,1,1,1,0,0,1,2,1,2,0,2,1,0,1,1,1,0,2,2,0,2,1
917,2,0,1,1,2,1,0,0,2,2,2,2,1,0,2,1,0,0,1,2,1,1,1,2,0,1,1,2,1,1,0,1,1,1,1,1,0,2,1,1,0,1,1
918,1,2,1,1,1,1,1,0,2,2,2,2,1,1,0,1,0,0,1,2,1,1,1,1,0,2,1,2,1,1,0,1,1,1,1,1,0,2,1,1,2,1,1
919,2,2,1,1,1,2,1,0,2,2,1,0,1,1,1,1,2,0,1,2,1,0,1,2,1,2,1,2,0,2,2,0,1,0,1,0,2,0,2,1,1,1,1
920,0,2,1,0,0,2,0,0,2,2,0,0,1,1,1,1,2,0,1,2,1,2,1,0,2,2,1,2,2,1,1,1,1,0,2,0,1,1,2,1,1,0,1
921,1,1,1,1,2,1,1,0,2,2,2,0,1,1,1,1,0,0,1,2,1,0,1,1,1,2,1,2,2,0,2,0,0,0,1,0,1,2,2,2,1,0,1
922,0,0,1,1,2,1,1,1,2,2,0,2,1,0,1,1,0,0,1,2,1,1,1,0,2,1,1,2,2,1,0,0,0,0,2,0,1,2,2,1,1,0,1
923,1,2,1,0,2,1,1,1,2,2,0,0,1,0,1,1,0,0,1,2,1,1,1,1,0,2,1,2,1,1,2,2,1,1,0,0,1,1,1,2,0,1,1
924,1,2,1,1,2,1,1,1,2,2,1,0,1,1,2,1,0,0,1,2,1,1,1,1,0,1,1,2,1,1,0,1,1,2,0,0,1,1,1,0,2,1,1
925,1,1,1,0,0,1,1,1,2,2,2,2,1,2,2,1,2,0,1,2,0,1,1,1,0,0,1,2,1,1,1,0,2,0,0,1,1,1,1,1,1,1,1
926,1,1,1,0,2,1,1,1,2,2,0,2,1,2,0,1,0,0,1,2,1,0,1,1,1,2,1,2,1,1,0,1,2,0,2,1,1,0,2,0,0,1,2
927,2,1,0,1,1,1,1,1,2,2,0,2,1,2,2,1,0,0,1,2,1,0,1,1,2,2,1,2,1,1,0,1,1,1,1,1,1,1,2,1,0,0,1
928,1,1,1,2,0,1,1,1,2,2,2,0,1,2,1,1,2,0,1,2,1,1,1,0,0,2,1,2,1,1,1,0,2,0,1,2,0,2,0,1,0,1,1
929,1,1,1,1,0,2,1,1,2,2,2,0,1,1,2,1,0,0,1,2,1,1,1,0,0,2,1,2,1,1,2,0,1,2,2,1,1,0,1,1,1,0,2
930,0,2,1,0,2,1,1,1,2,2,1,0,1,1,2,1,0,0,1,2,1,0,2,1,0,0,1,2,1,1,0,2,1,0,1,1,1,0,2,1,0,1,1
931,1,2,1,1,1,1,0,1,1,2,1,0,1,2,1,1,1,0,1,2,1,1,1,1,1,2,1,2,1,1,1,1,1,0,0,1,1,0,0,1,1,2,1
932,1,1,1,1,0,1,0,1,2,2,1,0,1,0,1,1,1,0,1,2,1,2,1,0,0,2,1,2,2,1,2,1,1,1,0,1,0,2,0,2,0,1,1
933,2,2,1,2,2,1,0,1,2,2,1,0,1,1,2,1,1,0,1,2,1,1,1,1,1,0,1,2,0,0,2,2,1,0,1,2,1,0,2,0,0,1,1
934,0,2,1,1,2,1,1,1,2,2,1,0,1,0,1,1,2,0,1,2,1,1,1,1,2,2,1,2,0,0,1,1,2,1,0,1,1,0,1,2,0,1,2
935,1,2,1,2,2,1,2,1,0,2,1,0,1,0,1,1,1,0,1,2,1,1,1,0,0,2,1,2,0,0,1,0,1,0,0,2,1,2,1,2,2,1,1
936,1,0,1,1,2,1,1,1,1,2,1,0,1,0,2,1,1,0,1,2,1,1,1,2,2,2,1,2,0,0,1,1,1,0,0,2,1,1,2,0,0,1,0
937,1,0,1,1,2,1,1,1,2,2,1,0,1,0,2,1,1,0,1,2,1,1,1,2,1,2,1,2,2,1,1,0,2,1,2,2,1,1,2,2,0,1,2
938,2,0,0,1,0,0,1,2,2,2,1,0,1,1,1,1,2,0,1,2,1,1,1,0,1,1,1,2,2,1,2,0,1,2,2,1,1,0,2,2,1,1,1
939,1,2,1,1,0,0,1,0,2,2,1,0,1,1,1,1,1,0,1,2,1,2,1,0,2,1,1,2,1,1,0,0,1,1,0,1,1,1,0,0,1,1,1
940,2,2,1,1,0,0,0,0,0,1,1,0,1,0,1,1,1,0,1,2,1,2,1,2,1,2,1,2,1,1,1,0,1,2,1,1,1,0,0,1,2,1,1
941,1,2,1,1,2,1,1,1,2,2,1,0,1,0,1,1,0,0,1,2,1,0,2,2,0,2,1,2,1,2,0,2,1,2,1,2,1,1,1,1,0,1,2
942,1,1,1,1,2,1,0,0,2,2,1,0,1,1,1,1,0,0,2,2,1,0,1,2,1,2,1,2,2,1,2,0,1,0,2,1,0,2,0,1,0,2,1
943,2,0,1,1,2,1,1,0,2,2,1,0,1,1,0,1,0,0,1,2,1,1,1,0,1,1,1,2,0,1,1,0,1,1,0,1,1,0,2,2,2,2,1
944,1,2,1,1,2,1,1,1,2,2,1,0,1,1,0,1,0,0,1,2,2,1,1,1,0,2,1,2,1,1,1,2,1,0,2,1,1,0,1,1,2,1,1
945,1,2,1,1,0,2,1,0,0,2,1,0,1,1,2,1,1,0,1,2,1,1,1,1,2,1,1,2,1,1,2,2,1,2,2,1,0,0,2,2,1,2,2
946,1,1,1,1,0,1,1,0,2,2,1,0,1,0,0,1,1,0,1,2,1,1,1,1,0,1,1,2,1,1,0,0,0,0,1,1,1,1,1,2,2,0,1
947,1,2,1,1,2,1,0,1,2,2,1,0,1,2,0,1,1,0,1,2,1,1,1,2,2,1,1,2,0,1,2,0,1,1,0,0,1,1,1,1,1,1,1
948,2,1,2,1,2,1,1,2,2,2,1,0,1,2,2,1,1,0,1,2,1,1,1,0,0,2,2,2,2,1,0,0,2,1,0,0,1,0,1,2,2,2,1
949,1,0,1,1,1,1,1,2,2,2,1,0,1,0,1,1,1,0,1,2,1,1,1,1,2,1,1,2,1,1,2,0,1,1,0,0,1,0,2,2,1,1,1
950,1,2,1,1,1,1,1,0,0,2,1,0,1,0,0,1,1,0,1,2,1,1,1,2,0,0,1,2,1,1,2,2,0,0,1,0,1,1,1,1,0,1,0
951,0,0,1,1,2,1,1,2,2,2,1,0,1,2,1,1,1,0,1,2,1,1,1,2,0,1,1,2,1,1,0,0,1,1,1,0,1,0,2,2,0,0,1
952,1,0,1,1,1,1,1,1,2,2,1,0,1,1,1,1,2,0,1,2,1,1,1,2,0,1,1,2,1,1,1,1,1,1,0,0,1,0,1,2,2,0,1
953,1,0,1,1,1,1,1,0,1,2,1,0,1,0,1,1,0,0,1,2,1,1,1,0,0,2,1,2,1,1,0,0,1,0,1,0,1,1,1,1,0,2,0
954,1,2,1,1,2,1,1,0,2,2,1,0,1,2,0,1,2,0,1,2,1,1,1,1,0,2,1,2,1,1,1,1,1,0,1,0,1,1,2,1,1,1,0
955,1,2,1,1,2,1,0,1,2,2,1,0,1,0,1,1,2,0,1,2,1,1,1,1,0,2,1,2,1,1,0,0,1,2,0,0,1,1,0,1,1,0,1
956,1,2,1,1,2,1,0,1,2,2,1,0,1,1,0,1,0,0,1,2,1,1,1,1,2,2,1,2,1,1,2,0,1,0,1,1,1,0,0,2,0,0,1
957,1,2,1,1,1,1,1,2,0,2,1,0,1,2,2,1,1,0,0,2,1,1,1,1,1,2,1,2,1,1,0,0,1,1,0,1,1,0,0,1,0,0,1
958,1,0,1,1,2,2,1,0,0,2,1,0,1,1,1,1,1,0,1,2,1,1,1,0,1,2,1,2,1,1,2,0,1,2,0,2,0,0,0,0,0,0,2
959,1,0,1,1,1,2,1,2,0,2,2,0,1,2,1,1,1,0,1,2,0,1,1,0,1,2,1,2,1,1,1,2,1,2,0,2,1,0,2,1,1,1,1
960,1,1,1,1,0,1,1,1,0,2,2,0,1,0,1,1,1,0,1,2,1,1,1,0,1,2,0,2,1,0,0,1,1,2,1,1,1,1,0,1,0,1,1
961,2,0,0,0,2,1,1,1,0,2,0,0,1,0,2,1,0,0,1,1,1,1,1,0,1,2,1,2,1,1,1,1,1,0,1,2,1,0,0,1,2,1,1
962,1,2,0,1,2,1,1,0,2,2,2,0,1,2,1,1,2,0,2,1,1,1,2,1,2,2,1,2,1,1,0,2,1,1,2,2,1,1,2,0,2,0,1
963,1,1,1,0,2,1,1,1,0,2,0,0,1,2,0,1,1,0,1,2,1,1,2,1,2,2,1,2,1,1,2,1,1,1,0,2,1,1,2,1,1,1,1
964,1,0,1,1,2,1,0,1,0,2,1,0,1,0,1,1,1,0,1,1,1,1,1,1,0,2,1,2,1,1,0,0,1,1,1,2,1,0,1,1,0,1,1
965,1,0,1,1,2,1,1,0,0,2,0,0,2,1,1,1,1,0,1,2,1,1,1,0,0,2,1,2,1,1,2,2,1,2,2,2,1,1,2,1,1,0,2
966,1,2,1,2,2,1,1,2,0,2,1,0,2,2,1,1,1,0,1,2,1,1,1,1,0,2,1,2,1,1,0,1,1,1,1,2,1,0,2,1,1,1,0
967,1,0,1,1,1,2,1,0,2,2,2,0,1,2,0,1,2,0,1,2,1,1,1,1,1,2,1,2,1,1,0,1,2,0,1,1,1,0,2,1,0,1,1
968,1,0,1,1,1,1,1,0,2,2,1,0,1,1,1,1,1,0,1,2,1,1,1,2,0,1,1,2,1,1,2,0,1,2,1,1,1,0,1,1,1,1,1
969,1,2,1,2,0,1,0,2,2,1,1,0,1,1,2,1,1,0,1,2,1,1,1,1,2,0,1,2,1,1,2,0,1,2,0,2,1,2,2,1,1,2,1
970,1,1,1,1,0,1,1,2,2,2,1,0,1,0,0,1,1,0,1,2,1,1,1,1,1,0,1,2,1,0,1,0,1,1,2,2,1,1,0,1,0,2,1
971,0,0,2,1,2,1,0,0,2,2,1,0,1,1,0,1,0,0,1,2,1,1,1,1,1,0,1,2,1,1,0,1,1,2,0,1,1,1,2,1,1,0,0
972,2,2,1,1,0,1,1,1,2,2,1,0,1,2,1,1,0,0,1,2,2,1,2,0,0,0,1,2,1,1,2,0,0,0,0,2,1,2,2,1,0,1,1
973,1,1,1,1,2,1,1,1,2,2,1,0,1,2,0,1,0,0,1,2,1,1,1,2,0,1,1,2,1,0,2,2,1,2,0,2,1,1,0,1,0,2,1
974,0,2,1,2,0,1,1,2,0,2,1,0,1,1,1,1,0,0,1,2,1,1,1,1,2,1,1,2,1,2,1,2,2,2,0,2,1,0,1,1,0,1,1
975,1,0,1,1,2,1,0,1,0,2,0,0,1,2,1,0,1,0,1,2,1,1,1,1,0,1,1,2,1,1,0,2,1,2,0,2,1,0,0,2,0,0,2
976,2,0,1,1,1,1,1,0,1,2,2,0,1,0,0,1,1,0,1,2,1,1,1,0,0,1,1,2,1,1,1,0,1,0,1,1,1,1,0,2,2,0,1
977,1,0,1,1,1,1,0,1,1,1,1,0,1,1,1,1,1,0,1,2,1,1,1,0,1,1,1,2,1,1,2,0,1,1,1,1,0,1,2,1,1,1,1
978,1,0,1,1,1,1,1,1,1,2,1,0,2,2,1,1,0,0,1,2,1,1,1,1,2,1,1,2,1,1,1,0,1,1,0,1,1,1,0,1,1,0,0
979,1,0,1,1,2,2,0,2,1,2,1,0,0,0,2,1,1,0,1,2,1,1,1,0,2,1,1,2,1,1,0,2,1,1,0,2,0,1,2,1,1,0,1
980,1,1,2,1,2,1,1,1,2,2,1,0,0,0,1,1,2,0,2,1,1,1,1,0,1,1,1,2,1,1,0,0,1,0,1,2,1,1,2,1,1,1,1
981,1,1,1,1,1,1,0,0,2,2,1,0,0,1,2,1,2,0,1,2,1,1,1,1,1,1,1,2,1,1,0,0,1,1,0,2,0,2,1,2,0,0,1
982,2,2,1,1,1,1,0,0,2,2,1,0,1,0,2,1,1,0,1,2,1,1,1,1,1,1,1,2,1,0,0,2,2,0,1,1,1,0,2,1,1,1,0
983,1,2,1,1,1,1,1,1,2,2,1,0,1,1,0,1,1,0,1,2,1,1,1,1,1,1,1,2,1,1,2,0,0,0,0,0,1,0,0,1,0,1,2
984,1,2,1,1,1,1,0,0,0,2,1,0,1,1,0,1,1,0,1,2,1,1,1,2,0,1,2,2,1,1,2,0,1,1,2,0,1,0,2,1,2,1,1
985,1,2,1,1,1,1,1,0,2,2,1,0,1,1,2,1,1,0,1,2,1,1,1,1,2,0,2,2,1,1,0,0,2,0,1,0,1,1,0,1,0,2,0
986,2,2,1,2,1,1,1,1,0,2,0,0,1,1,1,1,1,0,0,1,1,1,1,1,2,0,1,2,0,1,2,2,1,1,0,0,1,2,1,1,0,0,1
987,1,2,1,1,1,1,2,0,2,2,2,0,1,2,0,1,1,0,1,2,0,1,1,1,0,2,1,2,1,1,1,0,1,0,1,0,1,1,2,1,1,2,1
988,1,2,1,1,1,1,2,0,2,2,1,0,2,1,0,1,1,0,2,2,2,1,1,1,1,1,1,2,1,1,2,2,2,0,1,0,1,1,0,1,0,0,1
989,0,2,1,1,0,1,1,2,0,2,1,0,1,2,2,1,1,0,1,1,1,1,1,1,1,2,1,2,1,1,1,0,1,0,2,2,1,1,0,1,1,1,1
990,1,2,0,1,2,1,1,1,2,1,1,0,1,2,0,1,0,0,1,2,1,1,1,0,1,0,1,2,1,1,1,1,0,0,0,0,1,1,2,1,0,0,1
991,1,0,2,1,1,1,0,1,1,1,0,0,1,0,2,1,0,0,1,2,1,1,1,1,1,0,1,2,1,1,2,0,1,2,1,0,1,2,2,1,0,0,1
992,1,0,1,1,1,1,1,0,2,2,2,2,1,1,2,1,2,0,1,2,1,1,1,1,2,0,1,2,1,1,0,0,1,1,2,0,1,1,2,1,1,0,1
993,1,2,1,1,1,1,0,0,2,2,1,0,1,1,1,1,2,0,2,1,1,1,1,2,1,0,1,2,1,1,2,0,2,1,0,0,1,2,2,1,1,1,1
994,0,0,1,1,0,2,2,2,0,2,1,0,1,2,2,1,2,0,1,2,1,1,1,1,2,1,1,2,1,1,1,0,1,0,2,0,1,1,1,1,1,2,1
995,1,0,1,1,1,1,1,1,2,2,1,0,1,0,1,1,2,0,1,2,1,1,1,1,2,1,1,2,1,1,0,0,1,1,1,0,1,0,2,1,0,0,1
996,1,0,1,1,1,1,1,2,2,1,1,0,1,0,1,1,0,0,0,1,1,1,2,1,0,1,1,2,0,1,1,0,2,2,2,0,1,1,2,1,1,0,1
997,1,0,2,1,1,1,1,1,1,2,1,0,1,0,2,1,2,0,1,2,1,1,1,1,2,1,1,2,2,1,2,2,1,1,2,0,0,1,2,1,0,0,1
998,1,0,1,1,0,1,1,1,2,2,1,0,1,2,1,1,1,0,0,2,1,1,1,1,1,1,1,2,2,1,1,2,1,0,0,0,1,1,2,1,0,1,1
999,2,0,1,1,1,1,0,1,2,2,1,0,1,2,0,1,0,0,1,2,1,1,1,0,1,1,1,2,1,1,0,0,1,0,0,0,1,0,0,1,1,1,0
1000,0,0,2,1,2,1,0,1,0,2,1,0,1,0,1,1,0,0,0,2,1,1,1,0,0,1,1,2,1,1,2,0,1,0,0,0,1,0,2,1,2,0,1
