S1,S2,S3
0.7127,0.7026,0.4293
0.5429,0.4579,0.4067
0.4523,0.3317,0.3605
0.3437,0.3233,0.3717
0.3138,0.2872,0.2197
0.1592,0.1222,0.1339
0.0793,0.0835,0.0784
0.0963,0.1078,0.1007
0.1751,0.1678,0.164
0.2063,0.2517,0.1978
0.137,0.1683,0.1563
0.1047,0.1098,0.1067
0.1062,0.1142,0.1118
0.1584,0.1551,0.1481
0.1483,0.1572,0.1659
0.0683,0.0682,0.0627
0.0776,0.0752,0.0765
0.1501,0.155,0.1469
0.1076,0.1024,0.1011
0.0773,0.0718,0.0742
0.219,0.2525,0.2123
0.1351,0.1342,0.1385
0.111,0.1083,0.1162
0.1901,0.1903,0.1725
0.1734,0.1753,0.1794
0.1861,0.1844,0.1917
0.1324,0.1352,0.1383
0.112,0.11,0.1177
0.1046,0.1041,0.1001
0.108,0.103,0.1045
0.0617,0.0613,0.0584
0.0612,0.0581,0.0576
0.0782,0.0699,0.0837
0.0617,0.0722,0.0626
0.1042,0.1012,0.1182
0.1128,0.1151,0.1082
0.1003,0.1294,0.1064
0.1203,0.1427,0.1436
0.2409,0.2818,0.2837
0.1255,0.2579,0.2438
0.1114,0.2223,0.2457
0.2137,0.2931,0.2911
0.1857,0.2361,0.2347
0.0896,0.1494,0.154
0.0956,0.1259,0.1283
0.1316,0.1784,0.1496
0.134,0.1881,0.1566
0.2083,0.2244,0.2556
0.1871,0.2154,0.1941
0.1244,0.1294,0.121
0.1251,0.1141,0.1021
0.1494,0.1384,0.143
0.1007,0.0993,0.0981
0.0794,0.0781,0.0749
0.0743,0.0756,0.0734
0.0961,0.1018,0.0907
0.103,0.1083,0.1014
0.0782,0.0798,0.0781
0.1239,0.1335,0.1283
0.0887,0.0991,0.1018
0.1034,0.1071,0.1138
0.1381,0.1397,0.1442
0.0847,0.0806,0.0902
0.1032,0.1411,0.1199
0.1315,0.1267,0.1289
0.0999,0.1031,0.1142
0.0928,0.1066,0.1035
0.151,0.1426,0.1636
0.2418,0.2565,0.2573
0.2217,0.2496,0.2348
0.1123,0.1473,0.128
0.1636,0.1804,0.1974
0.1151,0.1326,0.1465
0.1911,0.1971,0.2301
0.1779,0.1706,0.1898
0.2134,0.2108,0.2301
0.1937,0.1954,0.238
0.0918,0.1141,0.1602
0.0948,0.1983,0.1027
0.1192,0.1292,0.1419
0.0812,0.115,0.1034
0.0805,0.0908,0.1015
0.067,0.0742,0.0783
0.0766,0.1041,0.097
0.0857,0.1039,0.1079
0.161,0.1749,0.176
0.0742,0.0961,0.0968
0.0898,0.1229,0.0969
0.1244,0.1916,0.1225
0.1248,0.1755,0.1248
0.1181,0.1762,0.1185
0.1293,0.1676,0.1404
0.1092,0.1329,0.1183
0.0717,0.0936,0.0793
0.0656,0.0749,0.0684
0.077,0.0898,0.0887
0.131,0.1377,0.1411
0.0776,0.0798,0.0807
0.0568,0.0586,0.0614
0.1524,0.1552,0.1536
0.0872,0.0879,0.0917
0.0791,0.0904,0.0906
0.0919,0.1005,0.0984
0.0847,0.0888,0.0881
0.1163,0.1287,0.1243
0.0765,0.0806,0.0787
0.0497,0.0484,0.0504
0.0838,0.0516,0.0501
0.0591,0.061,0.0612
0.0494,0.053,0.0534
0.0767,0.0873,0.083
0.0947,0.0822,0.102
0.0869,0.1471,0.0804
0.0638,0.0777,0.081
0.0813,0.1156,0.1393
0.2089,0.2658,0.3312
0.2853,0.3272,0.573
0.262,0.4017,0.726
0.297,0.4293,0.9892