Residues,S1,S2,S3
1,0.7424,0.5778,0.6524
2,0.5358,0.4334,0.436
3,0.3697,0.3053,0.3672
4,0.233,0.2896,0.315
5,0.1896,0.2296,0.3546
6,0.1086,0.1238,0.1399
7,0.0639,0.079,0.0847
8,0.0969,0.0962,0.1012
9,0.1611,0.143,0.157
10,0.2147,0.1997,0.2584
11,0.1201,0.1529,0.1914
12,0.1043,0.1144,0.1183
13,0.1063,0.1212,0.1244
14,0.1499,0.1567,0.1739
15,0.159,0.1561,0.178
16,0.0587,0.0679,0.0734
17,0.0688,0.0843,0.1058
18,0.1433,0.1519,0.1618
19,0.0886,0.1027,0.1147
20,0.0646,0.0839,0.0838
21,0.2314,0.2272,0.227
22,0.1249,0.1274,0.1357
23,0.0964,0.107,0.1252
24,0.1578,0.151,0.1536
25,0.1596,0.1532,0.1647
26,0.1712,0.164,0.1822
27,0.1209,0.1073,0.1247
28,0.1005,0.0984,0.1068
29,0.089,0.0912,0.0957
30,0.0954,0.0991,0.0986
31,0.0526,0.0561,0.0569
32,0.0458,0.0486,0.0495
33,0.0714,0.0901,0.073
34,0.0513,0.0713,0.0619
35,0.0657,0.0905,0.0814
36,0.0896,0.121,0.1151
37,0.0783,0.1851,0.0767
38,0.0872,0.1584,0.1052
39,0.1284,0.2239,0.2372
40,0.0951,0.1331,0.1437
41,0.098,0.185,0.1131
42,0.2267,0.2461,0.2327
43,0.1821,0.2358,0.1912
44,0.0841,0.1246,0.0921
45,0.0886,0.0969,0.0975
46,0.1226,0.1149,0.1319
47,0.1198,0.1226,0.1292
48,0.1717,0.1534,0.1956
49,0.1349,0.1473,0.1413
50,0.1034,0.1016,0.1234
51,0.0683,0.1045,0.1178
52,0.0954,0.0951,0.1099
53,0.0888,0.076,0.08
54,0.0768,0.0732,0.0687
55,0.0649,0.0664,0.0699
56,0.0898,0.0895,0.0951
57,0.0883,0.0874,0.0984
58,0.071,0.0722,0.0758
59,0.1176,0.1217,0.129
60,0.0781,0.0779,0.0917
61,0.0944,0.0955,0.1055
62,0.1275,0.1248,0.1313
63,0.0806,0.0785,0.0811
64,0.1101,0.1162,0.0909
65,0.1168,0.1195,0.1303
66,0.0875,0.0874,0.0939
67,0.0908,0.0895,0.0964
68,0.1399,0.1458,0.1387
69,0.2445,0.2481,0.2496
70,0.1811,0.1854,0.1784
71,0.1124,0.1023,0.1193
72,0.1531,0.1555,0.1586
73,0.1136,0.1095,0.1238
74,0.1877,0.1884,0.1907
75,0.1737,0.1623,0.1738
76,0.205,0.2135,0.2173
77,0.1915,0.2114,0.1979
78,0.0937,0.1183,0.1043
79,0.1028,0.0958,0.1042
80,0.1042,0.1148,0.1283
81,0.0801,0.0824,0.0973
82,0.0706,0.0836,0.0947
83,0.062,0.0679,0.0814
84,0.0749,0.0772,0.1039
85,0.0807,0.0838,0.123
86,0.1489,0.1541,0.1762
87,0.0727,0.0727,0.1208
88,0.0873,0.0885,0.1457
89,0.1201,0.1437,0.2947
90,0.1258,0.1339,0.2537
91,0.0949,0.0952,0.2721
92,0.1126,0.1126,0.1726
93,0.1018,0.0959,0.1191
94,0.0672,0.066,0.0765
95,0.0604,0.0644,0.0706
96,0.0753,0.0802,0.0809
97,0.1291,0.1256,0.1373
98,0.0686,0.0656,0.0739
99,0.0495,0.0535,0.0544
100,0.1437,0.1437,0.1502
101,0.0769,0.0782,0.0888
102,0.0774,0.0793,0.0863
103,0.0876,0.0896,0.0947
104,0.0831,0.083,0.0869
105,0.1171,0.1239,0.1271
106,0.0737,0.0829,0.0813
107,0.0439,0.0487,0.0491
108,0.0851,0.0552,0.0881
109,0.0565,0.0596,0.0574
110,0.0456,0.0479,0.0487
111,0.0682,0.0811,0.0799
112,0.0962,0.0955,0.0935
113,0.0576,0.0718,0.0591
114,0.0627,0.0663,0.0652
115,0.0802,0.1006,0.0947
116,0.1882,0.2309,0.2171
117,0.1593,0.2726,0.2484
118,0.1875,0.3398,0.3062
119,0.2351,0.4114,0.4327