,chi3MET1.xvg,chi3GLU4.xvg,chi3LYS5.xvg,chi3LYS8.xvg,chi3GLN9.xvg,chi3ARG10.xvg,chi3ARG11.xvg,chi3GLU14.xvg,chi3GLN15.xvg,chi3ARG16.xvg,chi3GLU18.xvg,chi3ARG21.xvg,chi3ARG24.xvg,chi3GLU25.xvg,chi3GLN26.xvg,chi3LYS30.xvg,chi3GLU36.xvg,chi3ARG37.xvg,chi3LYS39.xvg,chi3GLU41.xvg,chi3LYS42.xvg,chi3GLN43.xvg,chi3LYS49.xvg,chi3LYS51.xvg,chi3MET60.xvg,chi3GLU62.xvg,chi3LYS65.xvg,chi3ARG68.xvg,chi3ARG69.xvg,chi3ARG70.xvg,chi3GLN72.xvg,chi3GLN77.xvg,chi3MET88.xvg,chi3GLU97.xvg,chi3GLU100.xvg,chi3GLU102.xvg,chi3LYS103.xvg,chi3GLU105.xvg,chi3MET111.xvg,chi3GLN116.xvg,chi3GLU117.xvg
0,1,2,2,1,2,2,1,0,0,2,2,0,2,0,2,1,2,0,1,0,1,1,1,0,2,2,1,0,2,2,2,2,1,1,1,2,1,2,1,0,2
1,1,0,1,2,0,2,2,0,0,2,2,0,2,2,0,1,2,0,1,1,2,2,1,0,2,1,1,0,0,1,1,2,2,1,2,1,1,0,1,2,1
2,2,2,1,1,2,2,1,2,0,2,0,0,2,0,0,1,2,0,0,1,1,0,1,2,2,0,1,0,1,1,2,0,1,0,0,0,1,2,1,0,0
3,1,2,1,1,1,2,2,2,0,2,2,0,2,0,0,1,2,0,1,2,1,0,1,0,2,2,1,0,1,1,1,0,1,1,2,1,0,1,1,0,1
4,0,2,1,1,1,2,2,2,0,2,1,0,2,2,2,1,2,0,1,2,1,0,0,2,2,2,1,0,1,1,2,0,1,0,2,2,1,0,1,0,0
5,1,2,1,1,0,2,2,0,0,2,2,0,2,2,1,1,2,0,1,1,1,1,1,0,2,1,1,0,1,1,1,2,1,0,1,2,1,0,1,1,0
6,1,2,1,2,2,0,2,2,0,2,2,0,2,2,0,1,2,0,0,2,1,1,1,1,2,2,0,0,1,1,2,2,2,0,0,2,1,0,1,0,2
7,1,1,2,1,0,1,1,1,2,2,0,1,2,0,0,1,2,0,1,2,1,0,1,2,2,1,1,2,1,1,2,2,2,0,1,0,1,1,1,2,0
8,2,1,1,1,0,1,1,2,0,2,1,1,2,0,0,1,2,0,1,2,0,0,1,0,2,1,2,0,1,1,2,2,2,2,1,1,1,2,1,2,0
9,0,2,1,1,2,1,1,0,0,2,2,0,2,0,2,1,2,0,1,2,2,2,1,0,2,1,2,2,1,1,2,2,1,2,2,1,1,2,0,2,2
10,2,0,1,2,2,1,1,0,2,2,1,0,2,0,1,1,2,0,1,2,1,0,1,0,2,2,2,2,1,1,0,2,0,2,2,0,1,2,1,0,0
11,1,2,1,0,0,2,1,0,0,2,2,0,2,1,2,1,2,0,1,0,1,0,1,0,2,0,0,2,2,1,0,0,2,2,2,1,1,0,1,1,1
12,0,0,1,0,0,2,1,2,0,2,2,0,2,1,0,1,2,0,1,0,1,0,1,0,2,0,1,2,2,1,0,1,1,1,1,0,1,0,1,2,1
13,0,0,2,1,2,2,1,0,1,2,1,0,2,2,0,1,2,0,1,0,1,0,1,0,2,2,1,2,2,1,0,0,1,0,2,1,2,1,1,2,2
14,0,0,1,1,0,1,1,0,0,2,0,0,2,1,0,1,2,0,1,0,1,1,2,1,2,0,1,0,2,1,0,0,1,0,1,0,1,1,1,2,1
15,1,0,1,2,2,1,1,1,0,2,0,1,2,1,2,1,1,0,1,0,1,1,2,0,2,0,1,0,2,1,2,1,1,2,2,0,1,0,1,2,2
16,2,1,1,1,1,1,1,2,0,2,0,1,2,0,2,1,2,0,1,0,0,0,1,0,2,2,1,0,2,1,2,0,1,0,2,0,1,0,1,2,2
17,1,2,1,0,0,1,1,2,0,2,2,1,2,2,0,1,0,0,1,0,0,0,1,1,2,2,2,0,1,1,0,0,2,1,0,0,1,2,1,1,2
18,2,1,1,0,2,1,1,0,0,2,0,2,2,0,2,1,1,0,0,0,0,0,1,1,2,1,1,1,1,1,0,2,1,0,1,0,1,2,0,0,2
19,1,2,1,2,2,1,1,0,2,2,0,2,2,2,2,1,0,0,1,0,0,1,1,0,1,1,1,1,1,1,0,2,1,0,0,1,1,2,1,1,2
20,1,2,1,0,0,1,1,0,0,2,1,2,2,1,0,1,1,0,1,0,0,2,1,2,2,2,1,1,1,1,0,1,1,2,1,0,1,1,1,1,2
21,1,2,1,0,0,1,1,1,0,2,2,2,2,0,0,1,1,0,0,0,0,1,1,0,2,1,1,1,1,1,2,1,2,2,0,0,1,1,2,0,2
22,1,2,1,0,0,1,1,1,2,2,1,2,2,2,2,1,0,0,2,0,1,0,1,1,1,0,1,1,1,1,1,2,1,1,2,1,1,0,0,0,0
23,1,2,2,1,0,1,1,2,1,2,0,2,2,2,2,1,0,0,2,0,1,1,1,0,2,0,1,1,1,1,0,1,2,2,2,0,1,2,2,2,1
24,1,2,0,0,2,1,1,2,1,2,1,2,2,0,1,1,0,0,2,0,1,0,2,2,1,0,1,1,1,1,2,0,1,2,2,0,1,1,1,0,1
25,0,0,1,1,0,1,1,0,0,2,0,2,2,0,2,1,2,0,2,0,1,0,1,0,0,2,0,1,1,1,1,0,1,2,0,0,0,2,0,1,1
26,1,2,1,0,2,1,1,2,2,2,0,2,2,1,1,1,2,0,0,0,0,0,1,2,0,0,1,1,1,1,0,0,1,1,2,0,1,0,1,1,2
27,0,0,1,0,2,1,0,2,1,2,2,2,2,1,2,1,2,0,1,0,2,0,1,1,2,2,0,1,1,1,0,0,1,1,2,0,1,0,1,1,2
28,1,1,0,1,0,1,0,2,1,2,0,2,2,1,0,1,2,0,1,0,1,0,1,2,2,2,1,1,1,1,1,2,2,2,2,1,1,2,1,2,2
29,1,2,1,1,0,1,1,0,2,2,1,1,2,1,1,1,0,0,1,0,1,1,2,2,1,2,2,1,1,1,2,0,2,1,2,1,1,0,1,0,2
30,1,0,2,2,0,0,1,0,2,2,0,1,2,0,0,1,2,0,1,0,0,2,0,0,1,0,1,1,1,1,1,1,2,2,2,2,1,2,1,0,2
31,2,2,1,1,2,1,1,2,2,2,0,1,1,0,2,1,1,0,1,0,0,2,1,1,2,2,1,1,2,1,2,2,1,2,2,2,1,1,1,2,1
32,2,1,1,1,0,2,1,1,2,2,0,1,2,1,0,1,0,0,1,0,0,2,1,1,1,1,1,1,2,1,1,2,1,0,0,2,1,0,1,0,0
33,1,2,1,2,0,1,1,0,1,2,0,1,1,2,0,1,2,0,2,0,0,1,0,1,0,1,2,1,1,0,0,2,2,2,2,2,1,2,1,0,1
34,2,2,1,1,0,1,1,2,2,2,1,1,1,0,2,1,1,0,2,0,0,1,0,1,2,2,1,1,0,1,2,2,2,0,1,2,1,0,0,0,0
35,1,2,1,1,2,1,1,0,0,2,1,1,1,1,0,1,0,0,2,0,0,0,1,0,1,2,1,1,2,1,2,2,2,2,2,2,1,2,0,2,1
36,2,2,1,1,0,1,1,0,2,2,2,1,1,2,2,1,0,0,2,0,0,1,1,1,2,0,1,1,2,1,2,0,1,0,2,2,1,1,0,0,0
37,1,2,1,1,1,1,1,0,2,2,2,1,2,2,0,1,0,1,2,0,0,2,1,2,2,2,1,1,1,1,2,1,2,0,2,2,1,2,1,2,0
38,2,2,1,0,0,1,1,0,2,2,2,1,1,1,2,1,0,0,2,0,0,0,1,2,2,2,1,1,0,1,2,0,1,1,2,2,1,2,1,0,2
39,1,2,1,0,2,1,1,0,2,2,2,1,1,1,2,1,2,0,2,0,0,2,1,1,2,2,1,2,0,1,1,0,1,0,1,1,1,0,1,0,0
40,2,0,1,1,1,1,1,0,0,2,1,1,2,1,1,1,0,0,2,0,0,0,1,2,2,2,1,1,0,1,2,0,1,0,1,1,1,2,1,0,2
41,1,2,2,0,2,1,1,2,2,2,1,1,0,0,2,1,0,0,2,0,0,2,1,0,2,0,0,1,0,1,0,0,2,1,0,1,1,0,1,0,0
42,0,2,1,2,2,1,1,0,1,2,2,1,0,2,0,1,0,0,2,0,1,2,1,2,2,1,1,1,1,1,2,0,1,0,1,1,1,1,1,0,1
43,1,0,1,0,2,1,1,2,2,2,0,1,0,2,0,1,1,0,2,0,0,1,2,2,2,0,1,1,1,1,2,0,1,2,1,0,0,2,2,2,2
44,1,2,1,0,0,1,1,1,2,2,0,1,0,1,0,1,1,0,2,0,0,2,2,1,2,1,1,1,1,1,2,0,1,1,1,0,0,2,1,0,2
45,1,2,1,1,2,1,1,1,0,2,2,1,1,1,0,1,0,0,2,0,1,2,1,1,1,0,1,1,1,1,2,0,1,2,0,2,1,1,2,0,2
46,1,0,1,1,0,1,1,2,0,2,2,0,1,0,2,1,0,0,2,0,0,0,2,1,2,0,0,0,1,1,2,0,2,2,2,2,1,2,1,0,2
47,1,0,1,1,2,2,1,2,0,2,1,0,1,1,2,1,2,0,2,0,0,1,1,1,2,2,2,0,1,1,2,0,1,2,0,1,1,2,0,0,0
48,1,0,1,1,2,2,1,0,1,2,1,1,1,0,2,1,1,0,2,0,0,1,1,1,2,1,0,2,0,1,0,0,2,2,2,0,1,2,1,1,2
49,1,2,1,1,2,2,1,0,2,2,1,1,0,2,0,1,0,0,2,0,1,1,1,2,2,1,0,0,1,1,2,0,2,1,1,0,1,2,1,2,0
50,2,1,1,0,0,2,1,1,0,2,1,1,1,1,1,1,1,0,2,0,1,2,1,2,2,1,1,2,2,1,0,0,1,1,1,1,1,2,1,0,0
51,1,0,1,1,2,1,1,1,2,2,0,1,1,2,2,1,1,0,2,0,2,0,1,2,2,1,1,2,2,1,0,0,1,1,2,0,1,2,1,1,0
52,1,0,2,1,2,2,1,0,2,2,2,1,1,2,0,1,1,0,2,0,2,1,0,2,2,0,1,2,2,1,2,0,2,1,0,1,1,2,0,1,0
53,1,0,1,1,0,2,1,2,0,2,2,1,1,2,2,1,2,1,2,0,0,2,1,2,2,0,1,2,1,1,2,2,1,1,0,1,1,0,1,2,1
54,1,2,1,1,0,2,1,2,0,2,1,1,1,1,2,1,0,0,2,0,1,0,1,0,2,1,1,0,1,1,2,0,1,1,2,1,1,0,0,0,0
55,0,2,1,1,0,2,1,0,0,2,2,1,1,1,0,1,0,0,1,0,1,1,1,0,2,2,1,0,1,0,0,0,1,2,0,1,0,1,0,2,1
56,1,2,1,1,1,2,1,1,0,2,1,1,1,0,0,1,1,0,1,0,1,0,1,2,2,1,1,0,1,0,2,0,2,0,0,1,1,2,1,2,2
57,1,0,1,1,0,2,1,2,0,2,2,1,1,0,0,1,0,0,1,0,1,2,1,0,1,2,1,0,1,0,2,0,0,0,1,0,1,1,0,2,1
58,2,2,1,1,1,2,1,2,0,2,1,1,1,1,2,1,0,0,1,0,1,2,1,0,2,2,1,0,1,0,0,1,1,2,0,1,1,0,1,2,2
59,2,2,1,1,0,2,1,0,2,2,2,1,1,2,2,1,2,0,1,0,1,0,1,2,2,0,1,0,0,0,2,0,2,0,2,0,1,0,1,2,2
60,1,2,1,2,1,2,1,0,2,2,0,1,1,2,2,1,2,0,1,0,1,2,1,2,2,1,1,0,1,0,0,0,1,0,2,2,1,2,0,2,2
61,1,0,1,2,1,2,1,0,1,2,0,1,1,2,0,1,0,0,1,0,1,2,1,1,2,2,2,0,1,0,1,2,1,1,1,0,0,2,1,2,0
62,2,0,2,2,0,2,1,1,1,2,2,1,1,0,0,1,1,0,1,0,1,1,1,0,2,0,1,0,0,0,1,0,1,0,0,2,0,1,0,0,1
63,2,2,1,0,0,2,1,1,0,2,2,1,1,0,2,1,0,0,1,0,2,0,1,1,0,2,1,0,0,0,2,0,1,0,2,0,1,2,0,0,1
64,1,2,0,0,0,2,1,2,0,2,0,1,1,0,0,1,1,0,1,0,1,1,1,1,0,0,1,0,2,0,0,0,1,2,2,0,0,2,0,0,0
65,1,0,1,0,2,0,1,0,2,2,1,1,1,1,2,1,1,0,0,0,1,2,1,2,0,1,1,0,2,2,2,0,2,1,0,0,0,2,0,0,2
66,1,0,2,2,2,2,1,2,1,2,1,1,1,2,0,1,0,0,1,0,1,0,1,2,0,1,1,0,0,2,2,2,0,1,2,0,1,0,0,0,2
67,0,2,1,0,2,2,1,0,2,2,1,1,1,0,0,1,2,0,0,0,2,2,1,1,0,0,1,0,0,2,2,0,0,0,0,0,1,1,2,2,0
68,2,2,0,1,2,2,1,2,2,2,1,1,1,2,2,1,2,0,1,0,1,2,1,0,0,0,1,0,0,1,2,0,2,0,2,0,1,0,0,0,0
69,1,2,1,2,1,2,1,1,2,2,1,1,1,1,1,2,2,0,1,0,1,2,0,1,1,2,1,0,1,1,0,0,2,0,1,0,1,0,2,2,1
70,1,1,0,0,1,2,1,0,2,2,1,0,1,2,2,2,2,0,1,0,1,2,0,1,2,0,1,0,1,1,0,2,1,2,0,1,1,2,2,2,1
71,1,0,0,0,2,2,1,2,0,2,2,2,1,2,1,1,2,0,1,0,1,1,1,1,1,2,0,0,1,2,2,2,0,1,2,1,0,2,0,2,0
72,2,1,0,1,0,2,1,1,1,2,2,2,1,0,0,1,0,0,1,0,1,0,1,2,1,2,1,0,2,1,2,0,1,0,0,0,0,0,1,0,0
73,2,2,0,0,2,2,1,2,2,2,1,1,1,0,2,1,1,0,1,0,1,0,1,1,1,1,1,0,2,1,2,1,0,0,2,1,1,2,0,0,2
74,1,0,1,1,2,2,1,1,2,2,1,1,1,2,0,1,1,0,1,0,1,2,1,0,2,2,2,0,0,1,2,2,2,1,2,2,1,0,1,1,0
75,0,1,1,1,2,2,1,1,0,2,2,1,1,0,1,1,0,0,1,0,1,2,1,1,1,2,1,0,0,1,2,0,1,2,2,0,1,0,1,0,2
76,1,0,0,1,2,2,1,0,2,2,2,1,2,0,0,1,2,0,1,0,0,2,1,2,0,1,1,1,0,2,2,0,0,2,1,2,1,2,0,2,2
77,1,0,1,1,2,2,1,2,1,2,0,1,2,0,2,0,1,0,1,0,2,2,1,2,1,2,0,0,1,2,0,0,1,0,1,2,1,0,0,0,2
78,1,1,0,1,0,2,1,2,2,2,0,1,2,1,2,1,0,0,1,0,2,1,1,2,2,2,0,0,1,1,0,2,1,0,0,2,0,0,1,1,1
79,1,1,1,1,0,2,1,0,0,2,1,1,1,2,0,1,1,0,1,0,2,2,1,1,1,2,2,0,1,1,1,1,2,1,2,2,1,0,0,2,1
80,1,1,0,1,0,2,1,1,2,2,0,1,1,0,2,1,1,0,1,0,1,0,1,2,1,2,0,0,1,1,1,2,2,0,2,2,0,0,0,0,2
81,2,2,2,1,2,2,1,0,2,2,0,1,1,2,2,1,0,1,1,0,1,2,1,1,1,2,1,0,1,1,2,0,2,0,0,2,1,1,1,2,1
82,2,2,1,1,0,2,1,0,2,2,2,1,1,2,2,1,2,0,1,0,0,2,1,2,1,2,1,0,1,1,2,2,2,2,0,2,1,2,1,2,1
83,2,0,1,1,0,2,1,2,2,2,1,1,1,2,2,1,1,0,1,0,0,1,1,2,0,2,1,0,1,1,0,2,0,0,2,2,1,2,1,2,0
84,1,1,1,1,0,2,1,1,0,2,1,1,1,0,2,1,2,0,1,0,0,0,1,1,1,1,1,0,1,1,0,0,1,2,1,2,1,0,0,2,2
85,2,2,0,1,0,2,1,1,2,2,0,1,1,2,2,1,0,0,1,0,1,2,2,0,0,2,1,1,1,1,2,2,1,2,0,2,1,0,1,0,1
86,1,2,1,1,0,2,1,2,2,2,1,1,1,2,2,1,2,0,0,0,1,1,0,1,1,0,1,2,1,1,0,2,2,1,1,2,1,0,1,2,1
87,1,2,1,1,0,2,1,0,2,2,2,1,1,2,0,1,1,0,0,0,2,0,2,1,1,2,0,2,1,1,2,0,1,1,2,2,1,1,1,2,2
88,1,1,1,1,2,2,1,0,1,2,0,1,2,2,0,1,1,0,0,0,1,0,1,1,1,0,0,1,2,1,2,0,1,1,2,2,0,1,1,2,1
89,2,1,1,1,0,2,1,2,0,2,2,1,2,2,2,1,0,0,1,0,1,1,1,2,0,1,2,1,1,1,2,0,1,2,0,2,0,0,0,2,2
90,1,2,1,2,1,2,1,0,0,2,2,1,2,0,2,1,1,0,1,0,2,2,1,2,1,0,0,2,1,1,2,0,1,2,1,2,1,0,1,2,2
91,1,0,0,0,1,2,1,2,2,2,0,1,2,2,1,1,0,0,1,0,1,0,1,2,1,0,1,1,1,1,2,0,1,1,2,2,1,1,0,2,2
92,1,2,1,1,1,2,1,2,1,2,2,1,1,1,2,1,0,0,1,0,1,0,1,2,0,2,0,1,1,1,0,0,1,2,0,2,0,1,2,0,0
93,1,0,2,1,0,2,1,2,2,2,2,1,1,0,0,1,0,0,1,0,0,1,1,2,1,2,1,1,0,1,0,0,1,2,2,2,1,2,1,1,2
94,1,1,1,1,1,2,1,0,0,2,1,1,1,0,0,1,1,0,1,0,1,2,1,0,0,0,1,0,0,1,0,0,2,0,0,2,1,0,1,1,2
95,1,2,1,1,0,2,1,0,2,2,0,1,1,1,2,1,1,0,1,0,2,2,1,1,1,2,1,0,2,1,2,0,0,0,0,2,0,0,1,2,2
96,0,0,0,0,0,1,1,1,0,2,0,1,1,0,2,1,1,0,1,0,2,0,1,2,1,2,1,0,2,1,0,0,1,2,0,2,1,2,1,2,0
97,0,1,1,1,0,1,1,0,2,2,2,0,1,0,0,1,0,0,1,0,1,2,1,1,1,2,2,0,2,1,2,2,1,0,2,2,1,1,1,2,1
98,1,2,1,2,0,1,1,1,2,2,1,1,1,2,0,1,1,0,1,0,1,0,1,1,1,0,1,0,2,1,1,0,1,1,1,2,1,0,1,2,2
99,1,2,1,1,0,1,1,2,0,2,0,1,1,1,1,1,2,0,1,0,0,1,1,1,0,2,0,0,2,1,2,0,0,1,0,2,1,2,1,2,0
100,0,0,1,0,1,1,1,1,2,2,1,1,1,1,2,1,0,0,0,0,1,2,1,1,1,2,0,2,2,1,0,0,0,2,2,2,1,1,0,2,0
101,1,2,1,1,2,0,1,2,2,2,1,1,1,2,2,1,2,0,1,0,1,1,1,2,0,0,0,0,2,1,2,0,0,1,2,2,1,0,1,0,2
102,1,1,1,1,2,1,1,2,2,2,2,1,1,0,2,1,0,0,1,0,1,0,1,1,0,2,2,0,0,1,0,2,1,1,2,2,1,1,1,0,1
103,1,0,2,2,0,2,1,0,0,2,2,1,1,1,2,1,2,0,2,0,1,0,1,1,0,1,2,0,1,1,1,0,1,0,2,2,1,1,1,1,0
104,2,1,0,2,0,1,1,0,2,2,1,1,1,2,0,1,2,0,2,0,1,0,1,1,0,0,1,0,1,1,2,0,2,2,0,2,0,1,1,1,0
105,1,2,2,1,0,1,1,0,2,2,0,0,1,0,0,1,2,0,1,0,1,2,1,0,0,2,1,0,1,1,0,0,0,0,0,2,1,2,1,2,0
106,0,2,1,1,2,1,1,0,2,2,2,2,0,2,0,1,2,0,0,0,1,0,1,2,0,2,0,0,1,1,2,2,1,1,1,2,2,1,1,2,0
107,1,0,1,1,2,2,1,0,2,2,2,0,0,2,0,1,2,0,0,0,2,0,1,2,0,0,1,0,1,1,1,0,2,0,0,0,1,1,1,2,0
108,0,0,1,1,1,1,1,2,0,2,0,2,0,2,0,1,2,0,1,0,1,0,1,1,0,1,1,0,2,1,2,0,2,2,2,0,0,2,1,2,0
109,1,2,1,0,1,2,1,1,2,2,2,2,0,2,2,1,0,0,1,0,1,0,1,1,0,0,2,0,2,1,2,0,2,0,2,0,0,0,0,2,2
110,1,0,1,1,0,0,1,0,2,2,2,2,0,2,0,1,2,0,0,0,1,0,1,0,0,2,0,0,2,1,2,2,2,0,2,0,1,0,0,2,0
111,0,2,1,1,2,2,1,1,2,2,0,2,0,0,0,1,2,0,0,0,1,0,1,2,1,2,1,0,2,1,0,2,1,1,2,1,1,0,2,2,0
112,1,2,1,0,2,2,1,0,0,2,1,2,0,2,2,1,2,0,2,0,2,2,1,1,1,1,1,0,2,1,0,2,1,2,2,2,1,0,1,2,2
113,1,2,1,1,0,1,1,2,2,2,0,2,0,2,0,1,2,0,2,0,1,0,0,1,1,0,0,0,2,1,1,2,2,1,2,2,0,2,1,2,2
114,1,0,1,1,0,1,1,0,2,2,2,2,0,1,2,1,2,0,2,0,1,0,0,0,0,2,0,0,0,1,2,0,0,1,0,0,1,1,1,0,1
115,1,0,1,1,2,1,1,2,0,2,2,2,0,2,2,1,2,0,2,0,1,0,0,2,0,2,1,0,0,1,2,0,2,2,2,2,0,2,2,0,1
116,1,2,1,1,0,1,1,0,2,2,0,2,0,0,0,1,2,0,2,0,1,1,0,1,0,2,1,0,0,1,2,2,2,0,0,2,1,0,1,0,1
117,0,0,1,1,2,2,1,2,0,2,1,2,0,0,2,1,2,0,2,0,0,0,0,1,1,2,0,0,0,1,0,2,0,1,2,2,1,2,1,0,2
118,1,2,1,1,0,1,1,0,0,2,2,2,0,2,0,1,2,0,2,0,0,0,0,1,1,0,1,0,0,1,2,2,1,2,1,2,2,0,1,1,0
119,1,1,1,1,0,1,1,0,2,2,2,2,0,1,0,1,0,0,2,0,0,0,1,2,1,1,1,0,1,1,0,1,1,1,2,2,1,1,1,0,1
120,1,1,1,1,2,0,1,0,2,2,0,2,0,0,0,1,1,0,2,0,0,2,1,0,0,2,0,0,0,1,0,0,1,2,2,2,1,0,0,0,2
121,0,0,1,1,2,1,1,0,2,2,1,2,0,2,0,1,2,0,2,0,0,2,2,2,1,2,0,0,0,1,2,2,0,2,0,2,1,2,0,0,1
122,2,0,1,1,0,1,1,1,0,2,1,2,0,1,1,1,2,0,2,0,0,1,1,1,2,0,0,1,0,0,2,2,1,1,2,2,1,2,0,1,2
123,1,1,0,2,0,1,1,0,0,2,2,2,0,0,0,1,2,0,2,0,0,1,1,2,0,2,2,2,1,1,2,2,1,2,0,2,1,1,1,0,0
124,2,0,2,1,2,1,1,1,0,2,2,2,0,2,2,1,0,0,1,0,0,0,1,1,1,2,1,2,1,1,0,0,2,1,2,2,0,0,1,1,2
125,1,2,2,2,0,1,1,0,0,2,2,2,0,0,2,1,1,2,1,0,1,1,1,1,1,2,1,2,1,1,2,1,1,0,2,2,1,0,1,0,0
126,2,0,2,0,0,1,1,0,0,2,2,2,0,1,0,1,0,2,2,0,1,2,1,2,1,0,1,1,2,0,1,2,1,0,0,2,1,2,1,0,1
127,1,2,2,0,1,1,1,2,0,2,2,2,0,0,1,1,2,1,1,0,1,0,1,1,1,0,1,1,2,0,1,2,1,2,0,2,1,0,0,0,0
128,1,0,2,0,1,1,1,0,2,2,2,2,0,2,0,1,2,1,1,0,1,0,1,2,1,1,1,1,2,1,0,0,1,2,0,2,1,1,1,0,0
129,1,1,2,0,0,1,1,2,2,2,0,2,0,2,1,1,2,1,1,0,1,2,1,1,0,1,1,0,2,0,0,2,2,0,1,2,1,2,1,0,0
130,1,0,0,1,2,1,1,1,0,2,1,2,0,1,2,1,2,2,1,0,1,0,1,2,1,0,1,0,2,0,2,2,2,0,1,2,0,0,1,0,0
131,1,2,0,0,0,1,1,2,2,2,1,2,0,2,0,1,0,2,2,0,1,2,1,0,1,2,2,0,2,1,2,2,0,2,0,2,1,0,1,1,0
132,1,0,2,1,2,1,0,0,0,2,2,2,0,0,2,1,2,2,1,0,1,2,1,0,1,2,1,0,2,1,2,2,1,2,0,2,1,2,1,0,2
133,1,1,1,0,1,1,0,1,0,2,1,2,0,1,2,1,2,1,2,0,2,2,0,2,1,0,2,0,2,1,0,2,2,0,1,2,1,0,1,0,2
134,2,0,1,0,0,1,1,0,2,2,2,2,0,2,2,1,2,1,1,0,1,0,1,2,1,0,1,0,2,1,2,0,1,1,0,2,1,2,1,1,1
135,2,2,1,0,0,1,1,0,0,2,0,2,0,0,2,1,1,0,2,0,2,0,0,1,1,0,1,0,2,1,2,2,1,2,0,2,1,0,1,1,2
136,1,2,1,0,0,1,1,0,1,2,0,2,0,0,0,1,1,0,1,0,2,2,1,1,1,1,1,0,2,1,0,1,1,0,2,2,1,1,1,0,2
137,1,0,1,1,1,1,1,2,0,2,0,2,0,0,0,1,0,0,1,0,2,0,1,2,1,2,1,2,2,1,2,1,0,0,0,2,1,2,1,0,0
138,1,0,1,0,0,1,1,1,2,2,2,2,0,2,2,1,0,0,1,0,0,0,1,0,1,2,1,0,1,1,0,0,1,2,0,2,1,2,1,0,0
139,1,2,2,2,0,1,1,2,0,2,2,2,0,1,2,1,0,0,1,0,1,0,1,2,1,1,1,0,1,1,2,2,1,1,1,2,1,0,1,0,0
140,1,2,1,1,1,0,1,0,1,2,0,2,0,0,0,1,1,0,1,0,1,0,1,0,0,2,1,2,1,1,2,0,1,2,1,0,1,1,0,2,0
141,1,0,1,1,1,0,1,2,2,2,0,2,0,2,0,1,1,0,1,0,0,2,1,1,1,1,1,1,1,2,2,0,1,1,2,1,1,1,0,2,2
142,1,0,1,1,1,0,1,2,0,2,1,1,0,0,0,1,1,0,1,0,1,0,1,1,1,2,1,1,1,2,2,2,1,2,1,0,1,0,1,2,0
143,1,2,2,0,0,2,1,2,2,2,0,1,0,1,2,1,2,0,2,0,2,0,2,1,1,2,1,1,1,2,2,2,2,1,2,1,1,2,1,2,1
144,1,0,2,1,0,2,1,2,0,2,1,1,0,0,2,1,0,0,2,0,1,0,1,1,2,0,1,1,1,2,2,2,1,2,2,1,1,2,1,2,0
145,2,1,0,1,0,2,1,0,0,2,2,1,0,0,0,1,0,0,1,0,1,0,1,0,2,1,1,1,1,0,2,0,2,2,2,0,1,2,1,0,2
146,2,2,1,1,2,2,1,1,0,2,2,0,0,0,1,1,0,0,1,0,1,2,2,2,2,0,0,0,1,0,2,2,0,2,1,1,1,2,0,2,1
147,1,1,0,0,0,2,1,2,0,2,0,0,0,0,0,1,0,0,2,0,2,2,1,2,2,2,1,2,1,0,0,2,1,0,2,0,1,2,1,2,0
148,1,2,0,1,2,2,1,1,0,2,1,1,0,2,2,1,1,0,2,0,2,1,1,0,2,2,1,1,1,1,2,0,1,1,0,0,1,2,1,2,2
149,1,0,1,0,0,2,1,2,0,2,0,1,0,2,2,2,1,0,2,0,1,0,1,1,0,2,1,0,1,1,2,0,2,2,2,0,1,2,0,0,2
150,1,0,1,1,2,2,1,0,0,2,0,1,1,2,1,1,0,0,0,0,2,0,1,1,2,2,0,0,1,1,2,0,2,2,1,1,1,0,1,2,0
151,2,2,1,1,0,2,1,2,0,2,1,1,0,1,2,1,1,0,1,0,2,2,1,1,0,0,2,0,1,1,2,2,1,2,2,1,1,1,1,2,0
152,1,2,1,0,1,2,1,0,0,2,0,1,0,2,0,1,2,0,1,0,2,0,2,2,2,2,2,0,2,1,0,2,0,0,2,1,1,2,1,0,0
153,1,2,1,1,2,2,1,2,0,2,1,1,1,2,0,1,2,0,1,0,2,0,0,2,2,2,1,2,1,1,2,0,1,0,1,1,1,2,1,2,2
154,1,2,2,1,0,2,1,1,0,2,1,1,2,2,2,1,2,0,2,0,2,2,1,2,2,2,1,0,1,1,0,2,1,0,0,2,1,0,1,2,2
155,2,0,2,0,0,2,1,2,2,2,2,0,2,1,0,1,0,0,2,0,1,0,1,2,1,2,0,1,0,1,1,1,1,2,1,2,1,2,1,1,2
156,2,2,1,1,1,2,1,1,0,2,2,0,2,0,0,1,2,0,2,0,1,0,2,1,2,2,1,0,1,1,1,2,1,2,2,2,1,0,1,0,0
157,2,1,1,1,0,2,1,0,1,2,1,1,2,0,2,1,2,0,1,0,1,0,1,2,2,2,1,0,1,1,2,2,1,0,0,2,2,1,1,2,0
158,2,0,1,0,0,2,1,0,2,2,1,1,2,1,2,1,2,0,1,0,1,1,1,1,2,0,1,0,1,1,2,2,0,2,0,2,1,2,1,2,1
159,0,0,1,0,0,2,1,0,2,2,0,1,2,0,2,1,2,0,2,0,1,2,1,0,2,2,1,2,1,1,2,1,1,2,0,2,1,0,1,0,0
160,2,2,1,2,0,2,1,0,0,2,0,1,2,0,0,1,0,0,1,0,1,2,2,1,2,0,0,0,0,1,0,0,1,2,1,2,0,2,0,0,2
161,2,2,1,1,0,2,1,0,1,2,0,1,1,1,1,1,0,0,1,0,1,0,1,2,2,2,1,0,0,1,1,0,2,1,2,2,0,1,1,2,0
162,2,2,1,1,2,2,1,1,2,2,0,1,1,1,0,1,1,0,0,0,1,0,1,1,2,1,0,0,0,1,0,2,1,2,1,2,1,2,1,2,2
163,2,2,1,1,0,2,1,0,0,2,2,1,2,0,2,1,1,0,1,0,1,2,0,1,2,1,1,0,0,1,2,2,2,0,2,2,1,2,1,1,2
164,1,2,1,0,0,2,1,1,0,2,2,1,2,1,2,1,1,0,1,0,1,0,1,0,2,1,2,0,2,1,1,0,2,1,1,2,1,2,1,2,1
165,1,2,1,0,0,2,1,0,1,2,0,1,1,2,2,1,1,0,1,0,1,0,1,0,2,1,1,0,2,1,2,2,1,2,0,2,1,2,1,2,1
166,1,2,1,1,2,2,1,0,0,2,2,1,2,1,0,1,2,0,1,0,1,0,1,0,2,2,1,0,2,1,2,0,1,2,1,2,1,2,0,2,1
167,2,1,1,0,1,2,1,2,2,2,1,0,2,1,2,1,0,0,0,0,1,0,1,0,2,2,1,0,2,1,0,2,0,1,2,2,1,2,1,2,2
168,2,2,1,0,2,2,1,0,2,2,1,1,2,0,2,1,2,0,0,0,1,1,1,2,2,2,0,0,2,1,0,1,0,0,0,2,1,2,1,2,1
169,1,2,1,0,2,2,1,2,2,2,1,1,2,0,2,1,1,0,1,0,1,1,0,1,2,2,1,0,0,1,2,0,1,0,0,2,1,1,0,2,2
170,0,1,1,1,0,2,1,1,2,2,2,1,1,1,2,1,2,0,1,0,1,0,1,0,2,2,0,1,1,1,1,1,1,2,1,2,0,2,0,2,2
171,0,0,1,1,0,2,1,1,0,2,2,1,2,0,1,1,1,0,0,1,1,2,1,1,2,2,0,2,1,1,2,0,2,1,2,2,1,2,1,2,1
172,1,2,1,1,0,2,1,0,2,2,1,1,2,2,0,1,0,0,1,2,1,2,1,2,2,0,2,2,1,1,2,0,2,2,0,2,2,0,1,2,1
173,1,1,1,1,2,2,1,1,2,2,1,1,2,0,0,1,0,0,0,1,1,1,1,1,2,2,1,2,1,1,0,0,1,2,0,2,0,2,0,0,2
174,1,2,1,2,0,2,1,1,2,2,1,1,2,2,2,1,1,0,0,2,1,1,2,1,2,0,1,1,1,1,0,2,0,2,0,2,1,0,2,2,2
175,1,0,1,1,0,2,1,0,0,2,1,1,2,0,0,1,2,0,0,2,1,1,2,1,2,1,1,1,1,1,0,2,1,2,2,2,1,0,0,0,0
176,1,0,1,2,2,2,1,1,0,2,2,1,2,0,0,1,0,0,0,2,1,2,1,1,2,0,1,1,1,1,0,0,1,0,1,2,1,2,1,0,1
177,1,2,1,1,2,2,1,1,1,2,0,1,1,1,2,1,1,0,2,2,1,0,1,1,2,1,0,1,1,1,2,2,0,1,0,2,1,2,1,2,0
178,1,0,1,2,2,2,1,0,2,2,0,1,2,2,2,1,0,0,2,2,1,2,2,1,2,2,1,0,1,1,0,0,2,1,2,0,1,1,1,2,0
179,1,1,1,2,2,2,1,2,2,2,2,1,2,2,0,1,1,0,2,2,1,0,1,1,2,1,2,0,1,1,1,0,1,0,2,2,1,2,1,2,2
180,1,1,1,1,2,2,0,1,0,2,1,2,2,2,2,1,2,0,2,2,2,2,0,2,2,2,1,0,1,1,0,0,1,2,0,1,1,0,1,2,0
181,1,2,1,1,0,2,0,1,0,2,0,1,2,0,0,1,1,0,2,2,1,0,1,1,2,0,1,0,0,1,0,0,1,0,2,2,1,2,1,2,0
182,1,2,1,0,0,2,0,2,1,2,2,1,2,2,1,1,0,0,2,2,1,0,1,2,2,0,0,0,1,1,2,0,2,2,2,2,1,0,0,1,1
183,0,1,1,2,0,2,0,0,0,2,1,1,2,1,0,1,2,0,2,2,1,0,1,2,2,0,2,0,2,1,2,1,2,0,0,2,1,1,1,0,0
184,1,0,1,1,0,2,0,0,0,2,2,0,2,0,0,1,2,0,1,2,1,0,1,2,2,0,1,0,2,1,0,2,1,0,0,2,1,2,1,1,0
185,1,2,1,0,2,2,0,0,2,2,1,1,2,1,1,2,1,0,1,2,1,0,1,2,2,2,2,0,2,1,2,0,0,2,0,2,1,1,1,2,0
186,1,1,1,1,2,2,0,2,2,2,2,1,2,2,2,1,0,0,1,1,1,0,1,2,2,1,1,0,2,1,2,2,2,0,0,2,0,1,1,0,0
187,0,1,1,1,2,2,0,1,0,2,2,1,2,2,0,1,0,1,0,2,1,1,1,2,2,0,2,0,0,1,2,0,1,2,1,2,1,2,1,0,2
188,1,0,1,0,1,2,0,2,0,2,0,1,2,2,0,1,2,0,0,2,1,2,2,2,2,0,1,0,0,1,2,0,1,2,1,2,0,2,1,0,0
189,1,2,1,0,0,2,0,0,0,2,0,0,2,2,0,1,1,0,1,2,1,0,2,2,2,1,1,0,0,1,2,2,2,0,2,2,2,0,1,0,2
190,2,2,1,0,2,2,0,0,0,2,2,0,2,1,2,1,0,0,1,2,2,1,1,1,2,0,1,0,1,1,2,0,1,1,2,2,1,0,1,0,2
191,1,0,1,1,2,2,0,2,0,2,0,0,2,0,0,1,2,0,1,2,2,2,2,1,0,2,1,0,1,1,2,0,2,2,2,2,1,2,1,2,1
192,1,0,1,1,0,2,0,0,0,2,2,0,2,1,1,1,0,0,1,2,1,0,2,0,1,0,1,0,0,1,0,0,0,2,0,2,1,2,1,0,2
193,1,0,1,0,2,1,0,0,2,2,2,0,2,2,0,1,0,0,1,2,2,2,1,0,2,0,1,0,0,1,1,0,1,1,1,2,2,0,1,2,1
194,2,2,1,0,0,1,0,0,2,2,1,0,2,2,0,1,0,0,1,2,1,0,1,1,1,1,2,0,1,1,0,1,1,2,0,2,1,2,1,2,0
195,0,2,1,1,0,1,0,2,2,2,0,0,1,0,0,1,1,0,1,1,0,1,1,0,2,2,1,0,1,1,2,2,1,2,2,2,2,2,0,2,0
196,1,1,1,0,0,1,0,0,1,2,2,1,2,2,0,1,0,0,1,1,0,0,1,0,2,0,1,1,1,1,0,0,1,2,0,2,1,2,0,2,0
197,2,1,1,0,2,1,0,2,0,2,0,1,2,0,2,1,0,0,0,2,0,2,0,1,2,0,1,1,1,1,0,1,1,0,1,2,1,0,1,2,2
198,1,0,1,0,1,1,0,1,2,2,2,1,2,2,1,1,2,0,2,2,1,2,2,2,2,1,1,2,0,1,0,1,1,2,0,2,1,1,1,2,0
199,1,0,1,0,0,1,0,2,0,2,1,1,2,0,1,1,1,0,1,2,0,0,1,2,1,0,2,2,1,1,1,2,1,0,2,2,1,0,0,2,2
200,1,1,1,0,2,1,0,2,0,2,0,1,2,1,2,1,0,0,1,2,1,2,1,2,1,1,2,1,1,1,2,0,1,0,1,0,0,1,1,2,0
201,1,2,1,1,0,1,0,2,1,2,2,1,2,2,2,1,2,0,1,2,0,0,1,2,2,2,2,1,1,1,2,0,0,2,0,0,0,0,1,2,0
202,1,2,1,0,2,1,0,2,2,2,1,1,2,2,0,1,1,0,1,2,2,2,1,1,2,2,1,0,0,1,2,2,1,1,2,1,1,0,0,2,0
203,1,0,1,1,0,1,0,0,2,2,1,1,2,1,1,1,0,0,1,2,1,2,1,1,2,0,2,0,0,1,0,0,0,2,1,2,0,0,1,0,2
204,1,1,1,1,2,1,0,2,0,2,2,1,2,0,0,1,0,0,0,2,1,0,2,2,2,1,1,0,0,1,1,0,1,1,2,0,1,2,1,0,0
205,1,2,1,0,0,1,0,0,0,2,2,1,2,1,2,1,0,0,1,2,1,2,1,2,2,2,1,0,0,1,2,0,1,2,2,1,1,1,1,0,2
206,1,1,1,1,0,0,2,0,0,2,2,1,2,2,0,1,0,0,1,2,2,0,1,0,2,2,1,0,0,1,1,2,1,1,2,0,0,1,1,2,1
207,1,1,1,2,2,0,2,1,0,2,2,1,2,1,2,1,1,0,1,2,2,0,1,2,2,1,1,0,1,1,2,0,1,0,0,0,1,0,1,2,2
208,1,2,1,2,1,0,2,1,0,2,1,2,2,2,0,1,0,0,1,1,1,0,1,2,2,0,0,0,2,1,1,0,1,1,1,0,1,2,1,2,2
209,1,0,1,1,0,0,2,2,0,2,0,2,2,0,0,1,0,0,1,2,2,2,2,1,2,2,0,0,0,1,2,0,1,0,1,0,1,0,1,0,1
210,2,2,1,1,0,1,2,0,2,2,2,2,2,2,2,1,2,0,1,2,1,0,1,1,2,0,0,0,1,1,0,0,2,2,2,1,1,0,1,0,0
211,2,2,1,2,2,1,2,0,0,2,0,2,2,0,2,1,2,0,2,2,1,0,1,0,2,0,1,0,1,1,0,0,2,1,2,0,1,2,1,2,2
212,1,0,1,0,1,1,2,2,0,2,0,2,2,2,2,1,2,0,1,2,1,0,1,0,2,2,1,1,1,1,0,0,0,2,1,1,1,0,0,0,0
213,1,0,1,2,2,1,2,1,2,2,2,2,1,0,1,1,1,0,0,2,1,1,1,2,2,1,1,0,1,1,2,2,2,0,0,0,1,0,1,2,2
214,2,1,1,0,0,1,2,2,0,2,0,2,1,0,0,1,1,0,1,1,1,0,1,0,2,2,2,1,1,1,0,0,2,2,2,0,1,0,1,1,1
215,2,1,1,0,1,1,2,0,1,2,0,2,1,2,0,1,2,0,1,2,1,0,1,0,2,2,0,1,0,1,2,0,1,0,2,0,1,2,1,0,2
216,1,2,1,0,0,1,0,2,0,2,0,2,1,2,0,1,0,0,1,2,2,2,2,1,2,1,2,0,0,2,2,2,2,2,0,0,1,2,1,2,2
217,1,2,2,1,0,1,0,2,2,2,0,2,1,1,0,1,2,0,1,2,1,0,2,2,1,1,0,2,1,2,0,0,1,2,1,2,1,2,1,2,2
218,1,2,1,1,0,1,0,1,0,2,2,2,1,1,0,1,1,0,1,2,1,0,2,2,2,0,1,0,1,2,1,0,1,0,0,2,1,0,2,2,2
219,1,2,0,0,0,1,0,0,0,2,2,2,1,2,2,1,0,0,1,2,1,0,1,0,2,2,0,2,1,2,1,0,1,0,1,2,0,0,1,2,1
220,1,0,1,0,0,1,0,2,0,2,0,2,1,2,0,1,0,0,1,2,0,0,2,0,2,2,1,1,1,2,2,2,1,1,0,2,1,2,1,0,1
221,2,0,1,0,1,1,0,2,0,2,0,2,1,1,2,1,0,0,1,2,1,0,1,0,2,0,1,1,1,2,1,0,1,2,2,2,1,0,1,2,2
222,0,0,1,0,0,1,0,2,0,2,0,2,1,0,1,1,0,0,1,2,1,1,1,2,2,0,1,1,1,1,0,0,2,1,1,2,1,2,1,1,2
223,1,2,1,0,0,1,0,2,2,2,0,2,1,2,1,1,0,0,1,2,2,0,2,2,2,2,0,1,1,1,2,0,1,0,1,2,1,1,0,0,1
224,2,2,1,1,2,1,0,0,2,2,0,2,1,2,1,1,0,0,1,2,0,0,1,1,0,0,1,1,1,1,0,0,2,2,2,2,1,0,1,2,2
225,2,1,1,1,2,1,0,0,1,2,0,2,1,1,2,1,0,0,1,2,1,0,0,0,2,0,1,1,1,1,0,2,1,2,0,2,0,0,1,1,1
226,1,2,1,1,0,1,0,0,0,2,2,2,1,0,2,1,0,0,1,0,1,2,1,0,0,0,1,1,1,1,2,0,1,2,1,1,1,2,1,2,0
227,1,0,1,1,0,1,0,0,2,2,2,2,0,1,2,1,0,0,1,0,1,2,0,0,2,1,1,1,1,1,2,0,1,2,2,0,0,1,1,2,0
228,1,1,2,2,0,1,0,2,0,2,0,2,0,2,0,1,0,0,0,1,1,2,1,2,2,0,1,1,1,1,2,2,2,0,1,0,1,1,1,0,2
229,1,1,1,1,0,1,1,1,0,2,2,2,0,1,0,1,2,0,1,0,1,0,1,0,1,0,1,1,1,1,0,0,0,2,1,1,0,0,1,0,2
230,1,1,1,1,1,1,1,2,2,2,2,2,0,2,0,1,1,0,2,0,0,2,2,0,2,0,1,1,1,1,2,2,1,1,0,1,0,1,1,0,2
231,2,0,1,1,0,1,1,0,0,2,2,2,0,2,2,1,0,0,1,0,0,1,0,0,2,2,1,1,1,2,2,0,1,0,0,1,0,1,0,0,2
232,1,1,1,1,1,1,1,2,2,2,1,2,0,2,2,1,0,0,2,0,1,0,1,0,2,2,1,1,0,1,2,0,1,0,1,1,1,1,1,2,0
233,1,2,1,1,2,1,1,0,2,2,0,2,1,0,2,1,0,0,1,0,0,0,2,2,2,2,1,1,0,1,0,2,1,1,0,2,1,1,1,2,0
234,2,2,1,2,2,1,1,0,0,2,1,2,0,1,0,1,2,0,1,0,0,0,2,0,2,2,1,2,0,1,1,0,2,1,1,2,1,0,0,0,0
235,2,2,1,1,0,1,1,0,2,2,0,0,0,1,1,1,2,0,1,0,1,1,1,2,2,2,1,2,1,1,0,0,1,2,2,2,1,1,0,2,0
236,1,0,0,2,2,1,1,1,2,2,1,0,0,2,0,1,1,0,2,0,1,0,2,0,2,1,1,0,1,1,0,0,1,2,0,2,0,2,2,2,2
237,1,1,1,1,2,1,1,2,0,2,1,0,0,2,2,1,0,0,1,0,1,0,0,0,1,0,0,0,1,1,0,0,1,2,0,2,1,0,2,2,0
238,1,2,1,1,0,1,1,0,2,2,0,0,0,1,0,1,2,0,0,0,1,2,1,1,2,0,2,0,0,1,2,0,1,0,1,2,1,1,1,2,2
239,2,2,1,1,0,1,1,0,2,2,1,1,0,0,2,1,2,0,0,0,1,1,1,0,2,1,1,0,2,0,2,0,1,2,0,2,1,0,1,2,0
240,1,1,1,1,2,1,1,2,0,2,1,1,0,0,2,1,2,0,1,0,1,0,1,1,2,0,1,0,0,0,2,0,0,1,2,2,1,0,1,2,0
241,2,0,2,2,1,1,1,1,2,2,2,1,0,0,1,1,0,0,1,0,2,1,1,2,2,1,2,0,2,0,1,0,2,2,2,2,1,0,1,2,2
242,2,2,1,1,0,1,1,2,0,2,0,1,1,0,2,1,1,0,1,0,1,1,1,2,2,1,1,0,2,0,0,2,1,2,1,2,1,2,1,2,0
243,1,1,1,1,0,1,1,0,0,2,0,1,1,2,0,1,0,0,1,0,0,2,0,1,2,2,2,0,1,1,0,0,2,2,0,2,1,1,1,2,0
244,2,0,1,0,0,1,1,0,0,2,2,1,0,0,2,1,0,1,1,0,0,2,1,1,1,2,1,0,1,1,0,0,1,0,1,2,1,0,1,2,2
245,0,0,1,1,0,1,1,2,2,2,2,1,0,0,2,1,2,1,1,0,0,2,1,0,2,2,1,0,1,1,1,0,2,2,1,2,1,0,1,2,2
246,1,2,1,1,0,1,1,2,0,2,2,1,0,2,2,1,2,1,1,0,2,1,1,1,2,0,1,0,2,1,2,0,1,0,1,2,1,2,1,2,2
247,1,0,1,1,0,1,1,1,2,2,2,1,0,1,2,1,0,1,1,0,2,2,1,1,2,2,0,0,2,1,2,2,2,0,1,1,0,0,1,2,2
248,0,2,1,1,0,1,1,0,2,2,1,1,0,2,0,1,1,1,1,0,1,0,1,1,2,2,0,1,2,1,0,0,1,2,0,2,1,1,1,2,0
249,1,0,1,2,1,1,1,1,0,2,0,1,0,1,2,1,1,1,1,0,0,2,2,0,2,2,0,0,2,1,0,0,1,0,0,2,1,0,2,2,2
250,1,1,1,0,0,1,1,0,2,2,2,1,2,2,2,1,2,1,1,0,2,0,1,0,2,2,1,0,1,2,1,0,0,0,2,2,1,0,1,2,2
251,1,2,1,1,0,1,1,2,0,2,1,1,2,2,0,1,0,1,1,0,2,0,1,2,2,1,1,1,1,2,0,0,1,0,1,2,1,1,1,2,0
252,0,0,2,1,0,1,1,1,2,2,1,1,2,0,0,1,1,1,2,0,0,0,1,1,2,2,1,1,0,2,1,0,2,0,2,0,1,1,1,2,2
253,1,2,2,1,0,1,1,0,0,2,2,1,2,2,0,1,2,0,1,0,0,2,1,1,1,2,1,2,1,2,2,0,1,1,1,1,1,1,1,2,2
254,1,1,2,1,0,1,1,2,2,2,0,1,2,2,0,1,1,0,2,0,1,2,1,1,2,0,0,1,1,1,0,0,2,0,0,1,1,2,1,2,1
255,1,2,2,1,0,1,1,2,2,2,2,1,2,2,0,1,2,0,2,0,1,2,1,1,1,2,2,1,1,1,0,0,1,0,0,1,1,2,1,2,2
256,1,2,1,2,0,1,1,1,2,2,2,1,2,2,1,1,1,0,1,0,0,1,1,1,2,0,2,1,1,1,2,0,1,2,2,0,1,1,0,2,0
257,1,0,1,1,0,1,1,0,2,2,2,1,2,1,2,1,0,0,2,0,1,2,1,0,2,2,2,1,2,1,2,0,2,2,2,0,1,0,1,2,1
258,1,1,1,2,0,1,1,0,1,2,0,1,2,0,0,1,2,0,2,0,1,0,1,0,2,2,1,1,2,1,2,0,1,2,0,1,1,0,0,2,1
259,1,2,1,1,0,1,1,0,0,2,1,1,2,2,2,1,2,0,2,0,1,0,1,0,2,2,1,1,0,1,2,0,2,0,2,0,1,2,1,2,0
260,1,0,1,1,0,1,1,1,2,2,1,1,2,0,0,1,0,0,1,0,1,1,1,1,2,1,1,0,1,1,2,0,1,0,1,0,1,0,1,2,2
261,1,0,1,2,1,1,1,2,2,2,2,1,2,0,0,1,1,1,1,0,1,0,1,0,2,2,1,0,2,1,0,0,2,0,0,0,0,1,1,2,0
262,1,0,1,1,0,1,1,0,2,2,1,1,2,0,2,1,0,1,1,0,1,2,1,0,2,1,1,0,0,1,0,0,2,2,0,0,1,2,1,2,2
263,1,1,1,1,2,1,1,2,1,2,1,0,2,2,2,1,2,0,1,0,1,0,1,2,2,0,2,0,1,1,0,0,2,1,2,0,1,2,1,2,0
264,1,0,2,1,1,1,1,2,1,2,0,1,0,0,1,1,2,0,1,0,1,0,1,1,2,2,1,0,1,1,0,0,1,2,0,0,1,1,0,2,0
265,1,2,2,1,1,1,1,1,0,2,1,1,0,0,0,1,1,0,1,0,1,2,1,1,2,2,1,0,1,1,2,0,2,0,0,1,1,1,0,2,2
266,1,1,1,1,0,1,1,2,0,2,1,1,0,0,0,1,2,0,1,0,2,0,1,1,2,2,1,0,1,1,1,0,2,2,0,2,1,1,0,2,2
267,1,2,1,0,0,1,1,1,1,2,0,1,0,1,1,2,2,0,0,0,1,0,1,2,2,0,0,0,1,1,1,0,2,0,0,2,1,0,0,2,0
268,2,0,2,1,1,1,1,2,1,2,2,1,0,2,0,1,0,0,1,0,1,2,2,1,2,0,1,0,1,1,2,0,2,1,0,2,1,1,0,2,1
269,1,2,2,0,1,1,1,2,0,2,0,1,0,0,1,1,2,0,0,0,1,0,2,1,2,2,0,0,1,1,2,0,1,0,2,2,0,2,0,2,2
270,1,1,1,0,2,1,1,0,0,2,0,1,0,1,0,1,1,0,0,0,2,2,1,2,2,2,1,0,1,1,0,2,0,0,2,2,1,2,1,2,2
271,1,0,0,0,2,1,1,1,0,2,2,1,0,2,1,1,2,0,2,0,1,0,2,1,2,2,2,0,0,1,1,0,0,1,1,2,1,1,1,2,0
272,1,2,0,1,0,1,1,0,0,2,2,1,0,2,2,1,0,0,1,0,1,0,1,1,2,0,1,0,1,1,0,0,2,2,1,2,1,2,1,2,2
273,2,1,0,1,2,1,1,2,2,2,2,1,0,0,2,1,0,0,2,0,1,0,1,1,2,1,1,0,1,1,1,0,1,2,0,2,1,2,1,2,2
274,1,2,1,1,0,1,1,2,2,2,1,0,0,0,2,1,1,0,2,0,1,0,1,1,2,0,1,0,1,1,1,0,1,2,0,2,1,1,1,0,0
275,2,1,0,1,2,1,1,2,0,2,0,1,0,1,2,1,2,0,0,0,1,2,1,1,2,0,1,0,1,1,1,0,2,2,0,2,1,1,1,0,2
276,1,2,1,1,2,1,1,0,2,2,0,1,0,0,0,2,2,0,2,0,2,1,1,1,2,2,1,0,1,1,2,0,1,0,0,2,1,0,1,1,1
277,0,0,1,1,0,1,1,0,0,2,1,2,0,1,2,2,1,0,1,0,2,2,1,1,2,0,2,0,1,1,0,2,1,2,0,2,1,2,1,2,2
278,1,1,1,1,1,1,1,0,0,1,0,2,0,2,0,1,2,0,1,0,2,0,1,1,2,1,1,0,0,1,2,0,1,2,1,2,1,0,1,2,0
279,2,2,1,1,0,1,1,0,0,2,2,2,0,2,0,2,2,0,1,0,2,0,1,2,2,1,2,0,2,1,2,0,2,2,2,1,1,0,1,1,0
280,2,1,1,1,0,1,1,0,2,2,0,2,0,2,0,1,0,0,1,0,2,0,1,2,2,1,2,0,2,1,1,0,0,2,2,1,1,1,1,2,0
281,2,0,1,0,1,1,1,1,2,2,2,2,0,0,0,1,1,0,2,0,1,0,1,1,2,2,1,0,2,1,2,0,2,2,2,2,1,0,1,2,1
282,1,1,1,1,1,1,1,2,0,2,1,2,0,1,2,1,0,0,1,0,0,0,1,2,2,0,1,0,0,1,1,0,2,1,0,2,0,0,1,0,0
283,1,1,1,0,0,1,1,0,0,2,2,2,0,1,2,1,2,0,1,0,2,0,1,2,2,1,0,0,0,1,0,0,2,0,1,2,1,2,1,0,0
284,1,0,1,1,2,1,1,2,0,2,2,2,0,0,0,1,0,0,2,0,0,2,1,1,2,0,1,0,0,1,2,0,1,0,0,2,1,0,1,2,2
285,1,1,2,1,2,1,1,0,2,2,0,2,0,2,0,1,2,0,1,0,1,2,2,0,2,0,1,1,1,1,0,0,2,2,0,2,0,0,1,2,0
286,1,0,1,1,0,1,1,2,1,2,2,2,0,2,2,1,2,0,1,0,1,2,1,0,2,2,1,1,1,1,1,0,1,2,2,2,1,1,0,2,1
287,1,0,1,1,0,1,1,0,2,2,1,2,0,0,2,1,0,0,1,0,1,0,1,0,2,1,1,0,1,1,0,2,0,0,0,2,1,1,0,0,0
288,1,0,1,1,2,1,1,0,0,2,0,2,0,2,0,1,1,0,1,0,1,0,1,0,2,1,1,0,1,1,0,0,2,0,0,2,1,2,1,2,2
289,0,1,1,1,2,1,1,0,1,2,0,2,0,0,0,1,2,0,1,0,1,0,1,0,2,0,1,1,2,2,0,0,1,0,0,2,0,2,1,2,0
290,1,0,2,1,0,1,1,2,2,2,1,2,0,0,0,1,1,0,1,0,1,2,0,0,2,0,1,1,1,2,2,0,1,0,1,2,1,0,2,2,2
291,1,0,2,1,0,1,1,0,0,2,0,2,0,1,2,1,1,0,1,0,1,2,0,0,2,2,1,0,1,2,2,0,2,2,1,0,1,2,0,0,2
292,1,1,1,1,1,1,1,0,2,2,2,2,0,1,2,1,2,0,0,0,1,0,0,2,2,2,1,0,0,1,0,0,2,0,0,0,1,0,1,0,0
293,0,1,1,1,0,1,1,0,2,2,2,2,0,1,2,1,0,0,1,0,1,1,0,2,2,1,1,0,0,1,0,0,2,1,0,0,1,1,1,0,0
294,0,0,1,1,1,1,1,0,2,2,1,2,0,0,2,1,0,0,1,0,1,0,0,2,2,1,1,0,0,0,0,0,2,0,1,1,1,2,0,0,1
295,1,2,1,2,0,1,1,1,0,2,1,2,0,0,1,1,1,0,1,0,1,1,0,1,2,2,0,0,0,1,0,0,2,0,0,0,0,1,1,0,0
296,0,1,1,1,0,1,1,0,2,2,0,2,0,1,2,1,1,0,1,0,1,1,2,1,2,2,1,0,0,1,0,0,1,2,0,0,1,0,0,0,2
297,1,0,1,1,1,1,1,1,2,2,1,2,0,1,2,1,2,0,1,0,1,0,2,2,2,2,1,2,0,1,2,0,1,2,0,0,1,0,1,1,2
298,1,1,1,1,1,1,1,1,2,2,2,2,0,1,2,1,0,0,1,0,1,0,2,2,2,1,1,2,2,1,0,0,1,0,2,1,1,0,1,2,1
299,1,1,1,1,0,1,1,2,0,2,2,2,0,0,1,2,2,0,1,0,2,1,1,1,1,2,1,0,2,2,2,0,2,0,2,0,1,2,0,1,2
300,1,0,1,1,0,1,1,2,2,2,0,2,0,0,0,1,1,0,1,0,2,2,2,1,2,2,1,0,2,2,0,0,1,1,2,1,1,2,0,0,0
301,0,2,1,1,2,1,1,2,2,2,1,2,0,1,2,1,0,0,1,0,2,2,1,1,2,2,1,1,2,1,0,0,2,1,0,0,1,0,1,2,2
302,0,2,1,1,0,1,1,0,0,2,0,2,0,1,0,1,0,0,1,0,2,2,0,1,2,2,1,0,2,1,1,0,2,1,0,1,1,0,1,1,1
303,1,2,1,1,1,1,1,2,2,2,1,2,0,2,2,1,1,0,1,0,2,2,1,1,2,2,1,0,1,1,2,2,0,1,0,1,1,0,1,2,1
304,1,2,1,0,0,1,1,1,2,2,2,2,0,2,2,1,2,0,1,0,2,1,1,1,2,1,1,0,1,1,2,0,1,1,1,1,1,0,1,2,2
305,0,1,1,0,0,1,1,2,2,2,2,2,0,1,1,1,2,0,1,0,2,2,1,2,0,0,1,0,0,1,2,2,0,0,0,0,1,0,0,2,0
306,1,2,1,0,0,1,1,1,2,2,2,2,0,0,1,1,0,0,1,0,0,2,1,2,2,0,0,0,0,1,0,0,1,0,2,0,1,1,2,2,0
307,2,2,1,1,0,1,1,1,2,2,2,1,0,1,0,1,2,0,1,0,0,2,1,2,2,2,0,0,0,1,0,0,2,0,0,1,1,0,1,0,0
308,2,2,1,1,2,1,1,2,2,2,0,1,1,0,0,1,0,0,1,0,0,0,2,1,2,1,0,0,0,1,0,0,2,2,2,2,1,2,1,1,0
309,1,1,1,1,0,1,1,2,2,2,0,1,1,0,0,1,2,0,1,0,0,2,1,1,2,1,1,0,2,1,2,0,2,0,1,2,1,0,1,0,2
310,1,0,1,1,0,1,1,2,2,2,2,1,1,2,0,1,0,0,1,0,0,0,1,1,1,0,1,0,2,1,1,0,0,2,0,2,1,2,1,0,1
311,2,1,1,1,0,1,1,0,2,2,2,1,1,0,1,1,0,0,1,0,0,1,1,1,1,2,0,0,2,1,0,0,2,0,2,2,1,2,1,0,0
312,2,2,1,1,2,1,1,1,2,1,0,1,0,1,0,1,2,1,1,0,0,1,1,1,0,2,1,0,2,1,2,0,2,0,2,2,1,0,1,0,1
313,1,1,1,1,1,1,1,1,2,2,2,1,0,0,2,1,1,1,1,0,1,1,1,1,2,2,1,0,2,1,0,0,2,1,1,2,0,0,0,0,1
314,2,2,1,1,0,1,1,2,2,1,2,1,0,2,2,1,0,1,1,0,1,0,1,1,1,2,0,0,2,1,0,2,2,0,1,2,0,0,0,2,2
315,1,2,1,1,2,1,1,2,0,1,0,1,0,2,1,1,2,1,1,0,1,1,1,1,1,2,2,0,2,1,0,0,2,2,0,2,0,2,1,2,0
316,2,2,1,1,0,1,1,0,2,1,2,1,0,0,0,1,0,1,1,0,1,1,2,2,0,1,1,0,2,0,0,0,1,0,0,2,0,0,1,0,2
317,0,2,1,1,2,1,1,1,2,1,0,1,1,1,0,1,1,1,1,0,1,1,0,2,1,2,1,0,2,1,0,0,2,1,2,2,1,2,2,2,0
318,0,0,1,1,2,1,1,0,1,1,1,1,2,2,2,1,0,1,1,0,1,0,0,1,0,2,1,0,2,1,2,0,2,1,2,2,1,0,0,0,1
319,1,2,1,2,2,1,1,1,0,1,2,1,2,2,2,1,0,1,1,0,1,2,2,1,0,2,1,2,2,1,1,0,1,0,0,2,2,2,0,2,0
320,1,2,2,1,1,1,1,2,2,1,2,1,2,0,1,1,0,1,1,0,1,2,1,1,0,1,1,0,2,1,0,0,2,1,0,0,1,0,0,2,2
321,0,0,0,1,0,1,1,1,0,1,2,1,2,2,2,1,1,1,1,0,1,0,1,0,0,0,1,0,2,1,2,2,2,0,1,0,1,2,0,2,2
322,0,0,2,1,0,1,1,2,2,1,2,1,2,2,2,2,0,1,1,0,1,2,1,2,0,2,0,0,2,1,2,1,2,0,2,2,1,2,2,2,2
323,1,1,0,1,0,1,1,2,0,1,2,1,1,2,0,1,0,1,1,0,1,2,1,2,0,1,1,0,2,1,0,2,2,2,2,2,1,0,1,2,0
324,1,2,0,1,0,1,1,0,0,2,1,0,2,0,2,1,2,1,1,0,1,2,1,2,0,0,1,0,2,0,1,0,2,2,1,2,2,1,1,2,2
325,1,2,0,1,0,1,1,0,2,2,2,0,2,0,0,1,2,1,1,0,0,2,1,1,0,0,2,0,2,1,1,0,1,2,2,2,1,0,1,2,0
326,1,0,2,1,0,1,1,2,0,2,1,0,2,2,2,1,1,1,0,0,0,2,1,1,0,0,2,0,2,2,2,0,1,2,0,2,1,0,1,0,0
327,1,1,2,1,0,1,1,0,0,2,2,0,2,0,1,1,1,1,1,0,0,0,1,1,0,1,1,0,2,2,1,0,0,1,0,2,1,0,0,0,1
328,2,1,0,1,0,1,1,2,1,2,1,2,1,0,0,1,2,1,1,0,1,0,2,1,0,0,2,0,2,2,2,0,2,2,1,2,1,2,1,2,0
329,0,0,0,1,0,1,1,2,2,2,2,2,1,2,1,1,2,1,1,0,1,2,1,1,0,1,1,0,2,1,2,1,0,2,2,2,1,2,0,2,2
330,1,1,0,0,0,1,1,0,2,2,2,2,1,2,0,1,1,0,1,0,1,2,2,1,0,2,2,2,0,1,0,1,1,0,2,2,1,2,0,2,1
331,1,1,0,1,0,1,1,2,1,2,1,2,1,1,2,1,2,0,1,0,1,0,1,2,1,2,0,0,0,2,1,0,0,2,2,1,0,0,1,1,2
332,1,1,0,1,0,1,1,1,2,2,0,2,1,2,0,1,2,0,1,0,1,0,1,0,0,2,0,0,0,1,2,2,1,1,1,0,1,0,2,2,1
333,2,2,0,1,0,1,1,0,2,2,0,0,1,0,2,1,2,0,1,0,2,0,2,0,1,2,1,0,0,1,2,2,0,2,2,1,0,1,1,2,1
334,2,2,0,1,1,1,1,2,0,2,2,1,1,1,2,1,2,0,1,0,0,2,2,0,2,1,1,1,2,1,2,2,1,0,0,1,1,2,1,2,1
335,1,0,0,2,0,1,1,2,0,2,2,1,1,0,0,1,1,0,1,0,2,2,1,0,2,0,1,2,0,1,0,1,2,2,1,0,1,0,0,2,0
336,1,2,0,0,0,1,1,2,2,2,0,1,1,1,2,1,2,0,1,1,1,0,0,1,0,1,1,2,1,1,1,1,1,2,2,1,0,0,2,2,0
337,2,0,0,1,0,1,1,2,2,2,0,1,1,1,2,1,1,0,1,2,2,0,1,1,0,1,0,2,1,1,2,0,1,1,2,1,1,2,0,0,2
338,1,2,0,1,1,1,1,1,2,2,2,1,1,0,2,1,0,0,1,2,0,2,1,1,0,1,0,0,1,1,2,2,1,1,1,0,1,2,0,0,0
339,1,1,2,1,1,1,1,1,2,2,1,1,1,0,0,1,0,0,1,2,0,0,1,2,0,1,0,2,1,1,1,0,0,2,2,0,1,2,0,2,1
340,1,0,2,1,0,1,1,0,0,2,2,1,1,0,0,1,0,0,1,2,1,2,1,2,0,1,1,2,1,0,2,0,1,0,0,2,1,1,1,2,2
341,1,1,2,1,0,1,1,2,1,2,2,1,1,1,2,1,0,0,1,2,2,0,2,2,0,1,1,2,1,1,0,0,2,2,2,2,1,2,1,0,0
342,1,0,2,1,0,1,1,1,0,2,2,1,0,2,2,1,0,0,1,2,0,2,2,1,0,2,1,2,1,1,2,0,2,2,2,2,1,0,1,1,2
343,1,1,1,2,2,1,1,0,0,2,1,1,0,2,0,1,0,0,1,2,1,0,1,1,0,1,1,2,1,0,1,0,1,0,0,2,2,1,1,2,0
344,1,0,0,0,0,1,1,0,2,2,0,1,0,0,2,1,0,0,1,2,2,2,1,1,2,2,1,0,0,0,2,0,0,1,2,2,1,2,0,1,2
345,1,0,1,1,0,1,1,1,0,2,0,1,1,0,2,1,2,0,1,2,2,2,2,1,0,2,1,0,1,1,0,0,2,0,1,2,1,0,0,0,2
346,2,0,2,1,2,1,1,0,0,2,0,1,1,2,0,1,0,0,1,2,0,0,1,1,0,2,0,2,1,1,0,0,2,1,0,2,1,2,1,0,1
347,1,1,2,1,0,1,1,2,2,2,1,1,1,2,0,1,2,0,1,0,2,2,1,1,0,2,0,0,1,1,1,0,2,1,2,2,1,1,0,0,1
348,1,2,2,1,1,1,1,2,0,2,1,1,1,2,0,1,2,0,1,0,1,2,1,2,0,2,0,0,1,1,2,0,0,1,0,2,1,2,0,2,2
349,2,0,2,1,0,1,1,1,1,2,1,1,1,2,0,1,2,0,1,0,1,2,2,0,1,2,1,0,0,1,2,0,1,2,2,2,1,0,1,1,1
350,0,1,2,1,1,1,1,0,2,2,2,1,1,0,2,1,2,0,1,0,2,2,1,1,0,2,1,0,1,1,2,2,1,0,2,2,1,2,1,0,0
351,2,2,2,1,2,1,1,2,2,2,1,1,1,0,2,1,0,0,1,0,2,0,1,1,0,1,2,0,1,1,2,0,1,2,1,2,1,2,0,0,0
352,2,0,2,2,2,1,1,2,1,2,1,1,1,0,2,1,0,0,1,0,1,2,1,1,0,2,1,0,1,1,2,0,1,2,0,2,1,0,1,2,2
353,2,2,1,1,0,1,1,1,2,2,0,1,2,0,2,1,1,0,0,0,1,1,1,1,0,2,0,0,1,1,2,0,2,2,1,2,2,0,1,2,0
354,2,2,1,1,2,1,1,2,2,2,2,1,2,0,2,1,1,0,0,0,1,0,1,2,0,0,1,0,0,1,0,0,1,2,2,2,0,2,1,0,0
355,1,0,1,0,2,1,1,0,0,2,1,1,2,2,2,1,0,0,0,0,1,1,1,0,0,1,1,0,0,1,0,2,2,1,1,2,1,0,1,0,2
356,2,0,1,1,2,1,1,2,2,2,0,1,2,2,2,1,2,1,0,0,1,0,1,2,0,2,2,0,0,1,2,2,1,2,0,2,1,1,1,0,0
357,1,2,1,1,2,1,1,0,2,2,2,1,2,2,2,1,0,1,1,0,1,0,1,2,0,2,2,0,1,1,1,2,1,2,0,2,1,2,1,2,1
358,1,0,1,1,2,1,1,1,1,2,1,1,2,2,2,1,0,1,1,0,1,1,1,1,0,0,1,0,1,1,0,0,2,0,0,1,1,0,1,2,0
359,2,0,1,1,2,1,1,2,0,2,2,1,2,1,2,1,1,1,1,0,1,1,1,0,0,2,1,0,1,0,0,0,2,0,0,2,1,2,1,1,2
360,1,2,1,1,0,1,1,0,0,2,1,1,2,0,0,1,2,1,1,0,1,2,1,1,0,2,1,0,1,0,0,2,1,2,2,0,1,1,1,2,0
361,2,0,1,1,0,1,1,1,0,2,0,1,1,0,2,1,2,1,1,0,1,1,1,0,0,0,1,0,1,0,2,2,0,2,0,1,0,0,1,0,2
362,2,0,2,1,0,1,1,1,0,2,2,1,0,0,0,1,2,1,1,0,1,2,1,0,1,0,1,0,0,1,1,0,1,2,2,1,1,2,1,2,2
363,1,2,1,1,2,1,1,1,0,2,0,1,0,2,2,1,2,1,1,0,2,0,1,1,0,1,1,0,1,1,0,2,1,0,1,1,1,2,1,0,1
364,1,0,2,1,1,1,1,2,0,2,1,1,0,2,2,1,2,1,1,0,1,2,2,2,0,0,1,0,1,1,2,0,1,0,1,1,1,2,1,0,0
365,1,0,1,1,0,1,1,0,2,1,2,1,0,1,2,1,2,1,1,0,1,1,1,1,0,2,1,0,1,1,2,0,0,2,2,2,1,1,0,0,2
366,1,0,2,1,2,1,1,0,2,2,0,1,0,2,0,1,2,1,1,0,1,1,0,0,0,2,1,0,1,1,0,0,2,2,2,2,1,0,1,0,2
367,1,1,2,1,0,1,1,0,2,2,2,1,0,0,2,1,2,1,1,0,1,1,1,1,0,1,1,0,1,1,2,0,1,0,2,2,1,1,1,2,0
368,0,0,0,1,0,1,1,1,2,2,0,1,0,0,2,1,2,1,0,0,1,1,1,1,0,2,2,0,1,1,0,2,0,0,2,2,1,2,0,0,2
369,1,2,0,1,0,1,1,2,2,2,1,1,0,0,0,1,1,0,1,0,1,1,2,0,2,2,2,0,1,1,2,2,1,0,2,2,1,2,1,0,2
370,0,2,1,1,0,1,1,0,2,2,0,2,0,0,2,1,0,0,1,0,2,2,1,2,1,2,1,0,1,1,0,0,1,0,0,2,1,0,1,0,2
371,1,2,2,1,0,1,1,1,2,2,2,2,0,2,2,1,0,0,1,0,0,2,1,0,0,0,1,0,1,1,0,2,0,2,2,2,1,2,0,2,0
372,1,2,1,2,0,1,1,2,2,2,0,0,0,1,0,1,0,0,2,0,2,1,1,1,1,1,0,0,1,1,0,2,2,1,2,2,1,2,1,0,0
373,1,0,2,0,1,1,1,2,2,2,0,2,0,0,2,1,2,0,0,0,0,0,1,1,1,1,0,0,1,1,1,0,1,0,2,1,0,2,1,2,0
374,2,1,2,1,1,1,1,2,0,2,0,0,0,0,0,1,0,0,1,0,2,2,1,1,0,0,2,0,1,1,0,0,1,2,0,1,0,0,1,2,0
375,1,2,2,1,0,1,1,2,0,2,2,0,0,2,2,1,0,0,1,0,2,1,1,1,0,1,2,2,1,1,2,2,2,0,0,0,1,0,1,2,0
376,2,2,1,1,0,1,1,0,1,2,0,2,0,1,2,1,0,0,1,0,1,1,2,2,0,2,0,2,1,1,2,0,1,2,1,0,2,2,1,2,0
377,1,2,2,0,0,1,1,2,1,2,0,1,0,2,2,1,1,0,0,0,1,0,1,1,0,2,1,2,1,0,2,0,2,1,0,1,1,0,0,1,2
378,1,0,2,2,0,1,1,0,0,2,0,1,0,2,2,1,0,0,1,0,0,0,2,1,0,0,0,2,0,0,1,0,0,1,2,0,1,0,1,2,0
379,2,0,1,1,1,1,1,1,0,2,2,1,0,2,1,1,0,1,0,0,1,0,1,0,1,2,2,0,0,0,1,0,2,1,2,1,1,2,1,2,2
380,1,1,1,1,0,1,1,0,0,2,1,1,0,1,2,1,0,0,1,0,1,0,2,2,2,0,0,0,0,0,0,0,1,0,2,1,2,2,1,2,1
381,1,0,1,1,1,1,1,0,1,2,2,1,0,1,2,1,0,0,2,0,1,0,1,0,1,2,1,0,1,0,1,1,2,2,0,2,1,2,1,2,0
382,1,2,1,1,0,1,1,1,0,2,0,1,2,0,2,1,0,0,0,0,1,0,1,2,1,0,1,0,1,0,0,2,2,2,0,2,1,0,1,2,0
383,2,2,1,1,1,1,1,1,2,2,0,1,2,0,1,1,0,0,1,0,1,1,2,2,0,1,0,0,0,2,0,0,1,0,0,2,1,1,1,2,2
384,1,0,1,1,1,1,1,0,1,2,2,1,2,2,2,1,1,0,2,0,1,0,1,0,1,0,2,0,0,2,2,0,2,0,2,2,0,2,0,2,1
385,2,2,1,1,2,1,1,0,0,2,0,1,2,2,0,1,1,0,2,0,2,2,1,0,0,0,1,1,1,2,0,0,0,0,0,1,1,0,1,2,1
386,2,0,1,1,2,1,1,2,0,2,1,1,2,1,2,1,1,2,2,0,2,1,0,0,0,0,1,1,0,2,0,2,2,1,1,1,0,0,0,0,2
387,1,2,1,1,0,1,1,1,0,2,1,1,2,2,1,1,2,0,2,0,2,2,1,0,1,1,1,1,0,2,0,1,2,2,2,1,0,2,1,2,1
388,1,0,1,1,0,1,1,2,0,2,2,1,2,2,2,2,2,0,2,0,1,0,1,0,1,0,1,0,2,2,2,2,1,1,1,1,1,0,0,2,2
389,0,1,2,1,0,1,1,2,2,2,2,1,2,1,0,1,2,0,1,0,0,0,2,0,1,1,1,0,2,2,2,1,2,2,2,1,1,0,1,1,2
390,1,0,2,1,0,1,1,2,2,2,1,1,0,1,2,1,2,0,1,0,2,2,1,0,0,2,1,0,0,2,2,0,2,0,0,1,1,2,1,0,0
391,1,0,2,1,2,1,1,0,2,2,2,1,0,0,2,1,2,0,1,0,1,2,1,0,1,2,1,0,0,2,2,2,2,1,2,0,1,2,1,0,1
392,0,1,1,1,0,1,1,0,2,2,2,1,0,1,0,1,0,0,0,0,0,0,1,0,0,2,0,0,1,2,2,0,1,1,2,0,2,0,1,2,2
393,1,2,1,0,0,1,1,0,0,2,1,1,0,2,0,1,0,0,1,0,1,2,1,0,0,1,0,2,1,1,1,2,1,0,2,0,2,0,0,2,0
394,0,2,1,1,0,1,1,2,0,2,0,2,0,2,0,1,0,0,0,0,1,2,1,0,1,2,0,2,1,0,0,1,2,0,0,0,1,2,1,2,0
395,2,1,1,1,0,1,1,0,2,2,2,2,1,2,1,1,0,0,1,2,0,2,2,1,0,1,1,2,1,1,2,0,1,2,0,0,1,2,1,2,0
396,1,0,1,1,0,1,1,2,2,2,0,2,0,2,0,1,0,0,1,2,1,0,1,1,0,1,0,0,1,1,1,2,1,2,1,1,1,2,0,2,0
397,1,1,1,0,0,1,1,2,2,2,2,2,0,2,0,1,2,0,1,1,2,0,2,1,0,0,1,0,1,1,2,2,2,0,1,0,1,0,0,2,0
398,0,2,2,1,0,1,1,0,0,2,1,2,0,0,2,1,0,0,1,2,1,1,1,0,0,2,1,0,0,1,2,0,0,2,2,1,0,0,2,2,2
399,1,0,1,1,0,1,1,1,2,2,0,2,0,1,1,1,2,0,1,2,1,0,1,1,1,2,1,0,1,0,0,0,0,0,1,1,0,0,1,2,2
400,1,1,1,1,0,1,1,2,0,2,1,2,0,0,2,1,0,0,1,2,1,0,1,1,0,2,0,0,1,0,2,0,1,0,1,0,1,2,0,2,2
401,1,0,1,1,0,1,1,0,0,2,1,2,0,0,0,1,0,1,1,2,1,0,2,0,0,2,1,0,1,0,2,0,2,1,0,0,1,1,1,1,1
402,0,2,2,1,2,1,1,0,1,2,2,2,0,1,2,1,0,1,1,2,1,1,1,2,0,2,1,2,1,0,2,0,2,1,0,1,1,2,1,2,1
403,1,2,2,0,2,1,1,2,0,2,2,2,0,1,0,1,0,1,1,2,2,2,0,2,0,2,1,0,0,0,1,0,1,2,1,0,1,0,2,1,1
404,1,2,1,2,0,1,1,0,0,2,2,2,0,2,0,1,0,1,1,2,0,1,0,1,1,0,0,0,0,0,2,0,2,1,0,0,1,2,1,0,1
405,0,1,1,0,2,1,1,0,0,2,1,2,0,0,1,1,0,1,1,1,2,0,1,2,0,1,1,0,0,1,1,0,0,0,2,0,1,2,1,0,2
406,0,2,1,2,0,1,1,2,2,2,2,2,0,0,0,1,2,1,1,2,0,2,1,1,0,2,0,0,2,1,0,0,0,0,2,0,0,2,1,1,2
407,1,0,1,0,0,1,1,2,0,2,0,2,0,1,2,1,0,0,1,1,1,1,2,1,0,2,1,0,1,1,2,0,0,0,1,1,0,0,1,2,0
408,2,0,1,0,2,1,1,1,0,2,0,2,0,0,0,1,0,0,0,2,1,1,1,1,0,1,1,0,1,1,2,0,2,2,2,0,1,1,0,2,1
409,1,2,1,0,0,1,1,0,0,2,0,2,0,1,2,1,2,0,1,2,0,1,1,1,1,1,1,0,1,1,2,0,0,1,2,0,1,2,0,2,0
410,1,2,1,1,1,1,1,1,0,2,0,2,0,1,2,1,0,0,2,2,2,0,2,1,1,2,1,0,1,1,0,0,2,2,2,1,1,2,0,2,0
411,1,2,1,1,0,1,1,1,0,2,0,2,0,0,2,1,1,0,1,1,1,1,1,2,2,2,1,0,1,1,2,0,2,2,2,0,1,0,1,0,1
412,1,2,1,1,2,1,1,1,1,2,1,2,0,1,2,1,0,0,0,2,2,1,1,1,1,0,1,0,1,1,2,0,2,0,1,0,2,0,1,0,2
413,1,2,0,1,0,1,1,1,2,2,2,0,0,1,2,1,1,0,0,2,0,2,0,1,1,1,1,0,1,2,2,0,2,2,1,0,1,1,1,1,0
414,2,2,2,1,0,1,1,1,2,2,1,0,1,2,2,1,1,0,2,2,1,2,1,1,0,1,2,0,1,1,0,0,1,2,0,0,1,0,1,2,0
415,1,1,2,1,0,1,1,2,0,2,2,2,1,1,0,1,2,1,1,2,1,0,1,1,0,1,1,0,1,1,2,0,1,0,2,0,1,0,1,0,1
416,1,0,2,0,2,1,1,0,2,2,0,0,1,0,0,1,2,1,2,1,1,2,0,1,1,2,0,0,1,1,0,0,0,2,0,1,1,1,1,0,0
417,1,1,2,2,2,1,1,2,1,2,2,1,1,2,0,1,0,0,1,1,1,2,0,1,0,0,1,0,0,1,2,0,1,1,0,0,1,0,1,0,0
418,2,1,1,1,1,1,1,2,2,2,1,1,0,0,0,1,0,0,1,1,1,2,0,1,2,2,0,2,1,1,0,1,2,0,1,1,1,2,1,0,2
419,1,0,1,0,0,1,1,2,0,2,0,1,0,2,0,1,2,0,1,2,1,2,2,1,2,2,1,0,1,0,0,2,1,1,1,1,1,0,0,2,1
420,1,1,1,1,2,1,1,1,2,2,1,1,0,0,0,2,2,0,1,2,1,0,0,1,2,0,2,0,1,1,0,0,1,0,0,0,1,2,2,0,2
421,1,2,1,2,1,1,1,1,0,2,0,1,0,1,0,1,0,0,1,2,1,1,0,1,2,2,0,0,0,0,0,0,1,2,0,1,1,0,1,1,2
422,0,2,1,0,1,1,1,2,2,2,2,1,0,1,0,1,0,0,1,2,1,0,1,0,2,0,1,0,1,0,2,2,2,0,2,0,1,1,1,0,1
423,2,2,2,1,0,1,1,0,1,2,1,1,0,0,2,1,1,0,1,2,1,2,0,2,2,2,1,0,1,0,0,0,2,1,1,1,1,1,1,1,2
424,2,1,1,0,0,1,0,0,2,2,1,1,0,2,0,1,1,0,1,2,1,2,2,1,2,0,1,0,0,1,2,0,1,0,2,0,1,2,1,0,2
425,1,2,0,1,0,1,1,0,1,2,1,1,0,1,1,1,2,0,0,1,1,0,1,1,2,1,1,0,2,1,0,2,1,0,2,1,1,2,1,0,2
426,1,2,1,0,0,1,1,2,2,2,2,1,0,0,2,1,2,0,0,2,2,1,1,1,2,1,0,0,2,1,0,2,1,2,0,0,1,2,1,2,2
427,1,0,2,1,1,1,1,1,2,2,0,1,0,0,0,1,1,0,1,2,2,2,1,0,2,0,1,1,2,1,1,0,1,0,2,0,1,2,1,0,2
428,2,2,1,1,0,1,1,2,0,2,0,1,0,0,0,1,2,0,1,2,2,2,1,0,2,0,1,1,2,1,2,0,1,0,2,2,1,2,1,0,0
429,1,2,1,0,2,1,1,0,0,2,1,1,0,0,0,1,2,0,0,1,2,2,1,0,2,1,2,1,1,1,2,1,1,0,0,2,1,0,0,0,0
430,1,2,0,0,1,1,1,0,2,2,0,1,0,0,1,1,1,0,1,2,2,2,1,0,2,0,1,1,0,1,2,0,1,2,2,2,1,2,1,1,0
431,1,2,1,1,0,1,1,2,0,2,2,1,0,2,0,1,2,0,2,2,2,0,1,2,1,2,1,1,2,1,2,2,0,1,2,2,1,1,0,1,1
432,1,2,0,1,0,1,1,2,2,2,2,1,0,1,2,1,1,0,0,2,2,2,1,0,2,2,1,1,2,1,0,0,1,1,2,2,1,2,0,2,0
433,0,2,0,1,0,1,1,0,2,2,0,1,0,0,2,1,0,0,2,2,1,2,0,0,2,0,1,1,2,1,0,0,1,2,1,2,1,0,1,2,1
434,1,0,1,1,1,1,1,0,0,2,0,1,0,0,0,1,0,0,1,2,1,2,0,0,2,1,1,1,2,1,2,2,1,0,0,2,1,0,1,2,0
435,1,2,2,1,1,1,1,2,2,2,0,1,0,2,1,1,0,0,0,2,1,2,0,0,2,0,1,1,2,1,0,0,2,2,2,2,1,0,2,2,0
436,1,2,2,1,2,1,1,0,1,2,2,1,0,2,2,1,2,0,0,2,1,2,0,0,2,0,1,1,2,1,1,0,2,0,2,2,1,0,1,2,2
437,1,0,2,0,2,1,1,0,0,2,2,1,0,1,1,1,2,0,2,2,1,0,0,0,2,0,0,1,2,1,0,0,1,1,1,2,1,2,0,2,0
438,1,1,1,0,2,1,1,1,0,2,0,1,0,1,0,1,2,0,1,2,1,1,0,1,2,1,1,1,2,1,0,0,1,2,2,2,1,2,0,2,0
439,1,0,0,1,0,1,1,2,0,2,1,1,0,2,1,1,0,0,1,1,1,2,0,0,2,1,1,1,1,1,2,2,1,0,2,2,1,2,0,2,2
440,1,2,2,2,1,1,1,2,0,2,0,1,0,0,1,1,2,0,2,1,1,2,0,0,2,0,1,1,0,1,2,2,2,2,2,2,1,2,1,0,1
441,1,0,1,0,2,1,1,2,2,2,1,1,0,1,2,1,2,0,1,2,1,0,1,0,2,1,1,2,0,1,2,2,1,2,2,2,1,0,0,2,0
442,2,1,0,1,1,1,1,0,0,2,2,1,0,1,2,1,2,0,1,1,1,2,1,0,2,0,1,1,0,1,0,0,2,2,2,2,1,0,1,0,1
443,1,2,0,0,2,1,1,0,2,2,1,1,0,0,2,1,2,0,1,1,1,2,1,2,2,0,1,1,2,1,2,1,1,0,1,2,1,1,0,0,0
444,2,2,2,1,2,1,1,2,2,2,2,1,0,0,0,1,2,0,0,2,1,0,1,0,2,2,1,1,1,1,0,0,2,2,2,0,1,2,0,0,0
445,1,0,2,2,1,1,1,0,0,2,2,1,0,0,1,1,1,0,1,2,1,2,1,0,2,2,1,1,1,1,1,0,1,2,1,0,1,2,0,0,0
446,1,0,0,1,0,1,1,2,1,2,2,1,0,1,2,1,1,0,1,0,1,0,1,0,2,2,1,1,1,0,2,0,0,1,2,0,1,2,0,0,2
447,1,1,0,1,1,1,1,0,1,2,0,1,0,1,2,1,2,0,1,0,1,2,0,0,2,1,1,1,2,0,0,0,1,1,0,1,1,0,1,0,2
448,1,2,1,2,0,1,1,2,2,2,0,1,0,2,1,1,2,0,1,0,1,0,1,2,2,2,1,1,1,0,2,2,1,2,1,0,1,2,1,0,1
449,2,0,1,1,0,1,1,2,2,2,2,1,0,1,2,1,2,0,1,0,1,0,1,2,1,1,0,0,1,0,2,2,1,1,2,0,1,2,0,0,0
450,1,0,1,1,2,1,1,0,0,2,2,1,0,2,2,1,1,0,2,0,1,2,1,0,2,2,0,1,1,0,2,2,2,2,2,0,0,2,0,0,0
451,2,1,0,1,2,1,1,0,2,2,2,1,0,1,0,1,2,0,1,0,1,0,1,0,2,2,1,1,1,0,2,1,2,0,0,0,0,2,0,0,2
452,1,0,0,1,0,1,1,0,2,2,2,1,0,1,0,1,0,0,2,0,1,0,1,2,2,2,0,1,1,1,2,0,2,1,2,0,2,1,0,2,2
453,1,2,1,1,2,1,1,0,0,2,2,1,0,0,0,1,1,0,1,0,1,0,1,0,2,1,1,2,0,1,2,2,2,1,1,0,1,0,1,0,1
454,1,0,0,2,0,1,1,0,0,2,2,1,0,1,0,1,1,0,1,0,1,2,1,0,2,1,1,1,0,1,0,1,1,0,1,1,0,2,0,0,0
455,1,2,1,1,2,1,1,1,2,2,2,1,0,0,0,1,1,0,1,0,2,0,2,0,2,1,1,2,2,1,1,0,2,2,1,0,1,0,2,0,2
456,1,2,2,1,0,1,1,2,0,2,2,0,0,2,2,1,1,0,1,0,1,2,1,0,1,0,0,2,1,1,2,1,0,1,0,1,0,0,0,0,0
457,1,0,2,1,2,1,1,2,1,2,0,1,0,1,2,1,2,0,1,0,1,1,1,0,1,0,0,1,1,1,2,0,1,0,0,0,1,1,0,0,2
458,1,0,0,1,0,1,1,0,2,2,0,1,0,1,2,1,2,0,1,0,1,1,1,0,2,2,1,0,1,1,2,0,2,0,0,0,1,0,1,0,1
459,1,0,1,2,0,1,1,0,0,2,1,1,0,1,2,1,2,0,1,2,1,1,1,1,2,0,1,0,1,1,2,0,2,2,0,1,1,2,0,0,0
460,1,1,2,1,0,1,1,0,2,2,1,0,0,2,2,1,2,0,1,2,1,0,1,0,2,2,2,1,1,1,0,2,0,0,2,0,1,2,1,2,2
461,1,0,1,1,1,1,1,1,2,2,0,2,0,0,0,1,0,0,1,2,1,0,1,2,2,0,1,2,1,1,1,2,2,0,0,0,1,2,1,2,0
462,1,1,1,1,0,1,1,2,2,2,1,1,0,1,2,1,2,0,1,2,1,0,1,0,2,2,1,2,2,1,2,2,1,0,1,1,1,1,1,0,2
463,2,2,2,1,0,1,1,0,0,2,0,2,0,0,2,1,2,0,1,2,1,0,1,1,2,2,1,2,2,1,2,0,1,0,2,1,2,2,0,0,2
464,2,0,2,1,0,1,1,1,0,2,1,0,0,1,1,1,2,0,1,0,2,1,2,0,2,0,0,2,0,1,2,1,1,2,2,1,1,2,1,2,1
465,1,0,2,1,0,1,1,0,2,2,0,2,0,2,2,1,1,0,1,0,2,1,1,1,2,2,1,2,0,1,2,0,1,0,1,1,1,2,0,2,2
466,1,2,2,0,0,1,1,0,2,1,2,1,0,2,1,1,0,0,1,0,2,0,1,2,2,2,1,1,0,1,0,0,2,2,0,2,1,2,0,2,2
467,1,0,0,1,0,1,1,2,2,2,1,0,0,1,0,1,0,0,1,0,2,1,1,1,2,1,1,0,2,1,1,0,1,2,2,1,1,2,0,0,1
468,1,2,2,1,0,1,1,1,2,2,0,1,0,0,2,1,1,0,1,0,1,0,1,1,1,2,2,0,2,1,2,2,0,0,2,0,1,1,1,2,1
469,1,2,2,1,0,1,1,0,0,2,2,1,0,0,2,1,1,0,1,0,2,0,1,2,2,1,1,0,2,1,2,1,2,2,1,1,0,1,1,0,2
470,1,2,1,0,0,1,1,2,2,2,1,1,0,0,0,1,0,0,1,1,2,0,1,2,2,0,1,2,2,1,0,0,1,1,1,0,1,1,0,2,1
471,0,2,1,0,0,1,1,0,0,2,2,1,2,0,2,1,0,0,1,2,2,0,1,0,2,0,2,2,1,1,1,1,2,0,2,0,0,1,0,2,2
472,1,1,2,2,0,1,1,0,0,2,0,1,2,1,1,1,2,0,1,2,0,0,1,1,2,2,0,2,1,0,0,0,2,1,1,0,1,0,1,2,0
473,1,2,1,0,0,1,1,2,2,2,1,1,2,2,1,1,2,0,2,0,1,1,1,2,1,1,1,1,2,0,0,0,1,2,2,0,1,0,2,2,2
474,1,0,0,2,2,1,1,1,2,2,2,1,2,2,2,1,1,0,2,0,1,0,1,1,2,0,2,1,2,0,2,0,1,2,2,0,1,2,1,0,0
475,1,1,1,1,0,1,1,1,0,2,0,1,2,2,2,1,0,0,2,0,1,2,1,0,2,2,0,1,1,1,0,2,2,2,1,2,1,2,1,2,2
476,0,2,1,1,2,1,1,2,1,2,2,1,2,2,2,1,2,0,1,2,1,2,1,0,2,2,1,1,1,1,0,0,1,0,0,2,1,2,1,1,1
477,1,2,0,1,2,1,1,2,0,2,0,1,2,0,2,1,0,0,1,0,1,0,1,1,2,1,1,1,1,2,0,2,1,1,2,1,2,2,0,0,2
478,1,0,2,1,2,1,1,2,2,2,0,1,2,2,0,1,1,0,1,0,2,0,1,1,1,0,1,2,0,1,0,1,0,1,2,2,1,0,0,0,1
479,1,2,0,1,2,1,1,2,1,2,1,1,2,0,0,1,0,0,1,0,2,1,1,2,2,2,0,2,1,1,0,0,1,0,1,1,1,0,1,2,0
480,1,2,1,1,2,1,1,2,2,2,0,1,2,2,2,1,2,0,1,0,2,0,1,0,2,1,1,2,1,1,2,0,2,0,2,2,1,0,1,0,1
481,2,1,2,0,0,1,1,0,0,2,0,1,2,2,2,1,0,0,0,0,0,2,1,1,2,2,2,2,1,1,2,2,2,0,0,0,1,1,0,2,2
482,1,0,1,2,1,1,1,0,2,2,0,1,2,2,0,1,2,0,1,0,1,1,1,0,2,0,1,2,1,1,2,2,2,2,2,2,0,0,1,2,2
483,1,2,1,1,0,1,1,2,2,2,1,1,2,2,0,1,0,0,1,0,1,0,1,0,1,2,0,2,1,1,0,1,0,2,0,2,1,2,0,0,1
484,2,1,1,1,0,1,1,0,1,2,1,1,2,1,1,1,1,0,1,0,1,0,1,2,2,2,1,2,1,1,2,2,2,0,2,2,1,2,0,2,0
485,2,0,1,2,2,1,1,2,0,2,2,1,2,0,0,1,0,0,1,0,0,1,1,0,2,0,1,2,2,1,2,2,1,0,1,2,1,2,0,0,2
486,1,2,1,1,0,1,1,1,0,2,1,1,2,0,2,1,2,0,1,2,1,0,1,1,2,1,1,1,2,1,2,0,2,0,0,2,1,2,1,1,2
487,0,1,1,1,2,1,1,0,2,2,2,1,2,1,2,1,2,0,2,2,1,2,1,1,2,0,1,0,0,1,0,2,1,0,2,2,1,0,1,0,1
488,1,0,1,1,2,1,1,2,2,2,2,1,2,2,0,1,0,0,1,2,2,2,2,0,2,2,1,0,1,1,0,2,2,0,1,2,1,2,1,2,2
489,0,1,1,1,2,1,1,2,0,2,1,1,2,1,0,1,0,0,0,0,1,0,2,0,2,0,2,0,1,1,0,0,2,0,0,2,1,0,0,0,2
490,1,2,2,1,2,1,1,0,2,2,2,1,2,1,2,1,1,0,0,0,2,2,1,2,2,1,1,1,1,1,0,2,2,0,0,2,1,0,1,0,0
491,1,0,1,1,2,1,1,0,2,2,1,0,2,0,2,1,2,0,2,1,1,1,2,2,2,2,1,0,1,1,2,2,2,0,0,2,1,0,0,0,2
492,1,2,2,1,2,1,1,0,2,2,1,0,2,0,2,1,1,0,1,2,1,0,1,2,2,1,1,1,1,1,0,2,2,2,2,2,1,2,0,0,2
493,0,1,1,2,2,1,1,2,2,2,0,0,2,1,2,1,2,0,1,0,1,1,0,0,2,0,2,0,1,1,0,0,2,0,0,2,1,0,0,1,2
494,1,1,2,1,2,1,1,0,2,2,2,2,2,0,0,1,0,0,1,0,2,1,1,0,2,2,1,0,1,1,2,0,2,2,0,0,1,1,0,0,2
495,1,0,2,1,0,1,1,0,0,2,0,2,2,0,2,2,1,0,1,0,1,0,2,1,2,2,1,0,1,1,2,0,2,0,2,0,0,0,1,0,0
496,1,2,1,1,0,1,1,0,2,2,0,2,2,1,0,1,0,0,1,0,1,2,1,1,0,2,1,0,1,1,2,1,2,0,1,0,1,0,1,0,0
497,1,2,1,0,0,1,1,0,0,2,2,2,2,0,0,1,1,0,1,0,1,0,1,1,2,2,1,0,1,1,0,1,0,1,1,0,1,2,1,0,0
498,0,1,1,1,2,1,1,0,0,2,0,2,2,2,2,1,2,0,1,0,1,2,1,0,2,2,1,0,1,1,1,2,2,0,0,1,1,2,1,0,0
499,2,0,1,0,2,1,1,2,1,2,0,2,1,2,2,1,2,0,1,0,1,0,1,1,2,0,1,1,1,1,1,0,1,0,0,2,1,2,1,0,0
500,1,0,1,1,2,1,1,0,2,2,2,2,2,1,2,1,0,0,1,0,1,0,1,1,2,0,0,1,2,1,0,1,1,2,1,1,0,1,1,0,2
501,2,1,1,1,2,1,1,0,0,2,0,2,2,2,2,1,0,0,1,0,2,0,2,1,2,1,1,1,2,1,0,0,2,1,0,1,1,2,1,2,1
502,1,0,1,1,2,1,1,1,0,2,2,2,2,2,0,1,0,0,1,0,2,2,2,0,2,0,1,0,2,1,1,0,2,2,2,0,1,2,0,0,1
503,1,0,1,0,2,1,1,2,0,2,0,2,2,2,2,1,2,0,1,0,2,2,1,1,2,0,1,0,2,1,2,0,2,1,0,0,1,2,1,1,2
504,2,0,1,1,2,1,1,1,2,2,0,2,2,2,0,1,0,0,1,0,2,1,1,2,2,0,1,0,2,1,2,1,1,0,1,2,1,1,0,0,0
505,1,2,1,1,2,1,1,1,2,2,2,2,2,2,2,1,0,0,1,0,2,2,1,2,1,2,2,0,1,1,2,2,0,1,2,2,0,2,0,0,0
506,1,2,1,1,2,1,1,0,2,2,2,2,2,1,2,1,0,0,1,2,0,0,1,2,2,0,1,0,1,1,0,2,2,2,2,2,0,1,1,0,2
507,2,0,1,1,2,1,1,0,2,2,2,2,2,1,0,1,0,0,1,2,1,2,2,1,2,0,1,2,1,1,2,1,1,1,1,2,0,1,0,0,0
508,1,2,1,1,2,1,1,0,2,2,1,2,2,1,0,1,0,0,1,2,1,0,1,2,2,0,1,2,1,1,2,1,2,0,0,1,1,2,1,0,0
509,2,2,1,1,2,1,1,1,0,2,0,2,2,2,0,1,0,0,1,2,1,2,1,2,2,1,2,2,1,1,2,0,2,2,2,1,0,2,1,0,0
510,1,2,1,1,2,1,1,1,1,2,0,2,2,1,2,1,0,0,1,2,1,2,1,1,2,2,1,2,1,1,0,0,2,0,1,2,1,2,2,0,0
511,1,1,1,1,2,1,1,2,1,2,0,2,2,1,0,1,2,0,1,2,1,0,1,0,2,0,1,2,1,1,2,1,1,1,0,2,0,1,0,0,0
512,1,1,1,1,2,1,1,0,2,2,0,2,2,1,2,1,2,0,0,2,1,0,2,2,2,0,1,2,1,1,2,0,2,2,2,1,0,2,0,2,1
513,1,1,1,1,2,1,1,2,1,2,2,2,2,2,0,1,1,0,1,2,1,0,1,2,2,0,1,1,1,1,0,0,1,2,2,0,1,1,1,1,1
514,1,2,1,1,2,1,1,2,0,2,0,2,2,2,1,1,2,0,1,1,1,1,0,0,2,2,1,1,1,1,0,0,2,0,1,0,0,2,1,2,1
515,1,2,1,1,2,1,1,0,1,2,1,2,2,1,0,1,2,0,1,2,2,1,1,2,1,1,1,1,1,1,2,2,1,0,2,0,1,2,0,2,0
516,1,2,1,1,2,1,1,2,2,2,2,2,2,0,0,1,2,0,1,2,2,0,1,2,2,2,1,1,0,1,0,1,1,0,1,2,1,1,0,0,1
517,1,0,1,1,2,1,1,0,2,2,2,2,2,0,2,1,2,0,1,2,2,1,1,0,2,1,1,1,1,1,0,0,2,2,2,2,1,2,0,2,2
518,1,2,1,1,2,1,1,2,2,2,1,2,2,2,2,1,2,0,1,2,1,1,1,0,2,2,1,1,1,1,2,0,1,0,0,2,1,2,0,1,2
519,1,2,1,1,2,1,1,0,2,2,0,2,2,0,2,1,2,0,1,2,1,2,1,1,2,2,0,1,1,1,2,0,1,2,0,2,1,1,0,2,0
520,1,2,1,1,2,1,1,0,0,2,2,2,2,2,2,1,0,0,1,2,1,2,1,0,2,0,0,1,1,1,2,0,2,1,1,2,0,2,1,0,1
521,1,2,2,1,2,1,1,1,0,2,2,2,2,1,2,1,0,0,1,2,1,1,2,0,2,2,1,1,0,1,0,0,1,2,1,2,1,2,1,2,0
522,2,2,1,1,2,1,1,2,0,2,0,2,2,1,0,1,1,0,1,2,1,0,1,1,2,1,1,1,1,1,2,0,1,2,2,0,1,2,0,2,0
523,2,0,1,0,2,1,1,0,2,2,2,2,2,2,1,1,1,0,1,2,1,2,2,1,2,1,1,1,1,1,2,0,1,0,0,0,1,2,0,0,2
524,1,0,1,1,2,1,1,2,2,2,0,1,2,1,0,1,1,0,1,2,1,0,1,2,2,2,1,1,0,1,1,2,2,2,1,0,1,2,0,1,2
525,2,0,1,1,2,1,1,0,1,2,2,1,2,2,2,1,2,0,1,2,1,0,2,1,2,1,0,2,0,1,0,0,1,0,0,0,1,1,0,2,0
526,1,2,1,1,2,1,1,0,1,2,0,1,2,1,2,1,1,0,1,1,1,0,1,0,2,2,1,1,0,1,2,0,2,2,0,1,0,2,0,2,2
527,1,0,1,1,2,1,1,0,0,2,2,1,2,2,2,1,2,0,1,2,1,0,1,2,2,1,1,1,2,1,0,0,1,2,0,0,2,1,1,2,2
528,1,2,1,1,2,1,1,2,0,2,1,1,2,2,0,1,2,0,1,2,1,0,1,2,2,1,1,1,2,1,1,0,1,2,2,1,1,1,0,2,0
529,1,0,1,1,2,1,1,2,1,2,1,2,2,1,0,1,2,0,1,2,1,1,1,0,2,0,1,1,2,1,2,2,1,1,2,0,0,2,0,2,1
530,2,0,1,1,2,1,1,0,2,2,0,2,2,0,0,1,2,0,1,2,1,0,1,0,2,1,1,1,2,1,0,2,2,0,1,2,0,1,0,2,0
531,2,2,1,1,2,1,1,2,1,2,0,2,2,2,0,1,0,0,1,2,1,0,1,2,2,0,1,1,2,2,0,0,1,2,2,0,0,2,1,2,1
532,1,1,1,1,2,1,1,0,0,2,1,2,2,2,2,1,2,0,1,2,1,0,1,2,2,0,1,2,2,2,1,0,1,0,0,2,1,2,1,2,1
533,1,1,1,1,2,1,1,0,2,2,2,2,2,2,0,1,2,0,1,2,1,1,1,2,2,2,1,1,1,1,2,0,1,2,1,2,1,2,0,2,0
534,1,0,1,1,2,1,1,1,0,2,1,2,2,2,2,1,1,0,1,2,1,1,1,1,2,0,1,1,1,1,2,0,2,2,1,2,1,2,1,2,2
535,1,2,1,2,2,1,1,0,2,2,1,1,2,2,2,1,0,0,1,1,1,1,1,1,1,2,1,1,2,1,2,2,2,2,0,2,1,2,0,2,1
536,0,2,1,1,2,1,1,1,1,2,1,1,2,2,2,1,0,0,1,1,1,0,1,2,2,0,1,1,1,0,0,0,1,2,2,1,0,2,0,2,0
537,0,2,1,1,2,1,1,1,0,2,1,1,2,2,1,1,0,0,1,1,1,2,1,1,2,2,0,1,1,0,0,0,1,2,1,2,1,2,0,2,2
538,0,0,1,1,2,1,1,2,0,2,1,1,2,1,1,1,2,0,1,1,1,2,1,1,2,2,0,1,1,0,2,1,2,0,1,2,1,0,1,2,1
539,1,2,1,1,2,1,1,2,0,2,0,1,2,2,0,1,2,1,1,2,0,2,1,1,2,2,0,1,1,1,2,0,2,0,2,2,1,0,0,2,0
540,1,2,1,1,0,1,1,1,0,2,1,1,2,0,2,1,2,2,1,1,1,2,1,1,2,2,1,1,1,1,1,2,1,0,0,2,1,0,0,2,2
541,1,0,2,1,0,1,1,0,2,2,2,1,2,2,0,1,2,0,1,1,0,0,1,1,2,2,2,1,1,1,2,2,2,0,2,2,1,0,1,2,2
542,1,2,2,1,2,1,1,2,1,2,2,1,2,0,2,1,2,0,1,1,1,2,1,1,2,1,0,2,1,1,2,2,2,2,1,2,1,1,1,2,1
543,1,0,2,0,0,1,1,2,0,2,2,1,2,2,0,1,2,0,1,1,1,0,1,1,2,1,1,2,1,2,2,1,0,0,0,2,1,0,0,2,2
544,2,1,2,0,2,1,1,2,1,2,2,1,2,0,2,1,2,0,1,1,1,1,1,2,2,0,2,2,1,2,0,1,1,0,1,2,1,0,0,2,0
545,1,0,1,1,2,1,1,2,0,2,1,1,2,0,2,1,0,0,1,2,0,2,1,1,2,1,2,2,0,2,0,2,0,2,0,2,1,0,2,2,2
546,1,0,1,1,2,1,1,1,0,2,1,1,2,2,0,1,0,0,1,2,1,2,1,1,2,1,0,2,1,2,2,0,0,1,0,1,1,0,1,2,0
547,1,2,1,1,2,1,1,2,0,2,2,1,2,2,0,1,2,0,1,1,1,2,1,1,2,2,1,2,0,1,2,0,0,2,2,1,2,0,0,2,2
548,2,2,1,1,1,1,1,1,0,2,0,1,2,0,2,1,1,0,1,1,1,0,1,1,2,0,2,2,1,2,2,2,1,2,0,0,1,0,0,2,2
549,0,1,1,0,2,1,1,1,2,2,2,1,2,0,2,2,2,0,1,1,1,2,1,1,2,2,1,2,0,1,0,0,1,2,1,0,1,0,0,2,0
550,2,0,1,1,1,1,1,1,2,2,0,1,2,0,1,1,1,0,1,2,1,1,1,2,2,0,2,1,0,0,0,2,2,2,2,0,0,0,1,2,2
551,1,0,1,1,1,1,1,2,2,2,0,1,2,2,2,1,2,0,1,2,1,2,1,1,2,2,1,1,1,1,2,2,0,2,0,0,1,0,1,2,2
552,2,2,1,0,2,1,1,0,2,2,0,1,2,2,2,1,0,0,1,2,2,0,1,0,2,2,1,0,1,1,0,2,1,2,0,0,1,0,0,2,2
553,2,1,2,0,0,1,1,0,2,2,1,1,2,1,0,1,2,0,1,2,1,1,1,1,2,2,2,0,1,1,1,2,1,2,1,0,1,0,0,2,2
554,0,1,1,1,2,1,1,1,0,2,1,1,2,1,0,1,2,0,1,2,0,0,1,1,2,1,0,0,1,1,0,2,1,2,2,0,1,2,0,2,0
555,1,1,1,1,1,1,1,2,2,2,2,0,2,2,2,1,0,0,1,1,1,0,2,2,2,1,1,0,1,1,2,2,1,2,2,0,0,2,0,2,1
556,0,0,2,1,2,1,1,2,0,2,2,1,2,0,2,2,0,0,1,1,1,2,1,0,2,1,1,0,1,1,0,2,1,2,2,1,1,1,0,2,2
557,1,0,1,1,2,1,1,2,2,2,0,1,2,2,2,1,2,0,1,2,1,2,0,2,2,2,1,0,1,1,0,2,1,0,0,1,1,2,2,0,2
558,1,1,1,1,2,1,1,0,0,2,1,1,2,0,0,1,1,0,1,1,1,2,2,0,1,2,1,0,0,1,2,2,1,2,0,1,1,2,1,1,0
559,1,1,1,1,2,1,1,0,1,2,2,1,2,0,2,1,1,0,1,2,1,0,1,1,2,2,1,0,0,1,2,2,0,0,2,1,1,2,1,2,0
560,1,2,1,1,2,1,1,2,2,2,0,1,2,0,0,1,2,0,1,2,2,0,1,1,2,0,1,0,0,1,2,2,2,0,1,1,1,2,1,2,0
561,1,2,0,1,2,1,1,2,2,2,2,1,1,0,2,1,0,0,1,2,1,0,2,1,2,2,1,0,1,1,2,2,1,1,0,0,1,2,2,0,0
562,1,0,2,1,2,1,1,2,2,2,0,1,1,2,0,1,2,0,1,1,1,2,2,2,2,0,0,2,1,1,2,2,1,2,2,0,1,1,1,2,2
563,1,0,1,0,2,1,1,2,2,2,1,1,1,2,2,1,2,0,1,2,2,2,2,1,2,0,1,0,1,1,2,1,1,0,0,1,1,1,1,2,2
564,1,0,1,1,2,1,1,0,2,2,2,1,1,1,0,1,2,0,1,2,2,1,2,2,2,1,1,1,1,1,1,2,1,2,2,0,1,2,1,2,2
565,1,2,1,0,2,1,1,1,0,2,1,1,1,0,1,1,2,0,1,0,1,2,2,2,2,2,1,1,0,1,0,2,1,1,0,1,1,2,1,2,0
566,0,2,1,1,2,1,1,2,2,2,1,1,1,0,2,1,2,0,1,0,1,2,1,0,2,2,1,1,0,1,0,2,1,2,0,0,1,2,0,2,1
567,1,0,1,1,2,1,1,1,2,2,1,1,1,2,2,1,2,0,1,0,1,1,2,2,2,2,2,0,0,1,0,0,1,1,2,0,1,2,1,1,1
568,1,2,0,1,2,1,1,0,0,2,0,1,1,2,0,1,2,0,1,0,1,2,1,1,2,1,1,0,0,1,2,1,1,0,1,2,1,2,1,2,0
569,1,2,1,1,2,1,1,0,2,2,0,1,1,0,1,1,1,0,1,0,1,2,1,1,2,2,1,0,2,1,0,0,1,1,0,2,0,2,1,0,2
570,1,0,1,1,2,1,1,2,1,2,1,1,1,1,0,1,0,0,1,0,1,2,1,1,2,0,1,0,2,1,0,1,1,2,1,2,1,2,1,0,1
571,1,1,1,0,0,1,1,1,0,2,0,1,0,2,0,1,0,0,1,0,1,0,1,2,1,2,1,0,2,1,0,2,1,2,2,2,1,2,1,2,2
572,1,2,2,1,0,1,1,0,0,2,1,1,0,2,2,1,2,0,1,0,1,2,1,1,2,2,1,0,1,1,0,0,1,2,1,2,1,2,1,2,0
573,1,0,2,1,0,1,1,0,1,2,2,1,0,2,0,1,0,0,1,0,1,2,2,1,2,1,1,0,1,1,2,2,1,1,0,2,1,2,1,2,0
574,1,0,1,1,2,1,1,2,0,2,0,1,0,0,2,1,0,0,1,0,1,2,1,1,2,1,1,1,1,1,2,2,1,0,2,2,1,2,1,2,1
575,1,1,1,1,2,1,1,1,1,2,1,1,0,0,1,1,2,0,1,0,2,0,1,1,2,2,0,2,1,1,2,1,1,1,2,2,1,2,1,0,0
576,1,1,0,0,2,1,1,0,2,2,1,1,0,0,1,1,2,0,1,0,1,2,1,1,2,2,1,0,1,1,2,0,1,2,0,2,1,2,1,2,2
577,1,2,2,0,2,1,1,2,0,2,2,1,0,0,0,1,0,0,1,0,2,2,2,1,2,1,0,0,1,1,0,0,1,1,0,1,1,2,1,2,2
578,1,0,1,1,2,1,1,2,0,2,0,1,0,1,0,1,0,0,1,0,1,0,2,1,1,2,2,0,1,1,1,0,1,0,1,0,1,2,1,2,0
579,1,2,0,0,2,1,1,2,1,2,2,1,2,2,1,1,1,0,1,0,1,1,1,0,1,2,1,1,1,2,0,0,2,0,0,2,1,1,1,2,0
580,1,0,0,1,2,1,1,1,2,2,0,1,2,2,2,1,2,0,1,0,1,2,1,0,2,2,2,0,1,2,2,0,2,0,1,0,1,2,0,1,0
581,0,2,1,1,0,1,1,0,2,2,2,1,2,1,0,1,1,0,1,0,1,1,1,2,1,0,2,0,1,2,0,0,1,0,2,1,1,2,1,2,0
582,0,0,2,1,1,1,1,2,0,2,2,1,2,2,0,1,1,0,1,0,2,0,1,1,2,2,1,0,1,2,0,0,1,0,0,0,1,2,1,2,2
583,2,0,1,1,0,1,1,1,1,1,1,1,2,1,0,1,0,0,1,0,2,0,2,0,2,2,1,0,1,2,1,0,0,2,2,0,1,2,1,2,2
584,2,2,0,1,1,1,1,2,1,2,1,1,2,0,0,1,0,0,1,0,1,2,1,0,2,1,1,1,1,1,2,0,2,2,2,2,1,1,1,2,2
585,2,2,1,0,0,1,1,2,1,2,2,1,2,2,0,1,2,0,1,0,2,2,0,0,2,1,1,1,0,1,0,0,1,0,0,1,1,1,1,1,1
586,2,0,1,1,0,1,1,2,0,2,2,1,2,1,1,1,1,0,1,0,1,2,1,1,1,1,1,0,1,2,0,0,1,1,1,0,1,1,1,2,0
587,2,2,2,1,0,1,1,0,1,2,0,1,2,1,0,1,2,0,1,0,1,0,0,2,2,1,1,0,1,2,2,0,0,0,1,0,1,2,0,1,2
588,1,2,1,1,1,1,1,1,0,2,1,1,2,1,0,1,1,0,2,0,1,0,1,2,2,2,1,0,1,2,2,0,2,2,1,0,1,1,0,2,2
589,1,1,1,1,0,1,1,1,1,2,2,1,2,1,0,1,2,0,1,0,0,0,1,1,2,1,1,0,1,2,0,0,0,1,0,0,1,1,0,1,0
590,2,2,1,1,0,1,1,0,1,2,1,1,2,1,0,1,2,0,1,0,0,0,1,2,2,2,1,0,1,1,1,0,1,0,0,1,1,1,1,0,2
591,2,1,1,1,0,1,1,1,0,2,0,1,2,2,2,1,2,0,1,0,1,0,1,1,2,1,1,0,1,1,2,0,1,0,0,1,1,0,1,0,0
592,1,2,1,1,0,1,1,0,2,2,2,1,2,0,2,1,2,0,1,0,1,0,1,0,2,1,1,0,0,1,0,0,1,1,1,2,1,2,2,0,2
593,1,0,2,1,0,1,1,1,2,2,2,1,2,1,2,1,2,0,2,0,1,2,1,0,2,1,2,0,0,1,2,0,2,2,1,2,1,0,1,2,2
594,1,1,1,1,0,1,1,0,2,2,1,1,2,0,1,1,2,0,0,0,1,0,1,1,2,2,1,0,1,1,0,0,2,1,0,2,1,1,1,2,1
595,2,2,0,1,1,1,1,1,1,2,1,1,2,0,0,1,2,0,0,0,1,0,1,1,2,0,1,1,1,1,0,0,1,2,1,2,1,0,1,1,0
596,1,0,0,1,0,1,1,0,1,2,2,1,2,1,0,1,2,0,1,0,1,2,2,1,2,2,1,0,1,1,1,0,2,1,0,2,1,0,1,2,2
597,1,2,1,2,0,1,1,1,2,2,0,1,2,2,0,1,2,0,1,0,1,2,0,2,2,1,1,0,1,1,2,2,2,0,2,2,1,0,1,2,1
598,1,2,1,1,0,1,1,2,0,2,1,1,2,0,2,1,0,0,1,0,1,0,1,1,2,2,1,0,1,1,2,1,1,1,0,2,1,0,1,2,0
599,0,0,1,1,0,1,1,0,0,2,0,1,2,1,0,1,2,0,1,0,2,2,2,1,2,1,1,0,1,0,1,0,2,1,0,2,1,0,2,0,2
600,1,0,1,2,0,1,1,1,1,2,0,1,2,2,2,1,2,0,0,0,2,2,1,2,2,1,0,0,0,0,0,0,1,0,2,2,1,0,0,0,1
601,0,2,2,1,1,1,1,0,0,2,2,1,2,1,2,1,2,0,0,0,1,2,1,1,2,0,1,0,1,0,0,2,1,2,1,2,1,0,1,0,0
602,1,2,2,1,0,1,1,1,1,2,1,1,2,2,0,1,0,0,2,0,1,0,0,2,2,0,1,0,1,0,0,2,1,2,2,2,1,0,0,0,2
603,0,1,2,1,0,1,1,0,1,2,1,1,2,2,2,1,0,0,0,0,1,1,0,0,2,0,1,0,1,0,0,2,2,2,0,2,1,0,1,0,0
604,2,1,2,1,0,1,1,2,1,2,1,1,2,1,0,1,1,0,1,0,1,0,1,2,2,0,1,0,1,1,1,2,2,2,2,1,1,0,1,2,1
605,0,2,1,1,0,1,1,2,2,2,2,1,2,2,2,1,0,0,1,0,1,0,1,2,2,0,1,0,1,1,2,2,2,0,2,0,1,0,1,0,1
606,0,2,1,1,0,1,1,1,0,2,2,1,2,1,2,1,2,0,1,0,0,2,2,2,2,2,1,2,1,1,2,0,2,2,2,1,1,0,1,1,2
607,1,0,1,1,2,1,1,2,0,2,1,1,2,2,1,1,2,0,1,0,1,2,1,0,2,0,1,0,1,1,0,2,0,0,0,0,1,1,1,0,0
608,2,1,0,1,0,1,1,2,2,2,2,1,2,1,0,1,1,0,1,0,2,0,1,1,2,1,1,0,1,1,2,2,1,1,1,0,1,1,0,0,0
609,1,2,1,1,0,1,1,2,0,2,2,1,2,0,2,1,0,0,0,0,2,1,1,0,2,0,1,0,1,1,2,2,2,0,2,0,1,1,1,0,0
610,1,0,1,1,0,1,1,1,0,2,0,1,2,1,0,1,0,0,1,0,2,1,2,0,1,2,0,0,1,1,0,2,1,2,0,0,1,1,1,0,2
611,1,0,1,1,1,1,1,0,0,2,1,1,2,1,2,1,2,0,1,2,1,2,0,0,0,1,2,0,1,1,1,2,2,0,2,1,1,0,1,1,2
612,0,2,1,1,0,1,1,0,0,2,0,1,2,0,2,1,1,0,1,2,2,2,1,2,2,2,1,0,1,1,0,0,1,2,0,0,0,1,1,2,1
613,1,2,2,1,0,1,1,1,2,2,2,1,2,0,0,1,1,0,1,2,2,0,1,1,2,2,1,0,2,1,0,1,2,2,0,0,1,0,1,2,2
614,1,2,1,2,0,1,1,0,2,2,2,1,2,2,2,1,0,0,0,2,1,0,1,1,2,2,1,0,2,1,2,1,1,2,0,1,2,0,1,1,0
615,2,0,1,1,0,1,1,1,2,2,0,1,2,1,1,1,1,0,1,2,1,1,1,1,1,1,1,0,1,1,2,0,1,2,0,1,1,0,1,2,2
616,2,1,1,1,2,1,1,0,2,2,2,1,2,1,2,1,2,0,1,2,2,0,1,1,2,1,1,0,1,1,2,2,2,2,0,1,1,2,0,0,2
617,2,2,1,1,2,1,1,2,0,2,2,1,2,0,1,1,1,0,1,2,2,0,1,2,2,2,1,0,1,1,0,2,1,2,2,1,1,2,1,0,2
618,2,1,1,1,0,1,1,0,2,2,2,1,2,0,2,2,2,0,1,2,1,0,2,2,2,0,2,0,1,1,1,2,2,2,2,0,1,2,0,2,2
619,2,2,1,1,0,1,1,0,2,2,0,1,2,0,0,1,2,0,1,2,1,0,0,1,2,0,1,0,1,1,0,0,2,2,2,0,1,2,2,2,2
620,1,0,1,2,0,1,1,0,2,2,2,1,2,0,2,1,2,0,2,2,1,1,1,2,2,2,2,0,1,1,1,0,1,0,2,1,0,1,2,2,2
621,1,0,1,2,0,1,1,2,0,2,0,1,2,0,0,1,2,0,1,2,2,0,1,1,2,2,1,2,0,1,2,0,1,2,0,0,1,2,0,2,1
622,1,2,1,2,0,1,1,0,0,2,2,1,2,1,0,1,1,0,1,2,2,0,1,1,2,1,1,2,1,1,1,0,2,0,1,0,1,2,0,2,2
623,1,1,1,0,0,1,1,0,2,2,2,2,2,0,2,1,2,0,0,2,2,1,2,1,2,2,1,2,0,1,2,0,1,0,1,1,1,2,1,2,2
624,2,2,1,1,1,1,1,0,2,2,1,2,2,0,0,2,2,0,1,2,1,0,2,2,2,0,1,2,0,1,0,0,1,1,0,1,1,2,1,2,1
625,2,2,1,1,1,1,1,1,2,2,0,2,2,0,2,1,2,0,0,2,0,0,2,0,2,0,1,1,0,1,0,0,2,0,2,0,1,2,1,0,1
626,2,2,1,1,1,1,1,2,0,2,2,0,2,2,0,1,2,0,0,2,1,0,2,2,2,0,0,1,1,0,2,0,1,2,1,1,1,0,1,2,2
627,1,2,1,1,0,1,1,2,0,2,0,1,2,2,0,1,2,0,0,2,1,2,2,2,2,1,1,1,1,1,1,0,1,2,2,1,0,0,1,0,1
628,0,1,2,1,0,1,1,0,1,2,0,0,2,1,0,1,2,0,0,2,1,2,1,0,2,1,1,1,1,1,2,0,1,0,1,0,0,0,1,2,1
629,1,0,2,1,0,1,1,1,0,2,2,0,2,2,0,1,2,0,0,2,1,2,1,1,2,1,2,0,2,1,2,0,1,2,0,0,1,0,0,0,0
630,1,2,2,2,0,1,1,1,0,2,2,0,2,0,0,1,2,0,0,2,1,1,1,2,2,0,1,0,2,1,2,0,1,0,2,1,1,0,0,2,0
631,1,0,2,2,1,1,1,2,0,2,1,0,2,0,0,1,2,0,2,2,1,0,1,2,2,2,1,0,1,1,2,0,1,1,2,0,1,0,1,2,0
632,1,1,2,0,2,1,1,0,0,2,1,1,2,2,2,1,2,0,2,2,1,1,2,1,2,2,0,0,1,1,1,2,2,0,2,1,1,0,1,2,1
633,1,0,0,0,2,1,1,1,2,2,2,1,2,1,2,1,1,0,0,2,1,2,2,1,2,2,0,0,2,1,0,0,2,0,0,1,1,1,0,2,0
634,1,1,1,0,2,1,1,0,2,2,2,1,2,2,2,1,1,0,0,2,0,0,2,2,2,2,1,0,1,1,0,0,1,0,0,1,1,0,0,2,0
635,1,0,0,2,2,1,1,2,2,2,0,1,2,0,2,1,0,0,0,2,0,2,2,2,2,2,1,0,1,1,0,0,1,0,1,2,1,2,0,2,2
636,1,0,2,2,0,1,1,0,2,2,2,1,1,0,0,1,1,0,0,2,0,2,2,2,2,2,1,0,1,1,0,0,2,1,2,2,1,2,0,2,0
637,0,0,0,2,0,1,1,2,0,2,1,1,2,0,0,1,2,0,1,1,2,2,2,1,2,1,1,0,1,1,2,0,0,1,2,2,1,2,0,0,0
638,1,0,1,2,0,1,1,0,2,2,0,1,2,0,0,1,1,0,1,2,2,1,2,1,2,0,1,0,0,1,0,0,1,2,2,2,1,2,0,1,2
639,1,0,1,2,0,1,1,1,0,2,0,2,2,2,2,1,1,0,1,1,2,1,2,2,2,1,1,1,0,1,2,0,0,2,0,2,1,2,1,0,2
640,1,0,1,1,0,1,1,1,1,2,0,2,2,2,0,1,2,0,1,2,2,1,2,0,2,2,1,2,1,1,0,0,2,0,2,2,1,2,1,0,0
641,1,0,1,1,0,1,1,0,0,2,0,0,2,0,0,1,2,0,1,1,2,2,2,2,2,0,1,2,1,1,0,0,1,2,2,2,1,2,1,2,0
642,1,0,1,0,0,1,1,2,1,2,0,0,2,1,2,1,2,0,1,2,1,0,2,2,2,2,1,1,1,1,0,2,2,2,0,2,1,2,1,2,0
643,1,0,0,1,0,1,1,0,0,2,0,2,2,2,2,1,2,0,1,2,1,2,2,1,0,0,1,1,2,1,0,2,2,0,2,2,1,2,1,0,2
644,1,0,1,1,0,1,1,2,0,2,2,2,1,1,0,1,2,0,2,2,2,0,2,1,0,1,1,0,2,1,0,0,0,2,2,2,0,2,1,0,2
645,1,0,1,1,0,1,1,2,1,2,0,2,1,2,2,1,0,0,2,2,1,1,2,1,1,0,1,0,2,1,1,0,1,2,1,2,1,1,1,2,2
646,0,0,2,1,0,1,1,1,2,2,0,2,1,0,1,1,0,0,2,2,0,1,2,0,0,0,2,0,1,1,0,0,0,2,0,2,1,2,1,2,0
647,1,0,2,1,0,1,1,2,2,2,2,2,2,1,0,1,0,0,2,2,1,0,2,1,0,2,1,0,1,1,2,0,1,0,0,2,1,0,1,1,2
648,1,0,2,1,0,1,1,0,2,2,2,2,2,0,1,1,1,0,2,2,0,0,2,1,1,2,1,2,1,1,2,0,2,1,2,2,1,1,1,2,1
649,1,0,2,1,0,1,1,1,2,2,0,2,2,0,0,1,0,0,2,1,0,2,2,0,0,0,2,1,0,1,0,0,2,0,2,2,1,0,1,0,0
650,1,0,2,1,0,1,1,2,2,2,2,1,2,0,2,1,0,0,2,2,0,0,2,1,0,1,1,2,0,1,0,0,0,0,1,2,1,1,1,0,1
651,1,0,2,1,0,1,1,1,2,2,1,1,2,0,1,1,1,0,2,2,1,2,2,2,1,2,1,1,0,1,1,0,2,0,1,2,1,2,1,2,2
652,1,0,2,1,1,1,1,1,2,2,2,1,2,0,0,1,0,0,2,1,0,2,2,2,1,1,0,0,2,1,2,0,1,0,2,2,1,2,1,2,2
653,1,0,1,1,1,1,1,0,0,2,1,1,1,2,1,1,2,0,2,2,2,0,1,2,1,2,1,0,2,1,2,0,2,2,0,2,1,1,1,2,0
654,1,0,1,1,0,1,1,2,1,2,0,1,0,0,0,1,1,0,2,2,1,0,2,0,0,1,0,0,2,1,2,0,0,2,0,0,1,2,0,2,2
655,2,0,2,1,0,1,1,0,2,2,0,1,0,2,2,1,1,0,2,2,1,2,2,1,2,2,1,1,2,1,2,0,1,1,2,2,0,2,1,0,0
656,1,0,1,1,1,1,1,0,2,2,0,1,0,2,0,1,2,0,2,2,0,2,2,0,2,1,1,1,0,1,2,0,2,0,2,2,1,2,1,0,2
657,1,0,1,1,0,1,1,0,0,2,0,1,0,0,0,1,1,0,2,2,1,1,2,2,2,2,1,2,1,1,2,0,1,1,2,2,1,2,1,0,2
658,1,0,2,1,1,1,1,0,0,2,2,1,0,1,0,1,2,0,2,1,0,0,1,0,2,1,1,2,1,1,2,0,0,1,2,2,1,2,1,0,1
659,1,0,2,1,0,1,1,0,2,2,2,1,0,2,0,1,2,0,2,2,2,0,2,2,2,2,1,2,1,1,2,0,1,2,2,2,1,2,0,1,2
660,1,0,2,1,0,1,1,2,2,2,0,1,2,2,2,1,2,0,2,2,0,2,2,1,2,1,0,2,0,1,2,2,2,0,0,2,1,2,1,2,1
661,1,0,2,1,0,1,1,1,2,2,1,1,2,2,2,1,2,0,2,2,1,1,2,0,2,0,2,1,0,1,2,0,1,0,1,2,1,2,1,2,0
662,1,0,2,1,0,1,1,1,1,2,2,1,2,1,1,1,0,0,2,2,1,2,2,1,2,0,1,1,0,1,0,0,1,2,2,2,1,2,1,2,1
663,1,0,1,1,0,1,1,2,0,2,0,1,2,0,2,1,1,0,2,2,1,0,2,0,2,1,1,0,0,1,2,0,1,0,2,2,0,2,1,2,2
664,1,0,2,1,0,1,1,0,2,2,2,1,2,2,2,1,1,0,2,2,1,0,2,0,2,2,1,0,0,1,1,2,1,2,2,2,1,2,0,0,0
665,1,0,2,1,0,1,1,2,1,2,0,1,1,0,2,1,2,0,2,1,1,0,2,0,2,2,0,0,1,1,2,2,1,1,0,1,1,2,0,2,2
666,1,0,2,1,1,1,1,2,0,2,0,1,1,0,0,1,2,0,2,2,1,2,2,1,2,2,2,0,1,1,2,2,2,0,1,0,1,2,1,2,1
667,1,0,2,1,0,1,1,2,2,2,2,1,2,1,0,1,2,0,2,2,2,0,2,1,2,2,1,0,1,1,0,2,1,1,1,1,1,2,1,0,0
668,1,0,1,1,1,1,1,1,0,2,0,1,2,1,2,1,2,0,2,2,1,1,1,0,2,2,1,0,1,1,2,2,2,0,1,1,0,2,1,0,2
669,1,0,0,1,1,1,1,0,0,2,0,1,2,0,2,1,2,0,2,1,1,1,2,2,2,2,1,0,1,1,0,2,1,0,2,1,1,2,1,2,2
670,1,0,1,1,0,1,1,0,2,2,1,1,2,1,0,1,2,0,2,2,0,0,2,2,2,1,1,1,1,1,2,2,2,0,2,2,1,2,1,1,2
671,1,0,1,1,0,1,1,2,0,2,2,1,2,1,2,1,2,0,2,2,1,0,2,1,2,2,1,0,1,1,2,2,1,2,2,0,1,2,0,2,0
672,1,0,2,1,1,1,1,0,2,2,2,1,1,1,0,1,1,0,1,2,2,0,2,2,2,2,2,0,1,1,1,1,0,0,2,0,1,2,0,0,1
673,1,0,2,1,0,1,1,0,1,2,1,1,1,2,2,1,1,0,1,1,2,1,2,1,2,2,2,0,1,1,2,2,1,2,0,0,0,2,0,2,0
674,1,0,2,1,0,1,1,0,0,2,2,1,1,1,2,1,2,0,1,2,2,2,2,2,2,1,2,0,1,1,2,0,1,1,1,1,0,2,0,2,0
675,1,0,1,0,0,1,1,1,0,2,1,1,1,2,1,1,2,0,1,2,1,1,1,0,0,2,1,0,1,1,2,0,2,2,1,0,0,2,0,0,1
676,1,0,2,1,0,1,1,1,2,2,2,1,1,2,0,2,0,0,1,2,0,0,0,1,2,2,2,0,0,1,0,1,2,2,0,0,1,2,1,2,0
677,1,0,1,1,0,1,1,2,0,2,1,1,1,0,2,1,0,0,1,2,1,2,1,2,2,0,2,0,2,1,2,0,2,2,0,0,1,2,2,2,0
678,1,0,2,1,0,1,1,2,0,2,2,1,1,2,0,1,1,0,1,2,2,0,2,1,2,0,1,0,2,1,2,0,0,2,0,1,1,2,2,2,1
679,1,0,2,1,1,1,1,2,0,2,1,0,1,2,2,2,1,0,1,2,2,2,1,0,2,2,1,0,0,1,0,2,2,0,2,0,1,1,2,2,0
680,1,0,2,1,0,1,1,2,0,2,1,1,1,2,0,1,1,0,1,2,2,0,1,1,2,0,0,0,0,1,0,2,2,2,2,0,1,2,2,2,0
681,1,0,2,1,0,1,1,0,0,2,1,1,0,0,0,1,0,0,1,1,1,2,0,0,2,0,1,0,0,1,2,2,2,1,2,0,1,2,2,2,2
682,0,0,2,1,2,1,1,0,2,2,1,1,0,0,2,1,2,0,1,2,1,0,0,0,2,1,1,0,0,1,1,2,1,0,2,0,1,2,2,0,0
683,0,0,2,1,2,1,1,0,0,2,1,1,0,2,1,1,2,0,1,2,1,2,1,1,2,1,1,0,0,1,0,0,2,1,1,2,1,2,1,0,0
684,0,0,1,1,0,1,1,2,2,2,0,1,0,1,0,1,1,0,1,2,0,1,1,2,2,2,1,0,0,1,2,0,1,0,2,2,1,2,0,0,0
685,1,0,2,1,0,1,1,2,2,2,2,1,0,0,0,1,1,0,1,2,1,0,1,2,2,0,1,0,0,1,2,0,1,1,2,1,1,2,0,0,1
686,2,0,2,1,0,1,1,0,1,2,1,1,0,2,2,1,1,0,1,2,1,0,0,2,2,0,1,0,2,1,2,2,2,0,0,1,1,2,0,0,2
687,2,0,2,1,0,1,1,2,1,2,2,1,0,2,2,1,2,0,1,2,1,1,0,1,2,2,1,0,2,1,2,1,1,2,2,1,0,2,0,2,2
688,2,0,2,1,0,1,1,1,2,2,2,1,0,2,0,1,2,0,0,2,1,0,0,2,2,1,0,0,2,0,2,1,1,2,1,2,1,1,1,1,0
689,2,0,1,1,0,1,1,2,0,2,0,1,0,1,2,1,0,0,1,2,1,1,0,1,2,0,1,0,0,0,2,2,1,1,2,0,1,0,2,0,0
690,0,0,1,1,0,1,1,2,2,2,1,1,0,2,2,1,2,0,2,2,0,0,0,2,2,1,1,0,0,0,0,0,2,1,0,0,1,0,2,2,0
691,0,0,0,1,0,1,1,1,2,2,2,1,0,2,2,1,1,1,0,2,0,0,0,2,2,1,0,0,1,0,1,0,2,2,1,0,0,0,0,0,2
692,0,0,1,1,1,1,1,2,0,2,0,1,0,2,2,1,2,1,0,2,0,0,1,0,2,2,1,0,1,0,2,0,1,0,2,0,0,0,0,1,2
693,0,0,2,2,1,1,1,1,2,2,1,1,0,2,0,1,2,1,0,2,1,2,1,2,2,2,1,0,1,0,0,1,2,0,2,0,1,0,1,2,2
694,1,0,1,1,1,1,1,1,2,2,1,1,0,2,2,1,0,1,0,2,1,0,2,2,2,2,1,0,1,0,0,2,2,1,2,0,1,0,1,2,1
695,0,0,1,1,1,1,1,1,2,2,2,1,0,0,2,1,2,1,1,1,0,0,2,2,2,2,0,0,1,0,2,2,1,2,2,0,1,0,1,0,2
696,0,0,1,1,0,1,1,0,0,2,1,1,0,0,2,1,1,1,1,2,0,0,2,0,2,1,2,0,2,0,2,2,2,2,0,1,1,0,2,1,1
697,0,0,1,1,1,1,1,2,2,2,2,1,0,0,0,1,2,1,1,2,0,0,2,1,2,1,1,0,1,0,2,0,2,1,2,1,1,0,2,1,2
698,1,0,2,1,1,1,1,0,0,2,0,1,2,1,1,1,0,1,1,2,0,1,1,1,2,1,0,0,1,0,0,0,1,1,1,0,1,0,0,0,0
699,1,0,1,1,0,1,2,2,2,2,2,1,2,0,0,1,2,1,1,2,1,2,1,2,2,2,1,0,1,0,2,0,2,2,2,0,1,0,2,0,0
700,0,0,1,1,0,1,1,0,0,2,1,1,2,1,2,1,1,1,1,1,1,2,1,0,2,1,2,0,1,0,0,0,2,0,1,0,1,0,2,1,0
701,1,0,1,1,2,1,2,1,0,2,1,1,2,2,0,1,1,1,1,2,1,0,2,0,2,2,1,0,2,0,1,1,1,2,2,0,1,0,2,1,2
702,1,0,1,1,2,1,2,2,2,2,1,1,2,2,2,1,1,1,1,2,0,0,2,2,2,1,1,0,1,0,2,0,2,2,0,0,1,0,2,0,2
703,1,0,2,1,2,1,2,1,2,2,2,1,2,2,1,1,0,1,2,2,0,2,2,1,2,2,1,0,1,0,2,1,2,2,0,0,1,0,0,2,0
704,1,0,1,1,0,1,2,2,2,2,2,1,2,1,2,1,0,1,1,2,0,1,2,1,2,1,1,0,1,0,2,2,1,0,0,0,0,0,0,0,0
705,1,0,1,0,0,1,2,0,2,2,0,1,2,2,1,1,1,1,1,2,2,2,2,2,2,0,1,0,2,0,2,0,2,1,0,1,1,1,0,1,0
706,1,0,0,1,0,1,2,0,2,2,2,1,2,0,0,1,0,1,1,2,1,2,2,1,2,2,1,0,2,0,2,0,2,2,2,0,0,0,1,2,2
707,1,0,1,1,0,1,2,0,1,2,0,1,2,0,0,1,2,1,1,2,1,0,1,2,2,1,1,0,1,0,0,2,2,1,2,0,1,0,2,2,2
708,1,2,1,1,0,1,2,0,2,2,0,1,2,0,1,1,0,1,1,2,1,2,1,0,2,0,1,0,1,0,1,0,1,2,2,0,1,0,1,2,0
709,0,2,1,1,0,1,2,2,1,2,2,1,2,1,0,1,1,1,0,2,1,1,1,1,2,1,1,0,1,0,0,0,2,2,0,0,1,1,0,0,0
710,1,0,1,1,0,1,2,2,1,2,2,1,2,0,2,1,1,1,0,2,1,2,2,0,2,2,2,0,1,2,2,0,2,2,2,0,0,0,1,0,2
711,0,2,1,1,0,1,2,0,2,2,2,1,2,1,0,1,0,1,1,2,1,1,2,0,2,2,1,2,2,1,0,2,1,2,2,1,1,0,1,0,0
712,1,1,1,1,0,1,2,2,2,2,1,1,2,0,2,1,0,1,0,2,1,2,1,0,2,2,1,0,1,1,1,0,1,0,2,0,1,2,1,0,2
713,1,2,1,1,0,1,2,1,2,2,1,1,2,0,2,1,0,1,1,2,1,2,2,1,1,2,0,0,1,1,0,2,1,1,0,2,0,2,1,2,0
714,0,1,1,1,0,1,2,1,2,2,2,1,2,0,0,1,0,0,1,2,2,0,2,1,2,2,2,0,1,2,0,0,2,1,2,2,1,2,1,2,0
715,1,2,1,1,0,1,2,2,2,2,0,1,2,0,2,1,1,0,1,2,1,2,1,1,2,2,1,0,1,2,0,0,1,2,1,2,1,2,1,2,1
716,1,2,1,1,1,1,2,2,0,2,2,1,2,1,2,1,2,0,1,2,0,2,1,0,2,0,1,0,1,1,0,0,0,0,0,2,1,0,1,2,2
717,1,1,2,1,2,1,2,0,2,2,0,1,2,0,2,1,2,0,1,2,2,1,1,0,2,2,1,0,1,1,1,0,0,0,0,1,0,0,0,2,0
718,1,2,0,1,2,1,2,2,0,2,2,1,2,2,2,1,1,0,1,2,0,0,2,1,2,0,0,0,1,1,0,0,2,1,2,2,1,2,0,0,2
719,1,1,1,1,2,1,2,2,2,2,2,1,2,2,1,1,2,0,1,2,1,2,2,0,2,2,2,0,1,1,1,0,1,0,2,2,0,2,1,2,2
720,1,1,0,1,0,1,2,2,0,2,0,1,2,1,0,1,0,0,1,2,0,2,1,0,2,2,1,0,1,1,0,0,1,1,0,2,1,0,1,1,2
721,0,2,1,1,0,1,2,2,2,2,0,1,2,0,0,1,2,0,1,2,2,2,1,0,2,2,0,0,1,1,0,0,0,0,2,2,1,0,1,0,1
722,0,1,1,1,0,1,2,0,2,2,2,1,2,2,0,1,0,0,1,2,2,2,2,0,2,1,0,0,2,1,2,0,1,1,2,2,1,2,0,0,1
723,0,2,1,2,0,1,2,2,2,2,1,1,2,0,2,1,1,0,1,2,1,1,1,0,1,1,2,0,2,1,0,0,0,2,0,2,1,0,0,0,0
724,1,2,2,2,0,1,2,2,0,2,0,1,2,2,2,1,0,0,1,2,0,0,1,1,2,2,1,0,2,0,1,0,2,0,0,2,1,0,1,0,1
725,1,2,1,1,0,1,2,0,2,2,2,1,2,1,1,1,1,0,0,2,2,0,1,1,2,2,2,0,1,1,0,0,2,1,0,2,1,0,1,0,2
726,0,0,1,2,1,1,2,0,0,2,0,1,1,0,1,1,2,0,0,2,1,2,1,1,2,2,0,0,1,1,0,0,2,2,1,2,1,1,1,2,0
727,2,2,1,1,1,1,2,0,2,2,2,1,2,1,0,1,2,0,0,2,0,0,1,0,2,1,2,2,1,1,0,0,2,0,0,2,1,1,2,0,0
728,1,0,1,1,2,1,2,2,0,2,1,1,2,2,0,1,0,0,0,2,1,0,1,1,2,0,1,1,1,1,0,0,2,1,2,2,1,2,0,0,2
729,2,1,0,1,0,1,2,0,1,2,2,2,2,0,0,1,0,0,0,2,1,0,0,2,2,1,1,1,1,1,2,0,0,2,0,2,0,2,2,0,2
730,1,0,2,1,0,1,2,1,1,2,0,0,2,2,0,1,0,0,0,2,2,2,1,0,2,1,1,1,1,1,0,0,1,2,1,2,1,0,0,2,0
731,2,0,1,0,0,1,2,1,0,2,2,1,2,1,0,1,2,0,0,2,1,1,2,0,1,2,1,1,1,1,2,2,1,0,2,2,1,0,0,0,0
732,1,1,2,1,0,1,2,1,0,2,2,1,2,2,2,1,2,0,0,2,1,0,1,0,2,0,1,1,1,1,0,2,1,0,0,0,1,0,1,2,2
733,1,1,0,1,1,1,2,0,1,2,2,1,2,0,2,1,2,0,0,2,1,0,1,0,2,1,0,1,1,1,0,0,2,0,0,0,1,0,2,1,2
734,1,1,1,1,1,1,2,1,0,2,2,1,2,2,0,1,2,0,1,1,1,0,2,0,1,1,0,1,1,1,0,1,1,2,2,1,1,0,1,2,2
735,1,2,1,1,0,1,2,0,2,2,2,1,2,0,0,1,1,0,0,2,1,2,2,2,2,2,0,1,1,1,2,1,1,2,0,1,1,0,1,0,2
736,1,0,0,1,0,1,2,1,0,2,0,1,2,1,0,1,0,0,0,2,1,2,0,0,2,1,1,1,1,1,2,2,2,2,1,2,1,1,1,2,2
737,1,1,2,1,0,1,2,1,0,2,1,1,2,1,0,1,1,0,2,2,1,0,2,2,2,0,0,1,1,1,0,2,2,1,2,1,1,0,1,2,0
738,1,1,2,1,0,1,2,2,0,2,1,1,2,2,0,1,2,0,1,2,0,1,1,0,2,2,1,1,1,1,0,2,2,0,2,2,1,0,1,2,2
739,1,2,0,1,0,1,2,0,1,2,0,1,2,1,2,1,2,0,0,2,0,0,1,2,1,2,1,1,1,2,0,0,1,2,2,2,1,0,1,0,2
740,1,1,0,0,2,1,1,0,2,2,2,1,2,2,0,1,2,0,0,2,0,0,1,2,2,0,1,1,1,2,1,0,0,2,1,2,1,0,1,2,2
741,1,0,0,1,0,1,2,1,2,2,0,1,2,2,0,1,2,0,0,2,0,2,1,0,2,2,2,1,1,2,1,0,2,0,2,2,0,0,2,2,1
742,1,0,1,0,0,1,2,2,2,2,1,2,2,2,2,1,2,0,0,2,0,1,1,2,2,2,1,1,2,2,2,0,2,2,0,2,0,0,2,1,1
743,1,1,1,0,0,1,2,2,1,2,1,1,2,0,2,1,2,0,0,1,1,2,1,1,2,0,1,1,0,2,0,2,2,0,0,2,1,0,1,2,1
744,1,2,1,1,0,1,2,2,2,2,0,1,2,2,2,1,2,0,0,2,1,2,1,0,2,0,1,1,1,2,0,0,1,0,0,2,1,0,2,2,0
745,1,0,1,1,0,1,1,2,2,2,1,1,1,0,2,1,2,0,0,2,1,2,2,0,2,1,0,1,0,2,2,0,2,2,1,2,2,0,2,2,0
746,1,2,0,1,1,1,2,1,0,2,1,1,2,1,2,1,2,0,0,2,1,0,1,2,2,2,1,1,1,2,0,0,1,2,2,2,1,0,2,2,2
747,1,0,1,1,0,1,2,1,0,2,2,1,2,0,2,1,2,0,0,2,1,0,1,2,2,2,1,1,1,2,2,0,1,1,1,2,2,1,0,2,1
748,1,1,1,0,1,1,2,1,0,2,0,1,1,0,2,1,0,0,1,2,1,2,1,1,2,2,1,1,1,2,2,0,2,0,2,2,1,2,2,1,2
749,1,1,1,0,1,1,1,1,2,2,1,1,1,1,0,1,0,0,1,2,1,1,1,1,2,0,0,1,1,0,1,0,2,0,0,2,1,1,1,1,0
750,1,0,1,1,0,1,2,2,1,2,2,1,1,0,2,1,1,0,1,2,1,2,1,1,2,1,1,1,1,0,2,0,1,2,0,2,0,2,1,0,0
751,1,2,1,1,0,1,1,0,2,1,2,1,1,0,2,1,0,0,0,2,1,0,1,1,2,2,1,1,1,1,0,0,2,0,0,2,1,0,0,2,0
752,1,2,0,1,0,1,2,1,2,1,0,1,1,1,0,1,1,0,0,0,2,2,1,1,2,1,0,1,0,1,0,0,1,0,2,2,1,0,2,2,2
753,1,0,0,1,0,1,1,2,2,2,2,1,1,1,0,1,0,0,0,0,1,2,1,1,2,0,1,1,0,1,0,0,1,0,0,2,1,1,0,2,0
754,1,2,1,1,2,1,2,1,0,2,1,1,1,1,2,1,0,0,0,0,1,2,1,1,2,1,2,1,0,1,0,0,2,1,2,2,1,2,1,0,0
755,1,0,1,2,2,1,2,0,0,1,1,1,1,1,0,1,2,0,2,0,1,0,1,1,2,2,1,1,1,1,0,0,1,1,0,2,1,0,0,1,2
756,0,1,2,2,0,1,2,0,0,2,1,1,1,0,2,1,1,0,1,0,1,0,1,1,2,2,1,1,0,1,2,0,1,2,0,2,1,0,0,2,2
757,0,0,2,2,0,1,2,2,0,2,0,1,1,2,2,1,1,0,0,0,1,2,1,1,2,2,1,1,0,1,1,0,0,0,0,0,1,0,0,0,0
758,1,1,2,2,0,1,2,0,2,2,2,1,1,2,0,1,0,0,1,0,1,0,1,2,2,2,1,1,0,1,2,0,1,1,0,1,1,0,0,2,2
759,1,0,1,1,0,1,2,0,2,2,2,1,1,2,0,1,2,0,1,0,1,0,1,2,2,0,1,1,0,1,2,0,2,0,0,1,1,0,2,1,1
760,1,0,1,1,0,1,2,1,1,2,2,1,1,2,0,1,2,0,1,2,1,0,2,0,2,0,1,1,0,1,2,0,1,2,0,0,1,0,1,0,1
761,0,2,1,1,0,1,1,0,0,2,1,1,1,1,2,1,2,0,1,2,1,2,1,2,2,2,1,1,1,1,0,0,2,1,2,0,1,2,0,0,0
762,1,2,1,1,0,1,1,0,2,2,2,1,1,1,1,1,1,0,0,2,1,2,1,0,2,2,1,1,1,1,2,0,2,2,2,0,1,2,2,0,0
763,1,2,1,1,0,1,2,0,2,2,0,0,1,1,2,1,1,0,1,2,1,0,1,1,2,1,2,1,1,1,2,0,1,0,2,2,1,2,0,2,1
764,1,1,1,1,1,1,2,1,2,2,2,2,1,1,1,1,0,0,0,1,1,2,1,1,2,0,1,1,1,1,2,0,0,2,2,2,1,2,1,0,0
765,1,2,1,1,0,1,2,1,2,2,2,0,1,1,0,1,1,0,1,2,1,0,1,0,2,2,1,1,2,1,1,0,1,0,0,2,1,2,0,0,0
766,0,2,1,1,1,1,2,2,0,2,2,0,1,0,2,1,2,0,1,2,1,2,1,2,2,1,2,1,1,1,0,0,2,1,1,2,1,2,0,0,2
767,1,1,1,1,0,1,2,0,2,2,1,1,0,2,1,1,0,0,2,2,1,0,2,2,2,2,1,1,1,1,2,0,1,2,0,2,1,2,1,2,0
768,1,1,1,0,0,1,2,1,2,2,0,1,0,1,1,1,2,0,2,2,1,0,1,0,2,1,1,2,1,1,0,2,1,0,2,2,0,2,1,2,2
769,2,2,2,1,0,1,2,1,0,2,1,1,0,0,1,1,2,0,2,2,1,1,1,0,2,0,0,2,2,2,0,2,0,0,2,1,1,1,0,2,2
770,2,2,2,1,0,1,2,0,2,2,1,1,0,1,0,1,0,0,2,2,2,1,1,1,2,1,0,1,1,1,0,2,1,1,0,1,1,2,1,2,2
771,2,1,2,1,1,1,2,2,2,2,0,1,0,1,2,1,0,0,2,2,1,1,1,2,2,0,0,1,1,1,2,0,2,2,1,0,1,2,0,2,2
772,2,0,1,1,0,1,2,2,2,2,0,1,0,2,2,1,1,0,1,1,1,2,1,1,2,2,0,1,1,1,2,0,2,2,0,1,2,2,0,2,2
773,1,1,1,1,1,1,2,2,2,2,0,1,0,2,0,1,0,0,1,2,1,0,1,2,2,0,0,2,1,1,0,0,1,0,2,1,0,2,0,2,2
774,1,2,1,2,2,1,2,2,0,2,1,1,0,0,2,1,2,0,1,2,1,2,1,0,2,2,2,2,1,1,2,0,2,2,1,2,2,2,1,2,2
775,2,2,1,2,2,1,1,0,0,2,0,1,0,1,2,1,2,0,1,2,2,0,1,0,2,2,2,1,1,1,2,0,2,1,1,2,1,2,0,0,1
776,1,1,1,2,2,1,1,1,0,2,2,1,0,2,0,1,2,0,2,2,2,2,1,2,2,0,1,1,1,1,0,0,1,0,2,0,1,1,1,0,1
777,2,2,1,1,2,1,2,0,0,2,2,1,0,2,2,1,2,0,1,2,2,1,1,0,1,2,1,1,1,1,2,0,1,1,1,2,1,2,0,2,0
778,1,2,1,1,2,1,2,1,0,2,2,1,0,2,2,1,2,0,1,1,2,1,1,0,2,0,0,1,1,1,0,0,1,2,0,2,1,2,0,2,2
779,1,1,0,1,2,1,2,2,0,2,1,0,0,0,2,1,2,0,1,2,2,0,1,1,2,1,2,1,0,1,2,0,2,2,1,2,1,2,1,2,2
780,2,2,2,1,2,1,2,0,0,2,0,0,0,2,2,1,2,0,1,0,0,0,1,2,2,2,2,1,0,1,2,0,2,2,2,2,1,2,1,0,2
781,1,2,1,2,2,1,2,2,0,2,1,0,0,2,1,1,1,0,1,0,1,2,1,1,2,0,0,1,0,1,1,0,2,2,1,2,1,2,1,0,2
782,1,0,1,2,2,1,2,2,0,2,0,0,0,1,0,1,2,0,1,1,0,0,1,2,2,2,1,1,2,1,0,0,2,0,0,1,1,0,0,2,2
783,1,0,1,1,2,1,2,0,0,2,0,1,1,0,1,1,1,0,1,2,0,2,1,2,2,0,1,1,2,1,2,0,2,2,0,1,1,0,1,2,0
784,1,0,1,1,2,1,2,1,0,2,0,1,1,0,0,1,2,0,1,1,1,0,1,2,2,0,2,1,2,1,2,0,1,0,2,0,1,0,1,2,2
785,1,2,1,1,2,1,1,1,0,2,2,1,0,0,0,1,0,0,1,2,1,2,1,1,2,1,1,1,2,1,2,0,2,2,1,0,1,1,1,2,2
786,1,0,1,1,2,1,2,0,0,2,0,1,0,2,2,1,1,0,1,2,2,2,1,1,2,1,1,1,2,1,2,0,2,0,1,0,0,0,1,2,2
787,1,1,1,1,2,1,2,2,0,2,2,1,0,0,2,1,0,0,1,2,2,1,1,1,2,2,1,1,2,1,0,0,1,2,2,0,0,0,1,2,2
788,1,1,2,1,2,1,1,0,0,2,0,1,0,2,2,1,2,0,1,2,1,2,1,1,2,2,1,1,2,1,1,0,1,1,2,0,1,0,1,2,0
789,1,1,1,1,0,1,1,0,0,2,0,1,0,1,0,1,1,0,1,2,2,0,1,1,2,2,1,1,2,1,1,0,1,2,2,0,0,2,0,1,1
790,1,2,1,0,0,1,2,0,0,2,2,1,0,0,2,1,1,0,1,1,1,2,1,2,2,0,0,1,2,1,1,0,2,2,0,0,0,2,1,1,2
791,0,2,1,1,0,1,1,1,0,2,2,1,0,1,2,1,2,0,1,2,1,0,1,2,2,1,1,1,1,1,1,0,0,1,0,1,1,2,1,0,2
792,0,2,1,1,0,1,1,1,0,2,1,1,0,0,1,2,0,0,1,2,1,0,2,2,2,0,2,1,1,1,0,0,1,0,2,2,1,2,1,0,0
793,0,0,1,1,0,1,1,0,0,2,0,1,0,1,0,1,1,0,1,2,2,0,1,1,1,1,0,1,1,1,0,0,1,2,1,2,1,2,1,2,0
794,0,0,1,1,0,1,2,1,0,2,0,1,0,2,0,1,0,0,1,2,2,0,1,1,2,1,0,0,0,1,2,1,2,0,2,2,1,2,1,2,0
795,0,0,1,1,0,1,2,1,1,2,0,1,0,1,2,1,2,0,1,2,2,2,1,1,2,1,1,0,2,1,2,2,2,2,2,0,1,2,1,2,0
796,1,0,1,1,0,1,1,1,0,2,2,1,0,0,2,1,2,0,1,2,1,0,1,1,2,0,2,0,0,1,2,2,1,1,2,2,1,2,1,2,1
797,1,1,1,1,0,1,1,2,0,2,0,1,0,0,1,1,2,0,1,2,1,2,1,0,2,1,2,0,1,1,2,0,2,2,1,0,1,2,0,2,0
798,2,0,1,1,0,1,2,2,1,2,2,1,0,1,0,1,2,0,1,2,2,2,1,1,2,2,1,2,2,1,2,1,1,2,0,0,1,1,1,2,2
799,1,1,1,1,0,1,2,0,0,2,0,1,0,2,2,1,2,0,1,1,0,2,1,1,2,1,0,2,1,1,0,0,2,0,0,1,1,2,1,0,1
800,1,1,1,2,0,1,2,0,1,2,2,0,0,2,2,1,0,0,1,2,0,2,1,1,2,2,2,2,1,1,2,0,1,2,0,1,1,2,1,0,0
801,1,1,1,2,0,1,2,0,0,2,1,1,0,0,2,1,0,0,1,2,2,2,1,1,2,2,1,2,1,1,2,2,1,1,1,1,1,0,1,2,0
802,0,1,1,1,0,1,2,2,2,2,2,1,0,1,0,1,2,0,1,2,1,1,1,1,2,2,1,2,1,1,0,2,1,2,2,1,0,0,1,0,0
803,0,1,1,1,0,1,2,1,1,2,1,1,0,2,2,1,2,0,1,2,1,0,1,1,2,2,1,2,0,1,2,0,2,2,0,1,0,0,0,2,0
804,2,0,0,1,0,1,2,1,1,2,1,1,0,0,0,1,1,0,1,2,1,2,1,2,2,2,1,0,0,1,1,0,1,2,1,1,1,1,1,0,2
805,1,0,1,1,0,1,2,2,0,2,1,1,0,0,2,1,0,0,1,2,2,1,1,2,2,0,1,0,0,1,2,0,0,2,1,1,1,2,0,2,0
806,1,1,0,1,0,1,2,1,0,2,0,1,0,0,1,1,2,0,1,2,1,0,1,2,2,2,1,2,0,1,0,0,1,0,0,2,1,2,1,2,2
807,1,0,0,1,2,1,2,0,1,2,1,1,0,2,1,1,2,0,1,2,1,0,1,0,2,1,1,2,0,1,1,0,1,2,1,2,1,1,1,2,2
808,0,2,0,1,2,1,2,1,1,2,2,1,0,0,1,1,0,0,1,2,0,0,1,0,2,0,2,0,0,1,2,0,2,0,1,0,1,1,1,0,2
809,2,2,0,1,0,1,2,1,1,2,0,1,0,2,2,1,2,0,1,2,0,2,1,0,2,2,1,0,1,1,1,0,2,1,0,2,1,2,1,2,1
810,2,2,0,1,0,1,2,0,1,2,2,1,0,2,2,1,2,0,1,2,1,0,1,0,2,2,1,0,1,1,0,0,2,1,2,2,1,2,1,2,0
811,0,2,0,1,0,1,2,2,2,2,1,1,0,0,0,1,1,0,1,2,1,2,1,1,2,2,2,0,1,1,2,0,1,0,1,2,1,2,1,2,1
812,1,2,1,1,0,1,2,2,2,2,2,1,0,1,0,1,2,0,1,2,1,0,1,2,2,0,0,0,1,0,0,0,0,2,2,2,0,2,1,2,2
813,1,2,1,1,0,1,2,2,2,2,1,1,0,0,1,1,2,0,1,2,1,0,1,1,1,2,0,0,1,0,0,2,0,0,1,1,0,2,2,2,2
814,1,1,2,1,0,1,2,2,2,2,0,1,0,0,0,1,1,0,1,2,0,1,1,1,2,1,0,0,2,0,2,0,1,1,0,0,1,2,1,2,2
815,1,0,2,1,0,1,2,0,2,2,2,1,0,0,0,1,1,0,1,2,1,0,1,1,2,2,1,0,2,1,1,0,0,1,2,1,1,2,1,2,2
816,0,0,0,1,0,1,2,0,0,2,2,1,0,0,2,2,0,0,1,2,0,0,1,1,2,2,2,0,2,1,0,0,1,2,2,0,1,2,1,2,1
817,2,1,0,1,0,1,2,2,0,2,2,1,1,0,2,1,0,0,1,2,1,1,1,1,2,0,0,0,2,1,2,0,1,2,1,1,1,0,0,2,1
818,2,1,0,1,0,1,2,0,0,2,2,2,0,1,0,1,0,0,1,2,0,2,1,1,2,2,1,0,1,1,2,0,2,2,2,0,1,0,0,2,0
819,1,1,0,1,0,1,2,1,2,2,0,2,0,2,0,1,0,0,1,2,1,2,1,1,2,2,1,0,1,1,0,1,1,2,2,1,1,0,1,2,2
820,1,0,0,1,0,1,2,0,2,2,1,1,0,1,2,1,0,0,1,2,0,1,1,0,2,0,1,0,1,1,1,2,1,1,1,0,2,0,1,2,1
821,1,0,1,1,0,1,2,1,2,2,0,1,0,1,2,1,2,0,2,2,1,2,1,1,2,2,2,0,0,1,0,0,1,0,2,1,1,0,1,1,0
822,2,1,1,1,0,1,2,0,2,2,2,1,0,0,2,1,1,0,2,2,2,2,1,1,2,2,1,0,1,1,2,0,1,1,0,2,1,0,0,1,1
823,1,2,1,1,0,1,2,2,0,2,0,1,0,0,2,1,0,0,0,2,2,0,1,1,2,2,2,0,1,1,2,2,1,2,0,2,1,0,0,0,2
824,2,2,1,1,0,1,2,1,0,2,1,0,0,1,0,1,2,0,1,2,1,0,1,1,2,0,1,0,2,1,1,2,2,1,0,2,1,0,0,0,0
825,1,2,1,1,0,1,2,2,0,2,1,0,0,1,2,1,2,0,1,2,0,0,1,1,2,1,1,0,0,1,0,2,2,0,1,2,2,0,0,2,0
826,1,2,0,1,2,1,2,0,0,2,0,0,0,0,0,1,2,0,1,2,1,0,1,1,2,2,1,0,2,1,0,2,1,1,0,2,1,0,1,0,1
827,0,2,1,1,2,1,1,0,2,2,2,0,0,2,2,2,0,0,1,2,1,2,1,1,2,0,1,0,1,1,1,0,2,0,1,2,1,2,0,0,2
828,2,2,2,1,2,1,1,1,2,2,0,1,0,0,0,1,2,0,1,2,1,0,1,1,1,2,2,0,1,1,1,2,1,0,2,1,2,2,1,2,2
829,1,2,1,1,0,1,1,1,1,2,0,1,0,2,2,1,0,0,1,2,0,0,2,1,2,2,1,0,1,1,1,1,2,0,0,1,1,2,1,0,2
830,1,0,1,1,0,1,1,2,0,2,2,1,0,1,1,1,0,0,1,2,1,0,1,1,2,1,1,0,1,1,0,2,1,0,2,0,1,2,2,0,2
831,1,1,0,1,2,1,1,0,0,2,2,1,0,1,0,1,1,0,1,2,1,1,1,1,2,2,1,0,1,1,2,2,2,1,2,0,1,2,1,0,0
832,1,2,2,1,2,1,1,2,2,2,0,1,0,2,0,1,1,0,1,2,1,1,1,1,2,0,1,0,1,1,0,1,2,2,2,0,1,2,0,0,2
833,1,2,2,2,2,1,1,2,0,2,0,0,0,1,0,1,2,0,1,2,1,2,1,1,2,0,1,0,1,1,2,0,1,0,2,1,1,1,1,0,0
834,2,0,1,1,0,1,1,1,0,2,2,2,0,2,2,1,2,1,1,2,1,2,1,1,2,0,1,0,1,1,1,0,2,1,0,2,1,2,1,2,0
835,2,1,2,1,2,1,1,0,0,2,0,0,0,1,0,1,0,0,1,2,1,1,1,1,2,2,1,0,1,1,0,2,1,0,1,0,1,0,1,0,0
836,2,0,1,1,0,1,1,2,0,2,2,1,0,2,2,1,0,0,1,2,1,0,1,1,2,0,0,0,1,1,0,2,1,2,0,2,1,0,1,0,0
837,2,0,1,2,0,1,1,2,1,2,2,1,0,0,0,1,0,0,1,2,1,0,1,1,2,1,2,0,1,1,0,2,1,2,0,0,1,0,1,0,0
838,1,1,1,2,0,1,2,0,0,2,2,1,0,2,0,1,2,0,1,2,1,2,1,1,0,2,1,0,1,1,2,0,2,2,0,0,1,0,1,0,0
839,1,2,1,1,0,1,2,0,0,2,2,1,0,0,2,1,2,1,1,2,2,0,1,1,2,2,0,0,1,1,2,0,1,1,1,2,2,0,0,0,0
840,0,0,1,1,0,1,2,0,0,2,0,2,0,0,2,1,2,1,1,2,0,2,1,0,2,2,0,0,1,1,0,2,2,1,0,2,1,0,0,0,2
841,0,1,1,1,0,1,2,1,0,2,2,2,0,2,0,1,2,1,1,2,1,0,1,0,2,1,0,0,1,1,2,0,2,2,0,2,1,0,1,2,1
842,1,0,0,1,0,1,2,2,0,2,1,0,0,2,2,1,0,1,1,1,1,1,1,0,2,0,1,0,1,1,0,0,2,0,0,2,1,0,1,0,0
843,2,2,1,1,0,1,1,0,0,2,0,0,0,2,0,1,1,1,1,2,1,2,2,0,2,0,1,0,1,1,2,2,2,2,0,2,1,0,1,0,2
844,1,2,0,1,0,1,1,0,1,2,0,1,0,1,2,1,2,1,1,1,2,2,1,0,1,2,0,0,1,1,0,0,1,2,1,2,1,0,0,0,2
845,1,2,1,1,0,1,1,0,1,2,0,1,0,0,2,1,1,1,1,1,1,1,2,1,2,0,0,0,1,1,2,0,1,2,1,2,2,0,0,0,2
846,2,1,1,1,0,1,2,2,0,2,2,1,0,2,1,1,2,0,1,2,1,1,1,1,2,2,1,0,2,1,0,0,1,0,1,2,1,0,1,2,0
847,0,0,1,1,2,1,2,0,0,2,0,0,0,0,2,1,2,0,1,2,1,0,0,1,1,1,1,1,0,1,0,0,0,0,1,1,1,0,1,0,2
848,2,2,2,1,0,1,2,1,0,2,1,1,0,0,1,1,1,0,2,2,1,2,1,0,2,1,2,1,0,1,2,0,2,2,0,0,1,0,1,0,2
849,1,1,1,1,0,1,1,0,2,2,1,1,0,2,2,1,0,0,1,1,1,0,1,1,1,1,1,1,0,1,2,0,0,0,2,1,1,0,2,0,0
850,1,1,1,1,0,1,2,0,2,2,2,1,1,2,0,1,2,0,1,2,2,0,1,1,2,2,0,2,1,1,0,0,1,2,2,1,0,0,0,0,0
851,1,0,0,1,1,1,2,2,2,2,1,1,1,2,0,1,0,0,0,2,1,0,1,1,2,0,1,1,1,1,0,0,1,0,2,0,1,0,0,0,2
852,0,0,1,1,0,0,2,0,2,2,2,1,1,2,2,1,2,0,0,2,1,2,0,1,1,2,1,1,1,1,0,2,1,0,0,0,1,0,0,0,2
853,0,2,1,1,0,0,2,1,1,2,2,1,1,1,0,1,0,0,0,2,1,0,0,1,2,1,2,1,1,1,0,0,1,2,0,1,1,0,0,0,2
854,0,1,1,1,0,0,2,0,2,2,0,1,1,2,2,1,0,0,1,1,1,2,0,1,2,2,1,1,1,1,2,0,0,1,2,0,1,0,0,2,0
855,2,0,1,1,0,0,2,2,2,2,0,1,1,0,1,1,2,1,1,2,1,0,0,1,1,0,2,0,1,1,2,0,1,1,0,0,1,0,0,2,1
856,1,0,1,0,0,0,2,0,2,2,0,1,1,1,2,1,0,1,1,2,1,1,1,1,1,1,1,1,1,1,0,0,2,1,0,1,1,0,0,0,0
857,1,0,1,0,0,0,2,1,2,2,2,1,1,2,2,1,1,1,1,2,1,1,0,1,2,0,1,1,0,0,2,0,1,0,2,2,1,0,2,1,1
858,2,0,1,0,0,0,2,0,0,2,1,1,1,2,2,1,1,1,1,2,1,2,1,1,2,1,0,1,0,0,0,0,1,0,2,1,1,0,0,1,0
859,2,0,1,0,0,0,2,2,2,2,2,1,0,0,0,1,2,1,1,2,2,2,1,1,2,2,1,0,0,0,1,0,1,0,2,0,1,1,1,0,1
860,1,0,1,0,0,0,2,0,1,2,1,1,0,2,0,1,2,1,1,2,2,0,0,1,2,2,1,0,0,0,0,2,1,1,1,1,1,2,0,1,0
861,1,0,0,0,0,0,2,2,2,2,0,0,0,0,2,1,1,1,1,2,0,0,2,1,2,1,1,0,1,0,2,0,1,0,2,0,1,1,1,2,2
862,1,0,1,0,0,0,2,2,2,2,2,0,0,2,1,1,0,1,0,1,0,0,2,1,2,0,2,0,1,0,2,0,1,0,1,2,1,0,2,0,0
863,0,2,0,1,0,0,2,0,1,2,0,0,0,1,2,1,0,1,0,2,0,2,1,2,2,0,2,1,1,0,2,0,2,2,1,2,1,2,2,0,0
864,0,0,1,1,0,0,2,1,0,2,0,1,0,2,0,1,0,1,0,2,0,2,1,0,2,2,2,1,0,0,2,0,1,0,0,2,1,2,1,1,1
865,0,0,0,1,0,0,2,0,0,2,0,1,0,0,2,1,2,1,0,1,1,2,1,0,1,0,1,1,1,1,0,0,0,1,0,2,1,2,0,1,2
866,0,1,0,1,0,1,2,0,2,2,2,1,1,2,2,1,0,1,0,1,1,0,1,2,2,2,1,1,1,1,0,0,1,2,0,1,1,1,1,0,0
867,2,2,0,1,0,1,2,0,2,2,2,1,1,0,1,1,0,1,0,2,1,0,1,1,2,0,1,1,1,1,0,2,2,1,0,0,1,0,0,2,2
868,1,2,0,1,2,1,2,0,2,2,0,1,1,2,2,1,2,1,0,2,1,2,1,2,2,0,1,1,1,1,2,0,1,0,2,1,1,2,1,2,2
869,1,2,0,1,2,1,2,0,2,2,2,1,0,2,0,1,0,1,0,1,1,2,1,1,2,0,1,1,1,1,2,0,1,0,0,1,1,1,0,1,0
870,1,2,0,1,2,1,2,2,0,2,1,1,0,0,0,1,2,1,0,2,1,0,2,2,2,1,1,1,1,1,2,0,0,0,1,0,1,2,0,0,1
871,1,0,0,1,2,1,2,2,2,2,1,1,0,1,2,1,1,1,0,2,1,0,1,0,2,2,1,1,1,1,1,0,2,0,1,0,1,2,0,2,2
872,1,1,0,1,2,1,1,2,2,2,2,1,0,1,2,1,2,1,0,2,1,2,1,0,0,0,0,1,0,1,2,2,1,2,2,1,1,2,0,0,0
873,0,1,0,1,2,1,1,0,2,2,2,1,0,0,0,1,1,1,0,2,2,0,1,0,2,2,1,1,1,1,0,0,2,0,0,0,1,2,0,2,2
874,1,0,0,1,2,1,1,2,2,2,2,1,1,0,2,1,0,1,0,1,0,0,1,1,2,2,1,1,1,1,0,0,2,0,2,0,1,2,1,2,0
875,1,0,0,1,2,1,1,2,0,2,2,1,1,1,0,1,2,1,0,2,2,2,1,1,2,2,1,1,1,1,0,0,0,1,2,2,1,0,0,0,2
876,1,1,0,1,0,1,1,0,1,2,2,1,1,1,0,1,2,1,2,1,2,1,1,1,2,2,1,1,1,1,2,0,1,2,2,2,1,2,0,2,2
877,1,1,0,1,0,1,1,0,0,2,2,1,1,2,0,1,1,1,1,2,2,2,0,0,2,0,2,1,1,1,1,0,1,1,1,2,0,2,0,0,0
878,2,1,0,1,0,1,1,2,1,2,2,1,0,0,1,1,0,1,1,1,2,1,1,1,2,2,0,1,1,1,0,0,1,0,0,2,1,1,0,2,0
879,1,1,0,1,0,1,1,1,2,2,2,1,0,0,2,1,2,1,0,2,2,0,1,2,2,2,1,1,1,1,0,0,2,1,1,1,1,2,0,2,0
880,2,0,0,1,0,1,1,1,2,2,0,1,0,2,0,1,0,1,2,2,2,1,1,2,2,0,1,1,0,1,0,0,0,1,2,0,1,2,1,2,1
881,1,1,2,1,0,1,1,1,2,2,2,1,0,1,0,1,2,1,2,2,1,1,1,0,2,1,1,1,1,0,1,0,2,2,0,2,1,2,1,2,1
882,1,0,1,1,0,1,1,2,2,2,1,1,0,1,2,1,0,1,2,2,1,0,0,1,2,2,0,1,0,0,2,0,1,2,2,2,1,2,1,2,2
883,1,2,1,1,0,1,1,2,2,2,2,1,0,2,0,1,2,1,1,2,1,0,1,1,2,0,1,1,2,1,2,0,2,1,2,2,1,0,1,2,2
884,2,2,1,1,0,1,1,2,2,2,1,1,0,1,0,1,2,1,1,2,1,0,2,1,2,1,1,1,2,1,2,0,2,0,2,2,0,0,1,2,2
885,2,2,1,1,0,1,1,1,2,2,1,1,0,0,0,1,0,1,1,2,0,2,2,1,2,1,1,1,2,1,0,0,1,2,1,2,1,0,1,2,0
886,0,2,1,1,0,1,1,2,2,2,2,1,1,0,1,1,2,1,1,2,0,2,1,1,2,1,1,1,2,1,2,0,1,0,0,2,1,2,1,0,2
887,1,2,1,1,0,1,1,2,2,2,2,1,0,2,2,1,0,1,2,1,0,2,1,1,2,1,1,1,2,2,0,0,2,2,0,2,0,0,1,1,1
888,1,2,1,1,0,1,1,2,1,2,2,1,0,0,2,1,0,1,1,2,0,2,1,1,2,0,2,1,1,2,2,0,1,2,0,1,1,0,1,2,0
889,1,0,1,1,0,1,1,2,0,2,0,1,0,0,2,1,0,1,1,2,1,0,2,0,2,0,1,1,1,2,0,0,0,1,1,0,1,0,1,0,2
890,1,0,1,1,0,1,1,0,0,2,1,1,0,1,0,1,2,1,2,2,0,2,1,1,1,1,2,1,1,2,2,0,1,0,2,2,1,0,1,1,0
891,1,0,1,1,0,1,1,0,2,2,1,1,0,2,1,1,2,1,1,2,0,2,1,1,1,0,1,1,1,1,1,0,0,1,2,2,1,0,0,0,0
892,1,0,1,1,0,1,1,2,2,2,0,1,0,0,0,1,1,1,1,2,0,2,1,1,2,1,2,1,1,1,1,0,2,2,1,2,2,2,1,2,1
893,1,0,1,1,0,1,1,0,1,2,0,1,0,0,2,1,1,1,1,2,2,0,2,1,2,2,0,1,1,1,0,0,0,2,2,2,1,2,1,2,1
894,1,0,1,1,0,1,1,0,0,2,1,1,0,0,1,1,2,1,1,2,0,0,2,1,2,2,1,1,1,1,1,0,1,1,2,2,1,2,1,2,2
895,1,0,1,1,2,1,1,1,1,2,2,0,0,0,0,1,0,1,1,2,1,2,1,0,2,1,0,1,1,1,2,2,2,0,0,2,1,2,1,2,0
896,1,0,1,1,0,1,1,0,0,2,2,1,0,1,2,1,2,1,1,2,0,2,1,1,2,0,1,1,1,1,0,2,1,2,2,2,0,2,0,2,0
897,2,0,1,1,0,1,1,0,1,2,0,1,0,2,0,1,0,1,1,2,2,2,1,2,2,2,1,1,1,1,0,0,1,2,1,2,1,2,0,2,0
898,1,2,1,1,2,1,1,1,2,2,0,1,0,2,2,1,0,1,1,1,2,2,1,1,1,0,1,1,1,1,2,2,0,2,0,2,1,1,1,2,0
899,1,0,1,1,2,1,1,2,2,2,0,1,0,2,2,1,0,1,1,2,1,0,1,1,2,0,1,1,1,1,0,0,1,0,2,2,2,2,0,2,0
900,1,1,1,1,2,1,1,2,2,2,1,1,0,0,0,1,2,1,1,2,2,0,1,1,1,2,0,1,0,1,2,1,1,0,0,0,1,2,0,0,0
901,1,2,1,1,1,1,1,2,2,2,0,1,0,2,1,1,0,1,1,1,0,2,1,1,2,1,0,1,2,1,0,2,1,0,0,1,1,2,0,2,1
902,0,1,1,1,2,1,1,0,0,2,2,1,1,0,0,1,1,1,1,2,0,2,1,1,2,2,2,1,2,1,2,1,1,0,0,0,1,0,0,2,0
903,0,2,1,1,0,1,1,0,0,2,0,1,1,2,2,1,1,1,1,2,1,0,1,1,1,2,1,1,0,1,2,0,1,2,2,0,1,0,1,0,1
904,1,2,1,1,0,1,1,0,0,2,2,1,1,2,2,1,2,1,1,2,0,2,2,1,1,0,2,1,0,1,2,0,1,2,2,0,1,0,0,2,1
905,1,0,1,1,0,1,1,0,0,2,2,1,1,1,2,1,2,1,1,1,0,2,2,1,2,0,1,1,0,0,2,0,2,1,0,0,1,0,0,2,2
906,1,2,1,1,0,1,1,0,0,2,1,1,1,1,1,1,2,1,1,2,1,2,1,1,2,1,1,1,0,1,0,1,1,2,1,0,1,0,0,2,2
907,1,0,1,1,0,1,1,1,2,2,1,1,1,1,2,1,0,0,1,1,1,1,1,1,2,2,1,1,2,1,0,0,2,2,2,2,1,0,1,0,2
908,1,2,1,1,0,1,1,2,2,2,1,1,1,0,0,1,0,0,1,0,1,2,1,1,2,0,1,1,2,1,1,0,1,2,0,2,1,0,0,0,1
909,1,0,1,1,0,1,1,2,2,2,1,1,1,0,2,1,0,1,1,0,1,0,1,1,2,1,1,1,2,1,2,0,1,1,2,2,0,2,0,0,1
910,1,2,1,1,0,1,1,1,2,2,2,1,1,2,0,1,2,1,1,0,1,2,2,1,0,1,1,1,2,1,0,2,2,2,0,2,2,2,0,1,0
911,1,2,1,1,0,1,1,0,2,2,1,1,1,1,1,1,0,1,1,0,1,0,2,1,2,1,0,1,2,1,0,0,1,0,1,1,1,1,0,0,0
912,1,2,1,1,2,1,1,0,2,2,2,1,1,1,2,1,0,1,1,0,1,2,1,1,2,2,1,1,2,1,0,2,0,0,1,0,1,2,0,2,0
913,1,2,1,1,0,1,1,1,2,2,2,1,1,2,1,1,0,1,1,0,1,0,1,1,2,2,1,1,1,1,0,1,2,2,2,1,1,2,1,0,0
914,1,2,1,1,2,1,1,2,2,2,2,1,0,0,2,1,0,1,1,0,1,0,1,0,1,1,0,1,1,1,0,0,1,2,0,0,1,0,0,2,0
915,1,1,1,1,0,1,1,0,2,2,2,1,0,2,2,1,0,1,1,0,1,0,2,1,1,1,2,1,0,1,0,0,0,0,2,1,1,0,0,2,1
916,1,1,1,1,0,1,1,2,1,2,1,1,1,0,2,1,2,1,1,0,1,0,2,2,2,2,1,1,0,2,0,2,2,2,1,0,1,2,1,2,0
917,0,1,1,1,0,1,1,1,1,2,2,1,0,0,2,1,2,1,1,0,1,2,1,1,2,2,0,2,1,2,2,2,1,2,2,1,0,1,1,2,2
918,0,2,1,1,2,1,1,2,1,2,2,1,0,1,2,1,1,1,1,0,2,2,1,1,2,0,1,1,1,2,2,2,1,2,2,0,1,2,1,0,1
919,2,2,1,1,0,1,1,0,2,2,0,1,0,0,0,1,0,1,1,0,2,0,1,2,1,0,1,1,1,1,0,1,1,0,2,1,1,0,0,2,1
920,1,1,1,1,0,1,1,0,2,2,0,1,0,0,0,1,1,1,1,0,2,0,1,2,2,2,0,1,2,1,0,1,2,1,1,0,1,2,0,2,2
921,2,0,1,1,0,1,1,0,1,2,2,0,0,1,2,1,1,1,1,0,1,1,2,1,2,2,0,1,1,1,1,1,2,2,0,1,0,0,1,0,0
922,1,2,1,0,2,1,1,0,1,2,1,1,0,0,1,1,0,1,0,0,0,1,1,1,2,2,0,1,1,1,2,0,1,0,0,0,1,1,2,2,1
923,1,0,1,1,0,1,1,2,0,2,2,1,0,1,2,1,1,1,1,1,1,1,2,1,2,2,0,1,1,0,0,0,2,1,1,0,1,0,0,2,0
924,0,0,1,1,2,1,1,0,0,2,1,1,0,2,2,1,1,1,1,2,1,2,2,2,1,0,1,1,1,2,2,1,2,0,1,2,0,1,0,2,0
925,1,1,1,1,0,1,1,1,0,2,1,1,0,2,0,1,1,1,1,2,1,2,2,1,2,0,1,1,1,2,2,2,1,1,2,2,1,2,0,2,0
926,2,1,1,1,0,1,1,0,0,2,0,1,1,0,2,1,1,1,2,2,1,2,2,2,2,0,2,1,1,2,1,0,1,2,1,0,1,1,0,2,2
927,0,2,1,1,2,1,1,1,2,2,2,1,1,1,1,1,1,1,2,2,1,0,1,1,2,2,1,1,1,2,2,0,1,0,2,2,1,2,1,2,2
928,1,1,0,1,0,1,1,0,0,2,0,1,1,2,0,1,0,1,0,2,0,0,1,1,2,0,1,1,1,1,0,0,1,2,0,2,1,2,1,2,0
929,1,2,0,1,0,1,1,1,2,2,1,1,1,1,0,1,0,1,1,2,2,0,1,1,2,2,1,1,0,1,2,2,1,0,0,2,1,1,1,0,0
930,0,1,0,1,2,1,1,0,0,2,2,1,0,2,2,1,0,1,1,2,1,2,1,1,2,2,1,2,1,1,0,2,1,0,2,2,1,0,0,0,0
931,1,1,0,1,2,1,1,2,0,1,2,1,1,1,0,1,0,1,1,2,1,1,1,1,2,1,0,1,1,1,0,0,1,2,0,2,1,2,0,2,2
932,1,0,0,1,0,1,1,1,0,2,0,1,1,2,0,1,0,1,1,2,0,0,0,1,1,2,1,1,1,1,0,0,0,2,0,2,1,1,0,1,0
933,1,1,0,1,2,1,1,2,1,2,0,1,1,1,0,1,1,1,0,2,0,1,0,2,2,1,1,1,1,1,2,0,0,0,2,0,1,0,0,2,1
934,1,1,1,1,0,1,1,1,0,2,2,1,1,1,2,1,2,1,1,1,1,0,1,1,2,2,1,1,1,1,0,0,2,2,2,0,1,2,0,2,2
935,1,2,1,1,0,1,1,2,0,2,1,1,1,1,2,1,0,1,1,2,1,1,1,1,2,0,1,1,1,1,0,0,0,2,2,1,1,2,1,2,2
936,2,1,1,1,0,1,1,0,2,2,0,1,1,2,0,1,0,1,1,2,0,0,1,0,2,1,2,1,2,1,2,0,1,1,2,1,1,2,0,0,0
937,2,2,1,1,0,1,1,0,2,2,2,1,2,0,2,2,0,1,1,2,1,1,1,2,2,0,1,1,2,1,0,0,0,2,2,1,1,0,1,1,1
938,1,2,1,1,0,1,1,2,2,2,0,1,2,0,2,1,1,1,1,2,0,0,1,0,1,2,1,1,2,1,2,2,2,2,1,1,0,0,1,2,1
939,1,1,0,1,0,1,1,0,0,2,0,1,2,1,2,1,2,1,1,2,2,2,1,0,2,1,2,1,1,1,0,2,2,0,1,0,1,1,1,2,2
940,1,2,1,1,0,1,1,1,0,2,2,1,1,1,2,1,1,1,1,2,0,2,1,0,1,0,2,1,1,1,0,0,0,0,1,0,1,1,1,0,2
941,1,2,1,1,0,1,1,2,1,2,0,1,1,0,0,1,0,1,1,1,2,1,1,0,1,1,1,1,1,1,2,0,0,2,0,0,1,0,1,2,0
942,1,1,1,1,0,1,1,0,1,2,1,1,1,2,2,1,2,1,1,2,2,0,1,1,1,0,2,1,1,1,2,0,0,0,1,0,1,0,1,2,2
943,1,1,1,1,0,1,1,1,2,2,0,1,1,2,0,1,2,1,2,2,2,0,1,1,2,2,2,1,0,1,2,0,0,0,1,1,1,2,1,2,2
944,2,2,1,1,1,1,1,0,2,2,2,1,1,1,1,1,2,1,2,2,1,2,1,1,2,1,1,1,1,2,2,0,1,2,2,0,1,2,1,1,1
945,1,1,1,2,0,1,1,0,2,2,1,1,2,2,1,1,2,1,2,2,2,0,1,1,2,1,1,1,1,2,2,0,2,2,0,0,1,1,1,0,2
946,1,2,2,2,2,1,1,2,2,2,2,1,0,1,0,1,2,1,1,2,1,0,1,1,2,2,1,1,1,2,0,0,2,1,0,2,0,2,1,2,0
947,1,0,2,0,2,1,1,0,0,2,0,1,2,2,2,1,2,1,1,2,1,0,1,1,2,2,1,1,1,2,0,0,1,0,0,2,2,0,0,1,0
948,1,2,2,1,0,1,1,0,1,2,0,1,2,0,2,1,1,1,2,2,1,2,1,1,2,0,2,1,1,2,2,2,1,2,0,2,1,0,1,0,2
949,1,2,2,1,0,1,1,2,0,2,0,1,2,0,2,1,2,1,2,2,1,0,1,1,2,1,2,2,1,2,2,0,2,0,0,2,1,2,1,0,0
950,1,2,1,0,0,1,1,0,0,2,0,2,2,2,2,1,0,1,1,2,0,2,1,1,2,2,0,2,2,2,0,0,1,2,1,2,1,1,1,0,2
951,1,2,1,2,0,1,1,1,1,2,2,0,2,0,2,1,0,1,0,2,1,2,1,2,2,2,0,2,2,2,2,0,2,1,2,2,1,0,1,2,1
952,2,0,1,2,0,1,1,0,1,2,0,1,2,1,0,1,0,1,0,2,2,1,1,0,2,2,1,2,2,2,0,0,2,1,0,2,1,2,1,2,0
953,1,2,1,2,0,1,1,0,2,2,2,1,2,0,0,1,1,1,0,1,1,2,1,1,2,1,1,2,2,2,0,0,1,1,2,2,1,0,1,2,1
954,0,2,1,2,2,1,1,2,1,2,2,1,2,1,1,1,1,1,0,2,1,0,1,1,2,0,1,2,2,1,2,0,0,1,2,2,0,0,1,0,0
955,1,0,1,1,0,1,1,0,2,2,1,1,2,1,2,1,0,1,2,2,2,2,1,1,2,1,1,0,2,1,1,0,2,0,2,2,1,2,1,2,0
956,1,2,1,1,0,1,1,2,2,2,1,1,1,2,0,1,2,1,2,2,2,0,1,1,2,2,1,0,2,1,0,0,2,2,0,2,1,1,1,1,0
957,2,0,1,1,0,1,1,0,2,2,2,1,2,1,2,1,2,0,1,2,1,2,0,1,2,2,1,0,2,1,2,1,2,2,0,2,1,1,0,0,2
958,2,2,0,1,0,1,1,0,2,2,0,1,2,1,0,1,0,0,2,2,1,2,0,0,2,2,1,0,2,1,0,0,1,2,0,2,1,0,0,1,2
959,1,2,1,1,0,1,1,0,0,2,2,1,1,2,2,1,2,0,1,2,1,1,0,0,2,2,1,0,2,1,0,2,2,0,2,2,1,1,0,0,2
960,2,2,1,1,0,1,1,1,2,2,2,1,2,1,2,1,2,0,1,2,1,0,0,0,2,0,0,0,2,1,2,2,1,0,2,2,1,1,0,0,1
961,1,2,2,1,2,1,1,2,2,2,2,1,2,0,2,1,0,0,1,2,1,0,1,0,2,1,1,0,2,1,0,2,2,2,2,2,1,2,1,1,1
962,1,2,2,1,0,1,1,0,1,2,1,1,1,1,2,1,0,0,1,2,1,0,1,0,2,1,1,0,2,1,0,2,1,2,0,2,1,2,0,0,0
963,1,1,1,1,2,1,1,0,0,2,1,1,1,2,2,1,0,0,1,2,1,2,1,0,2,2,1,0,2,1,0,2,2,2,2,2,1,0,0,1,1
964,1,2,2,1,2,1,1,2,2,2,2,1,1,0,0,1,0,0,0,0,1,1,1,2,2,2,1,0,1,1,2,2,1,1,2,2,1,0,0,0,1
965,2,1,1,1,2,1,1,1,1,2,0,1,1,2,2,1,0,0,1,0,1,2,1,1,2,2,1,0,1,1,2,2,2,2,0,0,2,0,0,2,1
966,1,0,1,1,2,1,1,0,0,2,2,1,1,0,0,1,1,0,1,0,2,2,1,0,2,1,1,0,1,1,2,2,1,0,0,0,1,0,0,2,0
967,0,2,1,2,2,1,1,1,0,2,1,1,1,2,2,1,0,0,1,0,1,2,1,2,2,2,1,0,1,1,2,2,1,0,2,0,1,0,1,2,0
968,1,0,1,1,1,1,1,1,0,2,2,1,1,1,0,1,2,0,2,0,1,2,1,1,2,2,1,0,1,1,2,2,2,2,0,0,1,2,1,2,0
969,0,0,1,2,1,1,1,0,0,2,1,1,0,2,2,2,2,0,2,0,1,2,1,2,2,1,1,0,1,1,1,2,2,0,2,0,1,0,1,2,0
970,1,0,1,1,2,1,1,2,2,2,0,1,0,2,2,1,0,0,1,0,1,2,1,2,2,1,0,0,1,1,1,2,1,1,2,0,1,2,0,2,0
971,1,0,2,1,2,1,1,2,2,2,0,1,0,1,1,1,1,0,1,0,1,0,1,1,2,2,1,2,1,1,2,2,0,2,2,0,1,2,0,2,1
972,0,2,1,2,1,1,1,1,2,2,2,1,0,0,2,1,2,0,1,0,1,1,1,2,2,0,0,0,1,1,1,1,1,0,2,1,1,2,0,0,0
973,1,2,1,1,1,1,1,0,2,2,0,1,0,0,2,2,1,0,1,0,1,2,1,1,2,0,1,0,1,1,2,0,1,1,0,0,2,1,2,2,1
974,1,2,1,1,2,1,1,1,1,2,1,1,0,2,2,1,2,0,1,0,1,2,1,1,2,1,1,0,1,1,0,0,2,2,1,1,1,2,0,2,2
975,1,0,1,1,2,1,1,2,2,2,1,1,1,2,2,1,0,0,0,0,1,2,1,1,2,1,0,0,1,1,0,0,1,0,0,0,0,0,0,2,1
976,0,0,1,1,2,1,1,2,0,2,0,1,0,1,2,1,2,0,0,0,1,1,1,2,2,0,0,1,1,1,0,0,1,1,2,0,1,2,0,2,2
977,0,2,1,1,2,1,1,2,0,2,1,1,0,2,1,1,2,0,1,0,1,1,1,1,2,1,1,2,1,1,2,2,0,0,2,0,0,0,0,2,2
978,0,0,1,1,2,1,1,2,0,2,1,1,0,1,2,1,2,0,1,0,1,0,1,1,2,0,2,2,1,1,2,2,1,2,1,2,1,2,1,2,0
979,0,0,2,1,0,1,1,0,2,2,0,2,0,2,2,1,0,0,2,0,1,0,1,2,2,0,1,2,1,1,1,0,1,0,2,2,1,0,0,2,2
980,1,1,2,1,0,1,1,1,1,2,0,2,0,2,2,1,1,0,1,0,2,2,1,1,2,2,1,2,1,1,0,1,1,0,2,2,1,2,1,2,2
981,1,2,2,1,2,1,1,2,2,2,1,1,0,0,0,1,2,0,0,0,2,2,1,1,2,2,1,2,0,1,0,0,1,1,2,1,1,1,0,2,0
982,1,2,2,1,2,1,1,2,2,1,1,1,0,2,1,1,2,0,0,2,2,2,1,1,2,1,1,2,2,1,2,0,2,2,1,0,2,2,0,2,2
983,1,1,2,1,2,1,1,0,0,2,2,1,0,0,2,1,0,0,0,2,2,0,1,1,2,1,0,2,0,1,0,2,1,2,2,1,1,1,0,0,2
984,0,0,1,1,1,1,1,1,0,2,0,2,1,2,0,1,2,0,0,2,0,2,1,1,2,1,1,2,1,1,2,0,1,1,2,0,1,0,1,2,0
985,0,0,2,1,1,1,1,1,0,2,1,2,1,1,1,1,0,0,0,2,1,1,1,2,1,2,1,2,2,1,2,2,2,1,2,0,1,2,1,2,0
986,1,0,0,1,2,1,1,2,1,2,0,2,1,0,0,1,1,0,0,2,0,2,2,0,2,2,1,2,1,1,2,0,1,2,2,0,2,1,0,2,0
987,1,0,0,1,1,1,1,2,0,2,0,2,0,2,0,1,1,0,1,2,0,0,1,1,2,2,2,2,1,1,2,1,1,2,0,1,1,1,1,2,1
988,1,0,2,2,0,1,1,0,1,2,0,2,0,1,0,1,2,0,1,2,0,2,1,0,2,2,0,2,0,1,2,0,2,2,2,2,1,2,1,0,0
989,1,1,1,2,0,1,1,1,1,2,1,2,0,0,0,1,0,0,1,2,1,2,1,0,2,0,1,1,0,1,0,1,1,0,1,2,1,1,1,2,1
990,2,2,1,2,0,1,1,0,2,2,0,2,0,0,0,1,2,0,0,2,1,0,1,0,2,1,2,1,1,1,2,1,2,1,2,2,1,0,0,2,1
991,2,0,1,2,0,1,1,1,2,2,2,2,0,2,0,1,2,0,1,2,1,2,1,0,2,1,2,1,0,2,2,0,2,2,0,2,1,0,0,1,2
992,2,0,0,1,0,1,1,2,2,2,1,2,0,0,2,1,1,0,0,2,0,2,2,1,2,2,1,1,0,1,2,0,1,0,2,2,1,2,0,2,2
993,1,2,1,1,0,1,1,0,2,2,0,2,0,2,1,1,2,0,0,2,1,2,1,2,1,1,1,1,1,1,2,0,0,2,0,0,1,1,0,2,0
994,1,2,1,0,0,1,1,0,0,2,1,2,0,0,2,1,2,0,1,2,1,0,2,2,2,1,2,1,0,1,2,0,2,1,2,0,1,2,1,2,2
995,1,2,1,1,1,1,1,1,0,2,0,2,0,1,0,1,0,0,1,2,1,0,2,2,2,2,1,1,0,1,0,2,1,2,2,0,1,1,1,2,0
996,1,2,1,2,0,1,1,0,2,2,0,2,0,0,0,1,2,0,1,2,1,0,1,1,2,2,1,1,0,1,2,2,1,0,0,2,1,2,0,2,2
997,1,0,1,2,1,1,1,0,0,2,0,2,0,2,2,1,2,0,1,2,1,0,1,1,2,1,1,1,0,1,2,0,2,0,1,2,1,1,1,2,0
998,1,0,2,2,0,1,1,0,2,2,1,2,0,2,0,1,2,0,1,2,1,0,1,1,2,2,1,1,0,1,1,2,1,0,1,2,1,0,0,0,0
999,1,2,2,0,1,1,1,2,2,2,2,2,0,1,2,1,1,0,1,2,1,1,1,1,2,1,1,1,0,1,2,0,1,0,0,2,1,2,0,0,2
1000,1,2,2,0,0,1,1,1,2,2,2,2,0,2,2,1,1,0,0,2,1,0,1,1,1,2,1,1,0,1,0,2,1,2,0,2,1,0,1,0,0
