,Residues,psi,phi,chi1,chi2,chi3,chi4,NET_ENTROPY
0,1,0.9989047442823606,0.9950348621919014,1.0921131972035565,1.2640739280809095,1.2491789982728458,0.0,2.8257627612045204
1,2,0.3656626313900548,-0.0,0.6774914217564278,0.6796835081777326,0.0,0.0,1.5397302750226085
2,3,0.3876520033213967,0.10000094301032347,1.5497526194781135,0.0,0.0,0.0,1.3146650247288756
3,4,0.2776328712627767,0.16321735504936,0.8870185110410187,0.48880833020087844,1.5528991085214203,0.0,1.4970022844221684
4,5,0.9638975795877103,-0.0,0.1335107028102362,0.8721997427835948,0.4587246081990833,1.3460257546707215,1.1385112958446717
5,6,0.13568039348888394,0.06012244887863518,1.065461798361115,0.0,0.0,0.0,1.1837727478063518
6,7,-0.0,-0.0,-0.0,-0.0,0.0,0.0,0.0
7,8,0.08072690128286325,-0.0,0.7490988970239851,0.4897345714503693,1.1616381060134424,0.5634523716973747,1.1077653452749359
8,9,0.3840399204881714,-0.0,0.38569390690468913,0.9167778555333006,1.4300571142626006,0.0,1.9957116604983691
9,10,0.6339270290791961,-0.0,0.7194816227500858,0.8420331545837461,0.6815494799399605,1.5200957356190927,1.8810885629797283
10,11,-0.0,0.011397802630112312,0.9496991336490544,1.1692777242325634,0.8954760035416526,0.3735545687428072,1.01200148786734
11,12,0.7294558360461922,-0.0,0.9929826725106227,0.0,0.0,0.0,1.7346108408939922
12,13,-0.0,-0.0,0.132577303882917,1.347347384711691,0.0,0.0,1.0
13,14,0.020796162008195476,-0.0,1.0052889460835701,0.5487551330501601,1.5365653495268394,0.0,1.0206867508980515
14,15,-0.0,-0.0,0.4373479843360595,1.38138755416069,1.4108557077412727,0.0,1.0
15,16,-0.0,-0.0,0.020796162008195476,-0.0,0.2204092690328622,0.9967659202090545,1.0
16,17,-0.0,-0.0,0.22732250679854799,0.0,0.0,0.0,1.0
17,18,-0.0,-0.0,0.6347669551418904,1.1038753142484126,1.5708723407765226,0.0,1.0
18,19,-0.0,-0.0,0.06716596095819599,1.304041772674394,0.0,0.0,1.0
19,20,-0.0,-0.0,0.9114913592811029,0.0,0.0,0.0,1.0
20,21,-0.0,-0.0,1.0056604463752632,0.8788952498772024,1.194413119102844,0.8895781113375874,1.0
21,22,-0.0,-0.0,0.7215283144660418,1.1573887390124684,0.0,0.0,1.0
22,23,-0.0,-0.0,0.6386889423161923,1.454782385206129,0.0,0.0,1.0
23,24,0.06716596095819599,-0.0,0.465502449081513,0.8399440656146946,1.2244038623614535,0.2998110027518891,1.1442870195220707
24,25,0.020796162008195476,-0.0,1.1118843593007015,0.9353470284327812,1.5769617483542187,0.0,1.0187035295840252
25,26,0.09370161652888623,-0.0,0.5911275718116102,1.2095855433979894,1.43699912079359,0.0,1.1585133581939373
26,27,-0.0,-0.0,-0.0,0.011397802630112312,0.0,0.0,0.0
27,28,0.8156034512499668,-0.0,0.45587575558664806,0.44937518019756423,0.0,0.0,1.5589428966834162
28,29,0.6386889423161923,-0.0,0.17989024168772497,0.0,0.0,0.0,1.2816554816736871
29,30,0.30292870842102054,-0.0,0.011397802630112312,1.0397551531957407,0.2581896371378861,1.5153954659067383,1.0376253630417598
30,31,-0.0,-0.0,-0.0,0.12075938670367095,0.0,0.0,0.0
31,32,-0.0,-0.0,0.10618783546209642,0.12995508295312394,0.0,0.0,1.0
32,33,0.08072690128286325,-0.0,1.3687092146646918,0.0,0.0,0.0,1.0589803154811375
33,34,-0.0,-0.0,-0.0,1.4206071203664354,0.0,0.0,0.0
34,35,-0.0,-0.0,0.7328039450127724,0.17098614038809712,0.0,0.0,1.0
35,36,0.9670874880437744,-0.0,0.5376928578894451,0.022794164006197472,1.5266357889558744,0.0,1.5559919495774792
36,37,0.12995508295312394,-0.0,0.6818658321061974,0.19547431945294463,0.659598060214668,0.2946260988046324,1.1905874687278422
37,38,0.12995508295312394,-0.0,0.020796162008195476,0.5493102774788571,0.0,0.0,1.160025768408742
38,39,0.9598696413313361,0.011397802630112312,1.2126273059374602,1.1715747560797745,1.3264517020066415,1.3027069643727418,1.8009612180146144
39,40,0.885762411026662,0.863120568566631,0.0,0.0,0.0,0.0,1.9744380183916503
40,41,0.16321735504936,0.08728058888363333,0.8824728553678804,1.433902070882535,1.5805201686239523,0.0,1.2838590925593594
41,42,0.7333662253831879,-0.0,0.8049728586490704,1.2424701127953397,0.9873278748561094,1.499901824925273,1.9110446613242897
42,43,0.7979519684655731,-0.0,0.6542401938045941,1.177150087141927,1.4003269837328869,0.0,1.819899216568974
43,44,-0.0,-0.0,0.8244613962171975,0.8278300393467215,0.0,0.0,1.0
44,45,0.8060914696192221,-0.0,0.4294619720471056,0.4226824748637499,0.0,0.0,1.5327707688681693
45,46,0.178976810657557,-0.0,0.9294854849065938,0.0,0.0,0.0,1.1925547128641205
46,47,0.6019089517362489,-0.0,0.651892255718467,0.5838724133205311,0.0,0.0,1.9233258202659114
47,48,0.4749837188374114,-0.0,1.061476050730731,1.518845821985178,0.0,0.0,1.4474747390771818
48,49,0.6796835081777326,-0.0,0.6480858102342246,0.9332123992140005,1.2302666773483657,0.8729656588658327,1.9535111598805406
49,50,0.28192426779622587,-0.0,1.1204280395245456,0.0,0.0,0.0,1.251621931842995
50,51,-0.0,-0.0,0.20559546280151705,0.28972871184417853,1.1621421454859833,1.286037081876654,1.0
51,52,0.5679465321879691,-0.0,0.058375158082890524,0.8532763294342595,0.0,0.0,1.1027828409445601
52,53,-0.0,-0.0,0.31112933956257,0.31112933956257,0.0,0.0,1.0
53,54,0.011397802630112312,-0.0,0.42848421974217654,0.0,0.0,0.0,1.0266002856230516
54,55,0.06012244887863518,-0.0,0.16852890997910536,0.173781322679433,0.0,0.0,1.3567485773573764
55,56,0.3767531756425587,-0.0,-0.0,1.503890300444645,0.0,0.0,1.0
56,57,0.8187129078775358,-0.0,0.050226446806051456,0.2610552277056171,0.0,0.0,1.0613480578146257
57,58,-0.0,-0.0,0.08072690128286325,0.0,0.0,0.0,1.0
58,59,0.2733099341026199,-0.0,1.392723716981609,1.4818224892002259,0.0,0.0,1.196241315323439
59,60,-0.0,-0.0,0.4904729117003205,0.501707695800854,0.8252281826328438,0.0,1.0
60,61,0.02943894532075929,-0.0,1.2083300933870353,0.0,0.0,0.0,1.0243633304192896
61,62,0.06012244887863518,-0.0,0.3151885271626983,0.8462344577356493,1.5219192014153378,0.0,1.1907507529536452
62,63,0.011397802630112312,-0.0,0.08072690128286325,0.4121755328190504,0.0,0.0,1.1411896461896258
63,64,-0.0,-0.0,1.053384407545678,1.1590158898119702,0.0,0.0,1.0
64,65,-0.0,-0.0,0.45306691033786656,0.38068137697223403,1.3709483678842358,0.8645244665811666,1.0
65,66,-0.0,-0.0,0.1296295822587587,0.5513352889009773,0.0,0.0,1.0
66,67,-0.0,-0.0,0.13899103032759919,1.0788028275730273,0.0,0.0,1.0
67,68,-0.0,-0.0,1.1440857678965044,0.29819004689798323,1.2084202752782802,0.7898223359087682,1.0
68,69,0.011397802630112312,-0.0,1.2329204116157242,1.316437834469963,1.4874384939834875,1.1768907898183083,1.0092445566824346
69,70,0.04537654373684732,-0.0,0.8904916402194913,1.424389359357798,0.8125895416597197,1.535433298986892,1.0509567318629323
70,71,0.5838724133205311,-0.0,0.4224533380311866,0.4226824748637499,0.0,0.0,1.7235370748699348
71,72,0.02943894532075929,-0.0,0.26677499824640455,1.269532276281927,1.4413550378214148,0.0,1.1103512154972193
72,73,0.5055849366380742,-0.0,0.5227509532670358,0.5197884828140557,0.0,0.0,1.967162151457249
73,74,0.5993673108313781,-0.0,1.2134970344916802,1.0911492779525176,0.0,0.0,1.4939174087742588
74,75,0.46230990420212204,0.020796162008195476,0.0,0.0,0.0,0.0,1.0449831634995719
75,76,0.9890809523123345,-0.0,0.8001323595207444,1.3491419542138896,0.0,0.0,1.8089654923089415
76,77,0.358158711473642,0.011397802630112312,0.9621651755289047,1.3723230707119818,1.4276570253949301,0.0,1.3840884325299012
77,78,0.06012244887863518,-0.0,0.0,0.0,0.0,0.0,1.0
78,79,0.06716596095819599,0.14690273625769865,0.06012244887863518,1.2527980537275718,0.0,0.0,1.8664808640020172
79,80,0.43282469212844726,-0.0,0.3238231399303311,1.1769811359783258,0.0,0.0,1.7481623526095682
80,81,-0.0,-0.0,0.323226897150089,0.9478984554504496,0.0,0.0,1.0
81,82,0.04537654373684732,-0.0,0.08089836237427184,1.2344827438938755,0.0,0.0,1.5609080629706105
82,83,-0.0,-0.0,0.2861847350226747,0.0,0.0,0.0,1.0
83,84,0.011397802630112312,-0.0,0.13568039348888394,0.2759300507894087,0.0,0.0,1.0840047875527874
84,85,0.8495592167531365,-0.0,0.0,0.0,0.0,0.0,1.0
85,86,0.10618783546209642,-0.0,0.8006242655056897,0.900722341841858,0.0,0.0,1.1326312978973054
86,87,-0.0,-0.0,0.19931011981482794,0.0,0.0,0.0,1.0
87,88,0.24667220891239783,-0.0,0.011397802630112312,0.3272069335472181,1.4349028858917272,0.0,1.0462062697713956
88,89,0.6550239908788728,-0.0,1.434368427863183,0.0,0.0,0.0,1.4566636982206027
89,90,0.7052387692113044,0.6457523329916602,1.4454716279157327,0.0,0.0,0.0,1.9346368867516255
90,91,0.25568960282455405,-0.0,0.2628493775523455,0.0,0.0,0.0,1.9727609218843765
91,92,0.9423842557777559,0.2511988167090251,1.507146957610637,0.0,0.0,0.0,1.7919486991361704
92,93,0.11825501445179522,0.10000094301032347,1.3061908439500773,0.0,0.0,0.0,1.1670934675993336
93,94,0.20416740079681917,-0.0,0.48740574558984173,0.4904729117003205,0.0,0.0,1.4188859131107343
94,95,-0.0,-0.0,-0.0,0.9418275991012525,0.0,0.0,0.0
95,96,-0.0,-0.0,0.8710824022080733,0.0,0.0,0.0,1.0
96,97,0.020796162008195476,-0.0,0.35960386851575243,1.0409283492598196,1.5447674649919545,0.0,1.0578307516379915
97,98,0.011397802630112312,-0.0,0.08793897016285687,0.0,0.0,0.0,1.1296103719318564
98,99,-0.0,-0.0,-0.0,-0.0,0.0,0.0,0.0
99,100,0.2733099341026199,-0.0,0.7150263157184453,1.1430345689058308,1.5364773729241255,0.0,1.3822375877564774
100,101,0.011397802630112312,0.020796162008195476,0.9730323873793756,0.0,0.0,0.0,1.0330862210301286
101,102,0.9355315642388211,-0.0,-0.0,0.011397802630112312,1.5343267192274603,0.0,1.0
102,103,0.23286888640431772,-0.0,0.011397802630112312,0.25649668585301266,1.0329083051065375,1.1938398084584834,1.048945150234982
103,104,0.037590549230597556,-0.0,0.25568960282455405,1.5382755914904631,0.0,0.0,1.147016338620507
104,105,0.037590549230597556,-0.0,0.5867271920429968,0.4505555255447094,1.5064990580678708,0.0,1.0640681900215097
105,106,0.037590549230597556,-0.0,0.19922846204853245,1.2833514562710686,0.0,0.0,1.1886806174382878
106,107,0.9337554002624233,-0.0,0.0,0.0,0.0,0.0,1.0
107,108,0.9911117578977384,-0.0,-0.0,-0.0,0.0,0.0,1.0
108,109,-0.0,-0.0,0.011397802630112312,0.1296295822587587,0.0,0.0,1.0
109,110,-0.0,-0.0,-0.0,-0.0,0.0,0.0,0.0
110,111,0.6774914217564278,-0.0,1.0765165765752143,0.06012244887863518,1.4753506184789695,0.0,1.629336729687685
111,112,0.3350907376662827,-0.0,1.5386448216067086,0.0,0.0,0.0,1.2177830341094373
112,113,0.3151885271626983,-0.0,-0.0,0.08072690128286325,0.0,0.0,1.0
113,114,0.842509148489254,-0.0,0.0,0.0,0.0,0.0,1.0
114,115,0.8821440400674616,-0.0,0.6106007251473424,0.0,0.0,0.0,1.6921780314931867
115,116,0.8734609066060873,-0.0,1.5183002982703528,1.539778148117656,1.2339378434389223,0.0,1.575288635325392
116,117,0.9683211863989213,-0.0,0.8612524468537928,0.11996724995208596,1.5281519087594604,0.0,1.8894284860756738
117,118,0.3428754020061654,0.12995508295312394,1.3951306101568004,0.0,0.0,0.0,1.3389148524998298
118,119,0.9807873524497304,-0.0,1.1301338136470183,1.5648405460735832,0.0,0.0,1.8678506391067649
119,120,0.9997400979703274,0.8202562504090252,1.2126851546778739,1.4849513027181753,0.0,0.0,2.5007987368846774
120,121,0.7073070917468929,0.21871038915724167,1.2327279488587857,1.5126868120725028,0.0,0.0,1.751193709659465
121,122,0.21871038915724167,0.5487999335976439,-0.0,0.07402739278528325,0.0,0.0,1.3985248098036225
122,123,0.4749837188374114,0.011397802630112312,1.287157337418658,0.0,0.0,0.0,1.3778726246807886
123,124,0.07402739278528325,-0.0,0.9422798806076034,0.9970360628870618,0.0,0.0,1.0785620008542989
124,125,0.3311614163160777,-0.0,0.6297928773665511,0.8435740041322414,0.0,0.0,1.5258259154990976
125,126,0.9534158774525225,0.3311614163160777,1.133228301216556,0.0,0.0,0.0,2.133555606041224
