,chi4LYS5.xvg,chi4LYS8.xvg,chi4ARG10.xvg,chi4ARG11.xvg,chi4ARG16.xvg,chi4ARG21.xvg,chi4ARG24.xvg,chi4LYS30.xvg,chi4ARG37.xvg,chi4LYS39.xvg,chi4LYS42.xvg,chi4LYS49.xvg,chi4LYS51.xvg,chi4LYS65.xvg,chi4ARG68.xvg,chi4ARG69.xvg,chi4ARG70.xvg,chi4LYS103.xvg,chi4LYS122.xvg
0,1,0,0,1,1,0,1,1,0,0,0,0,0,1,0,1,0,1,0
1,1,0,0,1,1,0,1,1,0,0,0,1,0,1,0,1,0,1,0
2,1,1,0,1,1,0,1,1,0,0,0,1,0,1,0,1,0,1,0
3,1,1,0,1,1,0,1,1,0,0,0,1,0,1,0,1,1,1,0
4,1,1,0,0,1,0,1,0,0,0,0,1,0,0,0,1,1,1,0
5,1,1,0,0,1,0,1,0,0,0,0,1,0,0,0,1,1,1,1
6,1,1,1,0,0,0,0,0,0,0,1,1,0,0,0,1,1,1,1
7,1,1,1,0,0,0,0,1,0,0,1,1,0,0,0,1,1,1,1
8,1,1,1,0,0,0,0,1,0,0,1,1,0,0,0,1,1,1,1
9,1,1,1,0,0,0,0,1,0,0,1,1,0,0,0,1,1,0,1
10,1,1,1,1,0,0,0,1,0,0,1,1,0,0,0,1,1,0,1
11,1,1,1,1,0,0,0,1,0,0,1,1,0,0,0,0,1,0,1
12,1,1,1,1,0,0,0,1,0,0,1,1,0,0,0,0,1,0,1
13,0,1,1,1,1,0,0,1,0,0,1,0,0,0,0,0,1,0,1
14,0,1,1,1,1,0,0,1,0,0,1,1,0,0,0,0,1,0,1
15,0,0,1,1,1,0,0,1,0,0,1,1,0,0,1,0,1,1,1
16,0,0,1,1,1,0,0,1,0,0,1,1,0,0,1,0,1,1,1
17,0,0,1,1,1,0,0,1,0,0,1,1,0,0,1,0,1,1,1
18,0,0,0,0,1,0,0,1,0,0,1,1,0,0,1,0,1,1,1
19,0,0,1,0,1,0,0,1,0,0,1,1,0,0,1,0,1,1,1
20,0,0,1,0,1,0,0,1,0,0,1,0,0,0,1,0,1,1,1
21,0,0,1,0,1,0,0,1,0,0,1,1,0,0,1,0,1,1,1
22,0,0,1,0,1,0,0,1,0,0,1,1,0,0,1,0,1,1,1
23,0,0,1,0,1,0,0,1,0,0,0,1,0,0,0,0,1,1,1
24,0,0,1,0,1,0,0,1,0,0,0,1,0,0,0,0,1,1,1
25,0,0,0,1,1,0,0,1,0,0,0,1,0,0,0,0,1,1,1
26,0,0,1,1,1,0,0,1,0,0,0,1,0,0,0,0,1,1,1
27,0,0,1,1,1,0,0,1,0,0,0,1,0,0,0,0,1,1,1
28,0,0,1,1,1,0,0,1,0,0,0,1,0,0,0,1,1,0,1
29,1,0,1,1,1,0,0,1,0,0,0,1,0,1,0,1,1,0,1
30,1,0,1,1,1,0,0,1,0,0,0,1,0,1,0,1,1,0,1
31,1,0,1,1,1,0,0,1,0,0,0,1,0,1,0,1,1,0,1
32,1,0,1,1,1,0,0,1,0,0,0,1,0,1,0,1,1,0,1
33,1,0,1,1,1,0,1,1,0,0,1,1,0,1,0,1,1,1,1
34,1,0,1,1,1,0,1,1,0,0,1,1,0,1,0,1,0,1,1
35,1,0,1,1,1,0,1,1,0,0,1,1,0,1,0,1,0,1,1
36,1,0,1,1,1,0,1,1,0,0,1,1,0,1,0,1,1,1,1
37,0,0,1,1,1,0,1,1,0,0,1,1,0,0,0,1,1,1,1
38,0,0,1,1,1,0,1,1,0,0,1,1,0,0,0,1,1,1,1
39,0,0,1,1,1,0,1,1,0,0,1,1,0,0,0,1,1,1,1
40,0,0,1,1,1,0,1,1,0,0,1,1,1,0,0,1,1,1,1
41,0,0,1,1,1,0,0,1,0,1,1,1,1,0,0,1,1,1,1
42,0,0,1,1,1,0,0,1,0,1,1,0,1,0,0,1,1,1,1
43,1,0,1,1,1,0,0,1,0,1,1,0,1,0,0,0,1,1,1
44,1,0,1,1,0,0,0,1,0,1,1,1,1,0,0,1,1,1,0
45,1,0,1,1,0,0,0,1,0,1,1,1,1,0,0,1,0,1,0
46,1,0,1,1,1,0,0,1,0,1,1,1,1,0,0,1,0,1,0
47,1,0,1,1,1,0,0,1,0,1,1,1,1,0,0,1,0,1,0
48,1,0,1,1,1,0,0,1,0,1,1,1,0,0,0,1,0,1,0
49,1,0,1,1,1,0,0,1,0,0,1,1,0,0,0,1,0,0,0
50,1,0,0,1,1,0,0,1,0,0,1,1,0,0,0,1,1,1,0
51,1,0,1,1,1,0,0,1,0,0,1,1,0,0,0,1,1,1,0
52,1,0,1,1,1,0,0,1,0,0,1,1,0,0,0,1,1,1,0
53,1,0,1,1,1,0,0,1,0,0,1,1,0,0,0,1,1,1,0
54,1,0,1,1,0,0,0,1,0,0,1,1,0,0,0,1,1,1,0
55,1,0,1,1,0,0,0,1,0,0,0,1,0,0,0,1,1,1,0
56,1,0,1,1,0,0,0,1,0,0,0,1,0,0,0,1,1,1,0
57,1,0,1,1,0,0,0,1,0,0,0,1,0,0,0,1,1,1,0
58,1,0,1,1,0,0,0,1,0,0,0,1,0,0,0,1,1,1,0
59,1,0,1,1,0,0,0,1,0,0,0,1,0,0,0,1,1,1,0
60,1,0,0,1,0,0,0,1,0,0,0,1,0,0,0,1,1,1,0
61,1,0,0,1,1,0,0,1,0,0,0,1,0,0,0,1,1,1,0
62,1,0,0,1,1,0,0,1,0,0,0,1,0,0,0,1,1,1,0
63,1,0,1,1,1,0,0,1,0,0,0,1,0,0,0,1,1,1,0
64,1,0,1,1,1,0,0,1,0,0,0,1,0,0,0,1,1,1,0
65,1,0,1,1,1,0,0,1,0,0,0,1,0,0,0,1,1,1,0
66,1,0,1,1,1,0,1,0,0,0,1,1,0,0,0,1,1,1,0
67,1,0,1,1,1,0,1,0,0,0,1,1,0,0,0,1,1,1,0
68,1,0,1,1,1,0,1,1,0,0,1,1,0,0,0,1,1,1,0
69,1,0,1,1,1,0,1,1,0,0,1,1,0,0,0,1,1,1,0
70,1,0,1,1,1,0,1,1,0,0,1,1,0,0,0,1,1,1,0
71,0,0,0,1,1,0,1,1,0,0,1,1,0,0,0,1,1,1,0
72,0,0,0,1,1,0,1,1,0,0,1,1,0,0,0,0,0,1,0
73,0,0,0,1,1,0,1,1,0,0,1,1,0,0,0,0,0,1,0
74,0,0,0,1,1,0,0,1,0,0,1,1,0,0,0,0,0,1,0
75,0,0,1,1,1,0,0,1,0,0,1,1,0,0,0,0,0,1,0
76,0,0,1,1,1,0,0,0,0,0,1,1,0,0,0,0,0,1,0
77,0,0,1,1,1,0,0,0,0,0,1,1,0,0,0,0,0,0,0
78,0,1,1,1,1,0,1,0,0,0,1,1,0,0,0,0,0,0,0
79,0,1,1,1,1,0,1,0,0,0,1,1,0,0,0,0,0,0,0
80,1,1,1,1,1,0,1,0,0,0,1,0,0,0,0,0,0,0,0
81,1,1,1,1,1,0,1,0,0,0,0,1,0,0,0,0,0,0,0
82,1,1,1,1,1,0,1,0,0,0,0,1,1,0,0,0,0,0,0
83,1,1,1,1,1,0,1,0,0,0,0,1,1,0,0,0,0,0,0
84,1,1,1,1,1,0,1,0,0,0,0,1,1,0,0,0,0,0,0
85,1,1,1,1,1,0,1,0,0,0,0,1,1,0,0,0,0,0,0
86,1,1,1,1,1,0,1,0,0,0,0,1,1,0,1,0,0,0,0
87,1,1,1,1,1,0,1,0,0,0,0,1,1,0,1,0,0,0,0
88,0,1,1,1,1,0,1,0,0,0,0,1,1,0,1,0,0,0,0
89,0,1,1,1,1,0,1,1,0,0,0,1,1,0,1,0,0,0,0
90,0,1,1,1,1,0,1,1,0,0,0,1,0,0,1,0,0,0,0
91,0,1,1,1,1,0,0,1,0,0,0,1,0,0,1,0,0,0,1
92,0,1,1,1,1,0,0,1,0,0,0,1,0,0,1,0,0,0,1
93,0,1,1,1,0,0,0,1,0,0,1,1,0,0,1,0,0,0,1
94,0,1,1,1,1,0,0,1,0,0,1,1,0,0,0,0,0,0,1
95,0,1,0,1,1,0,0,1,0,0,1,1,0,0,0,0,0,0,1
96,0,1,0,1,1,0,0,1,0,0,1,1,0,0,0,0,0,0,1
97,0,0,0,1,1,0,0,1,0,0,1,1,0,0,1,0,0,1,1
98,1,0,0,1,1,0,0,1,0,0,1,1,0,0,1,0,0,1,1
99,1,0,0,1,1,0,0,1,0,0,1,1,0,0,1,0,0,1,0
100,1,0,0,1,1,0,0,1,0,0,1,1,0,0,1,0,0,1,0
101,1,0,0,1,1,0,1,1,0,0,0,1,0,0,1,0,1,1,0
102,1,1,0,1,1,0,1,1,0,0,0,1,0,0,1,0,1,1,1
103,1,1,0,1,0,0,1,1,0,0,0,1,0,0,1,0,1,1,1
104,1,1,0,1,0,0,1,0,0,0,0,1,0,0,1,0,1,1,1
105,1,1,0,1,0,0,1,0,0,0,0,1,1,0,0,0,1,1,1
106,0,1,0,1,0,0,1,1,0,0,0,1,1,0,0,0,1,1,1
107,0,1,0,0,1,0,1,1,0,0,0,1,1,0,0,0,1,1,1
108,0,1,0,0,1,0,1,1,0,0,0,1,1,0,0,0,1,1,1
109,1,1,0,1,1,0,0,1,0,0,0,1,1,0,0,0,0,1,1
110,1,0,0,1,1,0,0,1,0,0,0,1,1,0,0,0,0,1,0
111,1,0,0,1,1,0,0,1,0,0,0,1,1,0,0,0,0,1,0
112,1,0,0,1,1,0,0,1,0,0,0,1,1,0,0,0,0,1,0
113,1,0,1,1,1,0,0,1,0,0,0,1,0,0,0,1,0,1,0
114,1,0,1,1,1,0,0,1,0,0,0,1,0,0,0,1,0,1,0
115,1,0,1,1,1,0,0,1,0,0,0,1,0,0,0,1,0,1,0
116,1,0,1,1,1,0,0,1,0,0,1,1,0,0,0,1,0,1,0
117,0,0,1,1,1,0,0,1,0,0,1,1,0,0,0,1,0,1,0
118,0,0,1,1,1,0,0,1,0,0,1,1,0,0,0,1,1,1,0
119,0,0,1,1,1,0,0,1,0,0,1,1,0,0,0,1,1,1,0
120,0,0,1,1,1,0,0,1,0,0,1,1,0,0,0,1,1,1,0
121,0,0,0,1,1,0,0,1,0,0,1,1,0,0,0,1,1,1,0
122,0,0,0,1,1,0,0,1,0,0,1,1,1,0,0,1,1,1,0
123,0,0,0,1,1,0,0,1,0,0,1,1,1,0,0,1,1,1,0
124,0,0,0,1,1,0,0,1,0,0,1,1,1,0,0,1,1,1,0
125,0,0,0,1,1,0,0,1,0,0,1,1,1,0,0,1,1,1,0
126,0,0,0,1,1,0,0,1,0,0,1,1,1,0,0,1,0,1,0
127,1,0,0,1,1,0,0,1,0,0,1,1,1,0,0,1,0,1,0
128,1,0,0,1,1,0,0,1,0,0,1,1,1,0,0,1,0,1,0
129,1,0,0,1,1,0,0,1,0,0,1,1,1,0,0,1,0,1,0
130,1,0,0,1,1,0,0,1,0,0,1,1,0,0,0,1,0,1,0
131,1,0,0,1,1,0,0,1,0,0,1,1,0,0,0,1,0,1,0
132,1,0,1,1,1,0,0,1,0,0,1,1,0,0,0,1,0,1,0
133,1,0,1,1,1,0,0,1,0,0,0,1,0,0,0,1,0,1,0
134,1,0,1,0,1,0,0,1,0,0,0,1,0,0,0,1,0,0,1
135,0,0,1,0,1,0,0,1,0,0,0,1,0,0,0,1,0,0,1
136,0,0,1,0,1,0,0,1,0,0,0,1,0,0,0,1,0,1,1
137,0,0,1,0,1,0,0,1,0,0,0,1,0,0,0,1,0,1,1
138,0,0,1,0,1,0,0,1,0,1,0,1,0,0,0,1,0,1,1
139,0,0,1,0,1,0,0,1,0,1,0,1,0,0,0,1,0,1,1
140,0,0,1,0,1,0,0,1,0,1,0,1,0,0,0,1,0,1,1
141,0,0,1,0,1,0,0,1,0,1,0,1,0,0,0,1,0,1,1
142,1,0,1,0,1,1,0,1,0,1,0,1,0,0,0,0,1,1,1
143,1,0,1,0,0,1,0,1,0,1,1,1,0,0,0,0,1,1,1
144,1,0,1,0,1,1,0,1,0,1,1,1,0,0,0,0,1,0,1
145,1,0,1,0,1,1,0,1,0,1,1,1,0,0,0,0,1,1,1
146,1,0,1,0,1,1,0,1,0,1,1,1,0,0,0,0,1,1,1
147,1,0,1,0,1,1,0,1,0,1,1,1,0,0,0,0,1,1,0
148,1,0,1,0,1,1,0,1,0,1,1,1,0,0,0,0,1,1,0
149,1,0,1,0,1,1,0,1,0,1,1,1,0,0,0,0,1,1,0
150,1,0,1,0,1,0,0,1,0,1,1,1,0,0,0,0,1,1,0
151,0,0,1,0,1,0,0,1,0,1,0,1,0,0,0,0,1,1,1
152,0,0,1,0,1,0,0,1,0,1,0,1,0,0,0,0,0,1,1
153,0,0,1,0,1,0,0,1,0,1,0,1,0,0,0,0,0,1,1
154,0,0,1,0,1,0,0,1,0,1,0,1,0,0,0,0,1,0,1
155,0,0,1,0,1,0,0,1,0,1,0,1,0,0,0,0,1,0,1
156,0,0,1,0,1,0,0,1,0,1,0,1,0,0,0,0,1,0,1
157,0,0,1,0,1,0,0,1,0,1,0,1,0,0,0,0,1,1,1
158,0,0,1,0,1,0,0,1,0,1,0,1,0,0,0,0,1,1,1
159,0,0,1,0,1,0,0,1,0,1,0,1,0,0,0,0,1,1,0
160,1,0,1,0,1,0,0,1,0,1,0,1,0,0,0,0,1,1,0
161,1,0,0,0,1,0,0,1,0,1,0,1,0,0,0,0,1,1,0
162,1,0,1,0,1,1,0,1,0,1,0,1,0,0,0,0,1,1,0
163,1,0,1,0,1,1,0,1,0,1,0,1,0,0,0,1,0,1,0
164,1,0,1,0,1,1,0,1,0,1,1,1,0,0,0,1,0,1,0
165,1,0,1,0,1,1,0,1,0,1,1,1,0,0,0,1,0,1,0
166,1,0,1,0,0,1,1,0,0,1,1,1,0,0,0,1,0,1,0
167,1,0,1,0,1,1,1,0,0,1,1,1,0,0,0,1,0,1,0
168,1,0,1,0,1,1,1,0,0,1,1,1,0,0,0,1,0,1,0
169,1,0,1,0,1,1,1,0,0,1,1,1,0,0,0,1,0,1,0
170,1,0,0,0,1,1,1,1,0,1,1,1,0,0,0,1,1,1,0
171,1,0,0,0,1,1,1,1,0,1,1,1,0,0,0,0,1,1,0
172,1,0,0,0,1,1,1,1,0,1,1,1,0,0,0,0,1,1,0
173,1,0,1,0,1,1,1,1,0,1,1,1,0,0,0,0,1,1,0
174,1,0,1,1,1,1,0,1,0,1,1,1,0,0,0,0,1,1,0
175,1,0,1,1,1,1,0,1,0,1,1,1,0,0,0,0,1,1,0
176,1,0,1,1,1,1,0,1,0,1,1,1,0,0,0,0,1,1,0
177,1,0,1,1,1,1,0,1,0,1,1,0,0,0,0,1,1,0,0
178,0,0,1,1,1,1,0,0,0,1,1,0,0,0,0,1,1,0,0
179,1,0,1,1,1,1,0,0,0,1,1,0,0,0,0,1,1,0,0
180,1,0,1,1,1,1,0,0,0,1,1,0,0,0,0,1,1,0,0
181,1,0,1,1,1,1,0,1,0,1,1,0,0,0,0,1,1,0,0
182,1,0,0,0,1,1,0,1,0,1,1,1,0,0,0,1,1,0,0
183,1,0,0,0,1,0,0,1,0,1,1,1,0,0,0,1,1,0,0
184,1,0,0,0,1,1,0,1,0,1,1,1,0,0,0,1,1,0,0
185,1,0,0,0,1,1,0,1,0,1,1,1,0,0,0,1,1,0,0
186,1,0,0,0,1,1,0,1,0,1,0,1,0,0,0,1,1,0,0
187,0,0,0,0,1,1,0,1,0,1,0,1,0,0,0,1,1,0,0
188,1,0,0,0,1,1,0,1,0,1,0,1,0,0,0,1,1,0,0
189,1,0,0,1,1,1,0,1,0,1,0,1,0,0,0,1,0,0,0
190,1,0,0,1,1,1,0,1,0,1,1,1,0,0,0,0,0,0,0
191,1,0,0,1,1,0,0,1,0,1,1,1,0,0,0,0,0,0,0
192,1,0,0,1,1,0,0,1,0,1,1,1,0,0,0,1,0,0,0
193,1,0,0,1,1,0,0,1,0,1,1,1,0,0,0,1,0,0,0
194,1,0,0,1,1,0,0,1,0,1,1,1,0,0,0,1,0,0,0
195,1,0,1,1,1,0,0,1,0,0,1,1,0,0,0,1,0,0,0
196,1,0,1,1,1,0,0,1,0,1,1,1,0,0,0,1,0,1,0
197,1,0,1,1,1,0,0,1,0,1,1,1,0,0,0,1,0,1,0
198,1,0,1,1,1,0,0,1,0,1,1,1,0,0,0,1,0,1,0
199,1,0,1,1,1,1,0,1,0,1,1,1,0,0,0,1,0,1,0
200,1,0,1,1,1,1,0,1,0,1,1,1,0,0,0,1,0,1,0
201,1,0,1,1,1,1,0,1,0,1,1,1,0,0,0,1,0,1,0
202,1,0,1,1,1,1,0,1,0,1,1,1,0,0,0,1,1,1,0
203,1,0,1,1,1,1,0,1,0,1,1,1,0,0,0,1,1,1,0
204,1,0,1,1,1,1,0,1,0,1,1,1,1,0,0,0,1,1,0
205,1,0,0,1,1,1,0,1,0,1,1,1,1,1,0,0,1,1,0
206,1,0,0,1,1,1,1,0,0,1,1,1,1,1,0,0,1,1,0
207,1,0,1,1,1,1,1,0,0,1,1,1,1,1,0,0,1,1,0
208,1,0,1,1,1,1,1,0,0,1,1,1,1,1,0,0,1,1,0
209,1,0,1,1,1,1,1,0,0,1,1,1,1,1,0,0,1,1,0
210,1,0,1,1,1,1,1,0,0,1,1,1,1,1,0,0,1,1,0
211,1,0,1,1,1,1,1,0,0,0,1,1,1,1,0,0,1,1,0
212,1,0,1,1,1,1,1,0,0,1,1,1,0,1,0,0,1,1,0
213,1,0,1,1,1,1,1,0,0,1,1,1,0,1,0,0,1,1,0
214,1,0,1,1,1,1,1,0,0,1,1,1,0,1,0,0,1,1,0
215,1,0,1,1,1,0,1,0,0,1,1,1,0,1,0,0,0,1,0
216,1,0,1,1,1,0,1,0,0,1,0,1,0,1,0,0,0,0,0
217,1,0,1,1,1,0,1,0,0,1,1,1,0,1,0,0,0,0,0
218,0,0,1,1,1,0,0,0,0,1,1,1,0,1,0,0,0,0,0
219,1,0,1,1,1,0,0,0,0,1,1,1,0,1,0,1,0,0,0
220,1,0,1,1,1,0,0,0,0,1,1,1,0,0,0,1,0,0,0
221,1,0,1,1,1,0,0,0,0,1,1,1,0,0,0,1,0,0,0
222,1,0,1,1,1,0,1,1,0,1,1,1,0,0,0,1,0,0,0
223,1,0,1,1,1,0,1,1,0,1,1,1,1,0,0,1,0,0,0
224,1,0,0,1,1,0,1,1,0,1,1,1,1,0,0,1,0,0,0
225,1,0,0,1,1,0,1,1,0,1,1,1,1,0,0,1,0,0,0
226,1,0,0,1,1,0,1,1,0,1,1,1,1,0,0,1,0,0,0
227,1,0,1,1,1,0,1,1,0,1,1,1,1,0,0,1,0,0,0
228,1,0,1,0,1,0,1,1,0,1,1,1,1,0,0,1,0,0,0
229,1,0,1,0,1,0,1,1,0,1,1,1,1,0,0,1,0,0,0
230,1,0,1,0,1,0,1,0,0,1,0,1,1,0,0,1,0,0,0
231,1,0,1,0,1,0,1,0,0,1,0,1,1,0,0,0,0,0,0
232,0,0,1,0,1,0,1,1,0,1,1,1,1,0,0,0,0,0,0
233,0,0,1,0,1,0,1,1,0,1,1,1,1,0,0,0,0,0,0
234,0,0,1,0,1,0,1,1,0,1,1,1,1,0,0,0,1,0,0
235,0,0,1,0,1,0,1,1,0,1,1,1,0,0,0,0,1,0,0
236,0,0,1,1,1,0,1,1,0,1,1,0,0,0,0,0,1,0,0
237,0,0,1,1,1,0,0,1,0,1,1,1,0,0,0,0,1,0,0
238,1,0,1,1,1,0,0,1,0,1,1,1,0,0,0,0,1,0,0
239,1,0,1,1,1,0,0,1,0,1,1,1,0,0,0,0,1,0,0
240,1,0,1,1,1,0,0,0,0,1,1,1,0,0,0,0,1,0,0
241,1,0,0,1,1,0,0,0,0,1,1,1,0,0,0,0,1,0,0
242,1,0,0,1,1,0,0,0,0,1,1,1,0,0,0,0,1,0,0
243,1,0,0,1,1,0,1,0,0,1,1,0,0,0,0,0,1,0,0
244,1,0,0,1,1,0,1,0,0,0,1,0,0,0,0,0,1,0,0
245,1,0,0,1,1,0,1,0,0,0,1,0,0,0,0,0,1,0,0
246,1,0,0,1,1,0,1,0,0,0,1,0,0,0,0,0,1,1,0
247,1,0,0,1,1,0,1,0,0,1,1,0,0,0,0,1,1,1,0
248,1,0,0,1,1,0,1,0,0,1,1,0,0,0,0,1,1,1,0
249,1,0,0,1,1,0,1,1,0,1,1,0,0,0,0,1,1,1,0
250,1,0,0,1,1,0,0,1,0,1,1,0,0,0,0,1,1,1,0
251,1,0,0,1,1,0,1,1,0,1,1,0,0,0,0,1,1,1,0
252,1,0,0,1,1,0,1,1,0,1,0,0,0,0,0,1,1,1,0
253,1,0,0,1,1,0,1,1,0,1,0,0,0,0,0,1,1,1,0
254,1,0,1,1,1,0,1,1,0,1,0,0,0,0,0,1,1,0,0
255,0,0,1,1,1,0,1,1,0,1,0,0,0,0,0,1,1,0,0
256,0,0,1,1,1,1,1,1,0,1,0,0,0,0,0,1,0,0,0
257,0,0,1,1,1,1,1,1,0,1,0,1,0,0,0,1,0,0,0
258,0,0,1,1,1,1,1,1,0,1,0,1,0,0,0,1,0,0,0
259,1,0,1,1,1,1,1,1,0,1,0,1,0,0,0,1,0,0,0
260,1,0,1,1,1,1,1,0,0,1,0,1,0,1,0,0,0,0,0
261,1,0,1,1,1,1,1,0,0,1,0,1,0,1,0,0,0,0,0
262,1,0,1,1,1,1,1,0,0,1,0,1,1,1,0,0,0,0,0
263,1,0,1,1,1,1,1,0,0,1,0,1,1,1,0,0,0,0,0
264,1,0,1,1,1,1,1,0,0,1,0,1,1,1,0,0,0,0,0
265,1,0,1,1,1,1,1,0,0,1,1,1,1,1,0,0,0,0,0
266,1,0,1,1,1,1,1,0,0,1,1,1,1,1,0,0,1,0,0
267,1,0,0,0,1,1,1,1,0,1,1,1,1,1,0,0,1,0,0
268,1,0,0,0,1,1,1,1,0,1,1,1,1,0,0,0,1,0,0
269,1,0,0,0,1,1,1,1,0,1,1,1,1,0,0,0,1,0,0
270,1,0,0,1,1,1,1,1,0,1,1,1,1,0,0,0,1,0,0
271,1,0,0,1,1,1,1,1,0,1,1,1,1,0,0,0,1,0,0
272,1,0,0,1,1,1,1,1,0,1,1,1,1,0,0,0,1,0,0
273,1,0,0,1,1,1,1,1,0,1,1,1,1,0,0,0,1,0,0
274,0,0,1,1,1,0,1,1,0,1,1,1,0,0,0,0,1,0,0
275,0,0,1,1,1,0,1,0,0,1,1,1,0,0,0,1,1,0,0
276,0,0,1,1,1,0,1,1,0,1,1,1,0,0,0,1,1,0,0
277,0,0,1,1,1,0,1,1,0,1,1,1,0,0,0,1,1,0,0
278,0,0,1,1,1,1,1,1,0,1,1,1,0,0,0,1,1,0,0
279,1,0,1,1,1,1,1,1,0,1,1,1,0,0,0,1,1,0,0
280,1,0,1,1,1,1,0,1,0,1,1,1,0,0,0,1,1,0,0
281,1,0,1,1,1,1,0,1,0,1,1,1,0,0,0,1,1,0,0
282,1,0,0,1,1,1,0,1,0,1,1,1,0,0,0,1,1,0,0
283,1,0,0,1,1,1,1,1,0,1,1,1,0,0,0,1,1,0,0
284,1,0,0,1,0,1,1,1,0,1,1,1,0,0,0,1,1,0,0
285,1,0,0,1,1,1,1,1,0,1,1,1,0,0,0,0,1,0,0
286,1,0,0,1,1,1,1,1,0,1,1,1,0,0,0,0,1,0,0
287,1,0,0,1,1,0,1,1,0,1,1,1,0,1,0,0,1,0,0
288,1,0,0,1,1,0,1,1,0,1,1,1,0,1,0,0,1,0,0
289,1,0,0,1,1,0,1,1,0,1,1,0,0,1,0,0,1,0,0
290,1,0,0,1,1,0,1,1,0,1,1,0,0,1,0,0,1,0,0
291,1,0,0,1,1,0,1,1,0,1,1,0,0,1,0,0,1,0,0
292,1,0,0,1,1,0,1,0,0,1,0,0,0,1,0,0,1,0,0
293,1,0,0,1,1,1,1,0,0,1,0,0,0,1,1,0,1,0,0
294,1,0,0,1,1,1,1,0,0,1,0,0,0,1,1,0,1,0,0
295,0,0,1,1,1,1,1,0,0,1,0,0,0,0,1,0,1,0,0
296,0,0,1,1,1,1,1,0,0,1,1,0,0,0,1,0,1,0,0
297,0,0,1,1,1,1,1,0,0,1,1,1,0,0,1,0,1,0,0
298,0,0,1,1,1,1,1,1,0,1,1,1,0,0,1,0,1,0,0
299,0,0,1,1,1,1,1,1,0,1,1,1,0,1,1,0,1,0,0
300,0,0,1,1,1,1,1,1,0,1,1,1,0,1,1,0,1,0,0
301,0,0,1,1,1,1,1,1,0,1,1,1,0,1,0,0,1,0,0
302,0,0,1,1,1,1,1,1,0,1,1,1,0,1,0,0,1,0,0
303,0,0,1,1,1,1,1,1,0,1,1,1,0,1,0,0,1,0,0
304,0,0,1,1,1,1,1,1,0,1,1,1,0,1,0,0,1,1,0
305,0,0,1,1,1,1,1,1,0,1,1,1,0,1,0,0,1,1,0
306,0,0,1,1,1,1,1,1,0,0,1,1,0,1,0,0,1,1,0
307,0,0,1,1,1,1,1,1,0,0,1,1,0,0,0,0,1,1,0
308,0,0,1,1,1,0,0,1,0,0,1,1,0,0,0,0,1,1,0
309,1,0,0,1,1,1,0,1,0,0,1,0,0,0,0,0,1,1,0
310,1,0,0,1,1,1,0,1,0,0,1,0,0,0,0,0,1,1,0
311,1,0,1,1,1,1,0,0,0,0,1,0,0,0,0,0,1,1,0
312,1,0,1,1,1,1,0,0,0,0,1,0,0,0,0,0,1,1,0
313,1,0,1,1,1,1,0,0,0,0,1,0,1,0,0,0,1,0,0
314,1,0,1,1,1,1,0,0,0,0,1,0,1,0,0,0,1,0,0
315,1,0,1,1,1,1,0,1,0,0,1,0,1,0,0,0,1,1,0
316,1,0,1,1,1,0,0,1,0,0,1,0,1,0,0,0,1,1,0
317,1,0,1,1,1,0,0,1,0,0,0,0,1,0,0,0,1,1,0
318,1,0,1,1,1,0,0,1,0,0,0,0,1,0,0,0,1,1,0
319,1,0,1,1,1,0,0,1,0,0,0,1,1,0,0,0,1,1,0
320,1,0,1,1,1,0,0,1,0,0,0,1,1,0,0,0,1,1,0
321,1,0,1,1,1,0,0,1,0,0,0,1,0,0,0,0,1,1,0
322,1,0,1,1,1,0,0,1,0,0,0,1,0,0,0,0,1,1,0
323,0,0,1,1,1,0,0,1,0,0,0,1,0,0,0,0,1,1,0
324,1,0,1,1,1,0,0,0,0,0,0,1,0,0,0,0,1,1,0
325,1,0,1,1,1,0,0,0,0,0,0,1,1,0,0,0,1,1,0
326,1,0,1,1,1,0,0,0,0,0,0,1,1,0,0,0,1,1,0
327,1,0,1,1,1,0,0,0,0,0,0,0,1,0,0,0,1,1,0
328,1,0,1,1,1,0,0,0,0,0,0,0,1,0,1,0,1,1,0
329,1,0,1,1,1,0,1,0,0,0,1,1,1,0,1,0,1,1,0
330,1,0,1,1,1,0,1,0,0,0,1,1,1,0,1,0,1,1,0
331,1,0,1,1,1,0,1,1,0,0,1,1,1,0,1,0,1,1,0
332,0,0,1,1,1,0,1,1,0,0,1,1,1,0,1,0,1,0,0
333,0,0,1,1,1,0,1,1,0,0,1,1,0,0,1,0,1,0,0
334,0,0,1,1,1,0,1,1,0,0,1,1,0,0,1,0,1,0,0
335,0,0,1,1,1,0,1,1,0,0,1,1,0,0,1,0,1,0,0
336,0,0,1,1,1,0,1,1,0,0,1,1,0,0,0,0,1,0,0
337,0,0,1,1,1,0,0,1,0,0,1,1,0,0,0,0,1,0,0
338,0,0,1,1,1,0,1,1,0,0,1,1,0,0,0,0,1,1,0
339,0,0,1,1,1,0,1,1,0,0,0,1,0,0,0,0,1,1,0
340,0,0,1,1,1,0,1,1,0,0,0,1,0,0,0,0,1,1,0
341,0,0,1,1,1,0,1,1,0,0,0,1,0,0,0,0,1,1,0
342,0,0,1,1,1,0,1,1,0,0,0,1,0,0,0,0,1,1,0
343,0,0,1,1,1,1,1,1,0,0,0,1,0,0,0,0,1,1,0
344,0,0,1,1,1,1,1,1,0,0,0,1,0,0,0,0,1,1,0
345,0,0,1,1,1,1,1,1,0,0,0,1,0,0,0,1,1,1,0
346,0,0,1,1,1,1,0,1,0,0,1,1,0,0,0,1,1,0,0
347,0,0,1,1,1,1,0,1,0,0,1,1,0,0,0,1,1,0,0
348,0,0,0,1,1,1,0,1,0,0,1,1,0,0,0,1,1,0,0
349,0,0,0,1,0,1,0,1,0,0,1,1,0,0,0,1,1,0,0
350,0,0,0,1,0,1,0,1,0,0,1,1,0,0,0,1,1,0,0
351,0,0,0,1,0,1,0,1,0,0,1,1,0,0,0,1,1,0,0
352,0,0,0,1,0,1,0,1,0,0,1,1,0,0,0,1,1,0,0
353,0,1,0,1,1,1,0,0,0,0,1,1,0,0,0,0,1,0,0
354,0,1,0,1,1,0,0,0,0,0,1,1,0,0,0,0,1,0,0
355,0,1,0,1,1,0,0,0,0,0,1,1,0,0,0,1,1,1,0
356,1,1,0,1,1,0,0,0,0,0,1,1,0,0,0,1,1,1,0
357,1,1,0,1,1,0,0,0,0,0,0,1,0,0,0,1,1,1,0
358,1,1,1,1,1,0,0,0,0,0,0,1,0,0,0,1,1,1,0
359,1,1,1,1,1,0,0,1,0,0,0,1,0,0,0,1,0,1,0
360,1,1,1,0,1,0,0,1,0,0,1,1,0,0,0,1,0,1,0
361,1,0,1,0,1,0,0,1,0,0,1,1,0,0,0,1,0,1,0
362,1,0,1,0,1,0,0,1,0,0,1,1,0,0,0,1,0,1,0
363,1,0,1,0,1,0,0,1,0,0,1,1,0,0,0,1,0,1,0
364,0,0,1,0,1,0,0,1,0,0,1,0,0,0,1,1,0,1,1
365,0,0,1,0,1,1,0,1,0,0,1,1,0,0,1,1,0,1,1
366,0,0,1,0,1,1,0,1,0,0,1,1,0,0,1,1,0,1,1
367,0,0,1,0,1,1,0,1,0,0,1,1,0,0,1,1,0,1,1
368,0,0,1,0,1,1,0,0,0,0,1,1,0,0,1,1,0,1,1
369,0,0,1,0,1,1,0,0,0,0,1,1,0,0,1,1,0,1,1
370,0,0,1,0,1,1,0,0,0,0,1,1,0,0,1,0,0,1,1
371,0,0,1,1,0,1,0,0,0,0,1,1,0,0,1,0,0,1,1
372,0,0,1,1,0,1,0,0,0,0,1,1,0,0,1,0,0,1,1
373,0,0,1,1,0,1,0,0,0,0,1,1,0,0,1,0,0,1,1
374,0,0,1,1,0,1,0,0,0,0,1,1,0,0,1,1,0,1,1
375,0,0,1,1,1,0,1,0,0,0,1,1,0,0,1,1,0,1,1
376,0,0,1,1,1,0,1,0,0,0,1,1,0,0,1,1,0,1,1
377,0,0,1,1,1,1,1,0,0,0,1,1,0,0,1,1,0,1,1
378,1,0,1,1,1,1,1,0,0,1,1,1,0,0,1,1,0,1,0
379,1,0,1,0,1,1,1,0,0,1,1,1,0,0,0,1,0,1,0
380,1,0,1,0,1,1,1,1,0,1,1,0,0,0,0,1,0,1,0
381,1,0,1,0,1,1,1,1,0,1,1,1,0,0,0,1,0,1,0
382,1,0,1,0,1,1,1,1,0,1,1,1,0,0,0,1,0,1,0
383,1,0,1,0,1,1,0,1,0,1,1,1,0,0,0,1,0,1,0
384,1,0,0,1,1,1,0,1,0,1,0,1,0,0,0,1,0,1,0
385,1,0,0,1,1,0,0,1,0,1,0,1,0,0,0,1,0,1,0
386,0,0,1,1,1,0,0,1,0,1,0,1,0,0,0,1,0,1,0
387,0,0,1,1,1,0,0,1,0,1,0,1,0,0,0,1,0,1,0
388,0,0,1,1,1,0,0,0,0,1,0,1,0,0,0,1,0,1,0
389,0,0,1,1,1,0,0,0,0,1,0,1,0,0,0,1,0,0,0
390,0,0,1,1,1,0,0,1,0,1,0,1,0,0,0,1,0,0,0
391,0,0,1,1,1,0,0,1,0,1,0,1,0,0,0,1,0,0,0
392,0,0,1,0,1,0,0,1,0,1,0,1,0,0,0,1,0,0,0
393,0,0,1,0,1,0,0,1,0,1,0,1,0,0,0,1,0,0,0
394,0,0,0,1,1,0,0,1,0,1,0,1,0,0,0,1,0,0,0
395,0,0,0,1,1,0,0,1,0,1,0,1,0,0,0,1,0,1,0
396,0,0,0,1,1,0,0,1,0,1,1,1,0,0,0,1,0,1,0
397,0,0,0,1,1,0,0,1,0,1,1,1,0,0,0,1,0,1,0
398,0,0,0,1,1,0,0,1,0,0,1,1,0,0,0,1,0,1,0
399,0,0,0,1,1,0,0,1,0,0,1,1,0,0,0,1,0,1,0
400,1,0,0,1,1,0,0,1,0,0,1,1,0,0,0,1,0,1,0
401,1,0,0,1,1,0,0,1,0,1,1,1,0,0,0,1,0,1,0
402,1,0,1,1,1,0,0,1,0,1,1,1,0,0,0,1,0,1,0
403,1,0,1,1,1,0,0,1,0,1,1,1,0,0,0,1,0,1,0
404,1,0,1,0,1,0,0,1,0,1,0,1,0,0,0,1,0,1,0
405,1,0,1,1,1,0,0,1,0,1,1,1,0,0,1,1,0,1,0
406,1,0,1,1,1,0,0,1,0,1,1,1,0,0,1,1,0,1,0
407,1,0,1,1,1,0,0,0,0,1,1,1,0,0,1,1,0,1,0
408,0,0,1,1,1,0,0,0,0,1,1,1,0,0,1,1,0,1,0
409,0,0,1,1,1,0,0,0,0,1,1,1,0,0,1,1,0,1,0
410,0,0,1,1,1,0,0,0,0,1,1,1,0,0,1,1,0,1,0
411,0,0,1,0,1,0,0,0,0,1,0,1,0,0,1,1,0,1,0
412,0,0,1,0,1,0,0,0,0,1,0,0,0,0,1,1,0,1,0
413,0,0,1,0,1,0,0,0,0,1,1,0,0,0,0,1,0,1,0
414,0,0,0,0,1,0,0,0,0,1,1,1,0,0,0,0,0,1,0
415,0,0,0,0,1,0,0,0,0,0,1,1,0,0,0,0,0,1,0
416,1,0,0,0,1,0,0,1,0,0,1,1,0,0,0,0,0,1,0
417,1,0,0,0,1,0,0,1,0,0,1,1,0,0,0,0,0,1,0
418,1,0,0,0,1,0,0,1,0,1,1,1,0,0,0,0,0,0,0
419,1,0,0,0,1,0,0,1,0,1,1,1,0,0,0,0,0,0,0
420,1,0,0,1,1,0,0,1,0,1,1,1,0,0,0,0,0,1,0
421,1,0,0,1,1,0,0,1,0,1,1,1,0,0,0,0,0,1,0
422,1,0,1,1,1,0,0,1,0,1,1,1,0,0,0,1,0,1,0
423,1,0,1,1,1,0,0,1,0,1,1,1,0,0,0,1,0,1,0
424,1,0,1,1,1,0,0,1,0,1,1,1,0,0,0,1,0,1,0
425,0,0,1,1,1,0,0,0,0,1,1,1,0,0,0,1,0,1,0
426,0,0,1,1,1,0,0,1,0,1,1,1,0,0,0,1,0,1,0
427,0,0,1,1,1,0,0,1,0,1,1,1,0,0,0,1,0,1,0
428,0,0,1,1,1,1,0,1,0,1,1,1,0,0,0,1,0,0,0
429,0,0,1,1,1,1,0,1,0,1,1,1,0,0,0,1,0,0,0
430,1,0,0,1,1,1,0,1,0,1,1,1,0,0,0,1,0,0,0
431,1,0,0,1,1,1,0,1,0,1,1,1,0,0,0,1,0,0,0
432,1,0,0,1,1,1,0,1,0,1,1,1,0,0,0,1,0,1,0
433,1,0,1,1,1,1,0,1,0,1,0,1,0,0,0,1,0,1,0
434,1,0,1,1,1,1,0,1,0,1,0,1,0,0,0,1,0,1,0
435,1,0,1,1,1,1,0,1,0,1,0,1,0,0,0,1,0,1,0
436,1,0,1,1,1,1,0,0,0,1,0,1,0,0,0,1,0,1,0
437,1,0,1,1,1,1,0,0,0,1,0,1,0,0,0,1,0,1,0
438,1,0,1,1,1,0,0,0,0,1,0,1,0,0,0,1,0,1,1
439,1,0,1,1,1,1,0,0,0,1,0,1,0,0,0,1,0,1,1
440,1,0,1,1,1,1,0,0,0,0,0,1,0,0,0,1,0,1,1
441,1,0,0,1,1,1,0,0,0,0,0,1,0,0,0,1,0,1,1
442,1,0,0,1,1,1,0,0,0,0,0,1,0,0,0,1,0,1,1
443,1,0,0,1,1,1,0,1,0,0,1,1,0,0,0,1,0,1,1
444,1,0,1,1,1,1,0,1,0,0,1,1,0,0,0,1,0,1,1
445,1,0,1,1,1,1,0,1,0,0,1,1,0,0,0,1,0,1,1
446,0,0,1,1,1,1,0,1,0,0,1,1,0,0,0,1,0,1,0
447,0,0,1,1,1,1,0,1,0,0,1,1,0,0,0,1,0,1,0
448,0,0,1,1,1,1,0,1,0,0,1,1,0,0,0,1,0,1,0
449,0,0,1,1,1,1,0,1,0,0,1,1,0,0,0,1,0,1,0
450,0,0,1,1,1,1,0,1,0,0,1,1,0,0,0,1,0,0,0
451,0,0,1,1,1,1,0,1,0,0,1,1,0,0,0,1,0,1,0
452,0,0,1,1,1,1,0,1,0,0,1,1,0,0,0,1,1,1,0
453,0,1,1,1,1,1,0,1,0,0,1,1,0,0,0,1,1,1,0
454,0,1,1,1,1,1,0,1,0,0,1,1,0,0,0,1,1,1,0
455,0,1,1,0,1,1,0,1,0,0,1,1,0,0,0,0,1,1,0
456,0,1,1,0,1,1,0,1,0,0,1,1,0,0,0,0,1,1,0
457,0,1,1,0,1,1,0,1,0,0,1,1,0,0,0,0,1,1,0
458,0,1,1,1,1,1,0,0,0,0,1,1,0,0,0,1,1,1,0
459,0,1,0,1,1,1,0,0,0,0,1,1,0,0,0,1,1,1,0
460,0,1,0,1,1,1,0,0,0,0,1,1,0,0,0,1,0,1,0
461,0,0,0,1,1,1,0,0,0,0,1,1,0,0,0,1,0,1,0
462,0,0,1,1,1,1,0,0,0,0,1,1,0,0,0,1,0,1,0
463,0,0,1,1,1,1,0,0,0,0,1,1,0,0,0,1,0,1,0
464,0,0,1,1,1,1,0,0,0,0,1,1,0,0,0,1,0,1,0
465,1,0,1,1,1,1,0,0,0,0,1,1,0,0,0,1,0,1,0
466,1,0,1,1,1,1,0,0,0,0,1,1,0,0,0,1,0,0,0
467,1,0,1,1,1,1,0,0,0,0,1,1,0,0,0,1,0,1,0
468,1,0,1,1,1,0,0,0,0,0,1,1,0,0,0,1,0,1,0
469,1,0,1,1,1,0,0,0,0,0,1,1,0,0,0,1,0,1,0
470,1,0,1,1,1,0,0,0,0,0,1,1,0,0,0,1,0,1,0
471,1,0,1,1,1,0,0,0,0,0,1,1,0,0,0,1,0,1,0
472,1,0,1,1,1,0,0,0,0,0,1,1,0,0,0,1,0,1,0
473,1,0,1,1,1,0,0,0,0,0,1,1,0,0,0,1,0,1,0
474,1,0,1,1,1,0,0,0,0,1,1,1,1,0,0,1,0,1,0
475,1,0,1,1,1,0,0,1,0,1,1,1,1,0,0,1,0,1,0
476,1,0,1,1,1,0,0,1,0,1,0,1,1,0,0,1,0,1,0
477,1,0,1,1,1,0,0,1,0,1,0,1,1,0,0,1,0,1,0
478,1,0,1,1,1,0,0,1,0,1,0,1,1,0,0,1,0,1,0
479,1,0,1,1,1,0,0,1,0,1,0,1,1,0,0,1,0,1,0
480,1,0,1,1,1,0,0,1,0,1,0,1,1,0,1,1,0,1,0
481,1,0,0,1,1,0,0,1,0,1,0,1,1,0,1,1,0,1,0
482,0,0,0,1,1,0,0,1,0,0,0,1,0,0,1,1,0,1,0
483,0,0,0,1,1,0,0,1,0,0,0,1,0,0,1,1,0,1,0
484,0,0,0,1,1,0,0,1,0,0,0,1,0,1,1,0,0,1,0
485,0,0,0,1,1,0,0,1,0,0,0,1,0,1,1,0,0,1,0
486,0,0,0,1,1,0,0,1,0,0,0,1,0,1,1,0,0,0,0
487,0,0,0,1,1,0,0,1,0,0,0,1,0,1,1,0,0,0,0
488,0,0,0,1,1,0,0,1,0,0,0,1,0,1,0,0,0,0,0
489,0,0,0,1,1,0,0,1,0,0,0,1,0,1,0,0,0,0,0
490,1,0,0,1,1,1,0,1,0,0,0,1,0,1,0,0,0,0,0
491,1,0,0,1,1,1,0,1,0,0,0,1,0,1,0,0,0,1,0
492,1,0,1,1,1,1,0,1,0,0,0,1,0,1,0,1,0,1,0
493,1,0,1,1,1,1,0,1,0,0,0,1,0,1,0,1,0,1,0
494,1,0,1,1,1,1,0,0,0,1,1,1,0,1,0,1,0,1,0
495,1,0,1,1,1,1,0,0,0,1,1,1,0,0,0,1,0,1,0
496,1,0,1,1,1,1,0,1,0,1,1,1,0,0,0,1,0,1,0
497,1,0,1,1,1,1,0,1,0,1,1,1,0,0,0,1,0,1,0
498,0,0,1,1,1,1,0,1,0,1,1,1,0,0,0,1,0,1,0
499,0,0,1,1,1,1,0,1,0,1,1,1,0,0,0,1,0,1,0
500,0,0,1,1,1,1,0,1,0,1,1,1,0,0,0,1,0,1,0
501,0,0,1,1,1,1,0,1,0,1,1,1,0,0,0,1,0,1,0
502,0,0,1,1,1,1,0,1,0,0,1,1,0,0,0,1,1,1,0
503,0,0,1,1,1,1,0,1,0,0,1,1,0,0,0,1,1,1,0
504,0,0,1,1,1,1,0,1,0,0,1,1,0,0,0,0,1,1,0
505,0,0,1,1,1,1,0,1,0,0,1,1,0,0,0,0,1,1,0
506,0,0,1,1,1,0,0,1,0,0,1,1,0,0,0,0,1,1,0
507,1,0,1,1,1,1,0,1,0,0,0,1,0,0,0,0,1,0,0
508,1,0,0,1,1,1,0,1,0,0,1,1,0,0,0,0,1,0,0
509,1,0,0,1,0,1,0,1,0,0,1,1,0,0,0,0,1,0,0
510,1,0,0,1,0,1,0,1,0,0,1,1,0,0,0,0,0,0,0
511,1,0,0,1,0,1,0,1,0,0,1,1,0,0,0,0,0,0,0
512,1,0,0,1,0,1,0,1,0,0,1,1,0,0,0,1,0,0,0
513,1,0,0,1,1,1,0,1,0,0,1,0,0,0,0,1,0,0,0
514,1,0,0,1,1,1,0,1,0,0,1,0,0,0,0,1,0,0,0
515,0,0,0,1,1,1,0,1,0,0,1,0,0,0,0,1,1,0,0
516,0,0,0,1,1,1,0,1,0,0,1,1,0,0,0,1,1,0,0
517,0,0,0,1,1,1,0,1,0,0,1,1,0,0,0,1,1,0,0
518,0,0,0,1,1,1,0,1,0,0,1,1,0,0,0,1,1,0,0
519,0,1,0,1,1,1,0,0,0,0,1,1,0,0,0,1,1,0,0
520,0,1,0,1,1,1,0,1,0,0,0,1,0,0,0,0,1,0,0
521,0,1,0,1,1,1,0,1,0,0,0,1,0,0,0,0,1,0,0
522,0,1,0,1,1,1,0,1,0,0,0,1,0,0,0,1,1,0,0
523,0,1,0,1,1,1,0,1,0,0,0,1,0,0,0,1,1,0,0
524,0,1,0,1,1,1,0,1,0,0,0,0,0,0,0,1,1,0,0
525,0,1,0,1,1,1,0,1,0,0,1,1,0,0,0,1,1,0,0
526,0,1,0,1,1,1,0,1,0,0,1,1,0,0,0,1,1,0,0
527,0,1,0,1,1,1,1,1,0,0,1,1,0,0,0,1,1,0,0
528,0,1,0,1,1,1,1,0,0,0,1,1,0,0,0,1,1,0,0
529,0,1,0,1,1,1,1,0,0,0,1,1,0,0,0,1,1,0,0
530,0,1,0,1,1,1,1,0,0,0,1,1,0,0,0,1,1,0,0
531,0,0,0,1,1,1,1,0,0,1,1,1,0,0,0,1,1,0,0
532,0,0,0,1,1,1,1,0,0,1,1,1,0,0,0,1,1,0,0
533,0,0,0,1,1,1,1,0,0,1,1,1,0,0,0,1,1,1,0
534,0,0,0,1,1,1,1,0,0,1,1,1,0,0,0,1,1,1,0
535,1,0,0,1,1,1,0,0,0,1,1,1,0,0,0,0,1,1,0
536,1,0,1,1,1,1,0,0,0,1,1,0,0,0,0,0,1,1,0
537,1,0,1,1,1,1,0,0,0,1,1,1,0,0,0,0,1,1,0
538,1,0,1,1,1,1,0,0,0,1,1,1,0,0,0,0,1,1,0
539,1,0,1,1,1,1,0,1,0,1,1,1,0,0,0,0,1,1,0
540,1,0,1,1,1,1,0,1,0,1,1,1,0,0,0,0,1,1,0
541,1,0,1,1,1,1,0,1,0,1,1,1,0,0,0,0,1,1,0
542,1,0,1,1,1,1,0,1,0,0,1,1,0,0,0,0,1,1,0
543,0,0,1,1,1,1,0,1,0,0,1,1,0,0,0,0,0,1,0
544,0,0,1,1,1,1,0,1,0,0,1,1,0,0,0,0,0,1,0
545,0,0,1,1,1,1,0,1,0,1,1,1,0,0,0,0,0,1,0
546,0,0,1,1,1,1,0,1,0,1,1,1,0,0,0,1,0,1,0
547,1,0,1,1,1,1,0,0,0,1,1,1,0,0,0,1,0,1,0
548,1,0,1,1,1,1,0,0,0,1,1,1,0,0,0,1,0,1,0
549,1,0,1,1,1,1,0,1,0,1,1,1,0,0,0,1,1,1,0
550,1,0,1,1,1,1,0,1,0,1,1,1,0,0,0,1,1,1,0
551,1,0,1,1,1,1,0,1,0,1,1,1,0,0,0,1,1,1,0
552,1,0,1,1,1,0,0,1,0,1,1,1,0,0,0,1,1,1,0
553,1,0,1,1,1,0,0,1,0,1,1,1,0,0,0,1,1,1,0
554,1,0,1,1,1,0,0,1,0,1,1,1,0,0,0,1,1,1,0
555,0,0,0,1,1,1,0,1,0,1,1,1,0,0,0,1,1,1,0
556,0,0,0,1,1,1,0,1,0,1,1,1,0,0,0,1,1,1,0
557,0,0,0,1,1,1,0,1,0,1,1,1,0,0,0,1,0,1,0
558,0,0,0,1,1,1,0,1,0,1,1,1,0,0,0,1,0,1,0
559,0,0,0,1,1,1,0,1,0,1,1,1,0,0,0,0,0,1,1
560,0,0,0,1,1,1,0,1,0,1,1,1,0,0,0,0,0,1,1
561,0,0,0,1,1,1,0,1,0,0,1,1,0,0,0,0,0,1,1
562,0,0,0,1,1,0,0,1,0,0,1,1,0,0,0,0,0,1,1
563,0,0,0,1,1,0,0,1,0,0,1,1,0,0,0,0,0,1,1
564,1,0,0,1,1,0,0,1,0,0,1,1,0,0,0,0,0,1,1
565,1,0,0,1,1,0,0,1,0,0,1,1,0,0,0,0,0,1,1
566,1,0,0,1,1,1,0,1,0,0,1,1,0,0,0,0,0,1,1
567,1,0,0,1,1,1,0,1,0,0,1,1,0,0,0,0,0,1,0
568,1,0,0,1,1,1,0,1,0,0,1,1,0,0,0,0,0,1,0
569,1,0,0,1,1,1,0,1,0,0,1,1,0,0,0,0,0,1,0
570,1,0,0,1,1,1,0,1,0,0,1,1,0,0,0,0,0,0,0
571,1,0,0,1,1,1,1,1,0,0,1,1,0,0,0,0,0,0,0
572,0,0,0,1,1,1,1,1,0,0,1,1,0,0,0,0,0,0,1
573,0,0,0,1,1,0,1,1,0,0,1,1,0,0,0,0,0,0,1
574,0,0,1,1,1,0,1,1,0,0,1,1,0,0,0,0,0,0,1
575,0,0,1,1,1,0,1,1,0,0,1,1,0,0,0,0,0,0,1
576,0,0,1,1,1,0,1,1,0,0,1,1,0,0,0,0,0,0,1
577,0,0,1,1,1,0,1,1,0,0,1,1,0,0,0,1,0,0,1
578,1,0,1,1,1,0,1,1,0,1,1,1,0,0,0,1,0,0,1
579,1,0,1,1,1,0,0,1,0,1,0,1,0,0,0,1,0,0,1
580,1,0,1,1,1,0,1,1,0,1,0,1,0,0,0,1,0,0,0
581,1,0,1,1,1,0,1,1,0,1,0,1,0,0,0,1,0,0,0
582,1,0,1,1,1,0,1,1,0,1,0,1,0,0,0,1,0,0,0
583,1,0,1,1,1,0,1,1,0,1,0,1,0,0,0,1,0,0,0
584,1,0,1,1,1,0,1,1,0,1,0,1,0,0,0,1,0,0,0
585,1,0,1,1,1,0,1,1,0,1,0,1,0,0,0,1,0,0,0
586,0,0,1,1,1,0,1,0,0,1,0,1,0,0,0,1,0,0,0
587,0,0,1,1,1,0,1,0,0,0,0,1,0,0,0,1,0,0,0
588,0,0,1,1,1,0,0,0,0,0,1,1,0,0,0,1,0,0,0
589,0,0,1,1,1,0,0,1,0,0,1,1,0,0,0,1,0,0,0
590,0,0,0,1,1,0,0,1,0,0,1,1,0,1,0,1,0,0,0
591,0,1,0,1,1,0,0,1,0,0,1,1,0,1,0,1,0,0,0
592,0,1,1,0,1,0,0,1,0,0,1,1,0,1,0,1,0,0,0
593,0,1,1,0,1,0,0,1,0,0,1,1,0,1,0,1,0,0,0
594,1,1,1,0,1,0,0,1,0,0,1,1,0,1,0,1,0,0,0
595,1,1,1,1,1,0,0,1,0,0,1,1,1,1,0,0,0,0,0
596,1,1,1,1,1,0,0,1,0,1,1,1,1,1,0,0,0,0,0
597,1,1,1,1,1,0,0,0,0,1,1,1,1,1,0,0,0,0,0
598,1,1,1,1,1,0,0,0,0,1,1,1,1,0,0,0,0,0,0
599,1,0,1,1,1,0,0,0,0,1,1,0,1,0,0,0,0,0,0
600,1,0,1,1,1,0,0,0,0,1,1,1,1,0,0,0,0,0,0
601,1,0,1,1,1,0,0,0,0,1,1,1,1,0,0,0,0,0,0
602,1,0,1,1,1,0,0,0,0,1,1,1,1,0,0,0,0,1,0
603,1,0,1,1,1,0,0,0,0,1,1,1,0,0,0,0,0,1,0
604,1,0,0,1,1,0,0,0,0,1,1,1,0,0,0,0,0,1,0
605,1,0,1,1,1,0,0,0,0,1,1,1,0,0,0,0,1,1,0
606,1,0,1,1,1,0,0,0,0,1,0,1,0,0,0,0,1,1,0
607,1,0,1,1,1,0,0,0,0,1,0,1,0,0,0,0,1,1,0
608,0,0,1,1,1,0,0,1,0,1,0,1,0,0,0,0,1,1,0
609,0,0,1,1,1,0,0,1,0,0,1,1,0,0,0,0,1,1,0
610,0,0,1,1,1,0,0,1,0,0,1,1,0,0,0,0,1,1,0
611,0,0,1,1,0,0,0,1,0,0,1,1,0,0,0,0,1,1,0
612,1,0,1,1,1,0,0,1,0,0,1,1,0,0,0,0,1,1,0
613,1,0,1,1,1,0,0,1,0,0,1,1,0,0,0,1,1,1,0
614,1,0,0,1,1,0,0,1,0,0,1,1,0,0,0,1,1,1,0
615,1,0,0,1,1,0,0,1,0,0,1,1,0,0,0,1,1,1,0
616,1,0,1,1,1,0,0,0,0,0,1,1,0,0,0,1,1,0,0
617,1,0,1,1,1,0,0,0,0,0,1,1,0,0,0,1,1,0,0
618,1,0,1,1,1,1,0,0,0,1,1,1,0,0,0,1,1,0,0
619,1,0,1,1,1,1,0,0,0,1,1,1,0,0,0,1,1,0,0
620,0,0,1,1,1,1,0,0,0,1,1,1,0,0,0,1,1,0,0
621,0,0,1,1,1,1,0,1,0,1,1,1,0,0,0,1,1,1,0
622,0,0,1,1,1,1,0,1,0,1,1,1,0,0,0,1,1,1,0
623,1,0,1,1,1,1,0,1,0,1,1,1,0,0,0,1,1,1,0
624,1,0,0,1,1,1,0,1,0,1,1,1,0,0,0,1,1,1,0
625,1,0,0,1,1,1,0,1,0,1,1,1,0,0,0,1,1,1,0
626,1,0,0,1,1,1,0,1,0,1,1,1,0,0,0,0,1,1,0
627,1,0,0,1,1,1,0,1,0,1,0,1,0,0,0,1,1,1,0
628,1,0,0,1,1,1,0,1,0,1,1,1,0,0,0,1,1,1,0
629,1,0,1,1,0,1,0,1,0,1,1,1,0,0,0,1,1,0,0
630,1,0,1,1,1,1,0,1,0,1,1,1,0,0,0,1,1,0,0
631,0,0,1,1,1,1,0,1,0,1,1,1,0,0,0,1,1,0,0
632,1,0,1,1,1,1,0,1,0,1,1,1,0,0,0,1,1,0,0
633,1,0,1,1,1,1,0,1,0,1,1,1,0,0,0,1,1,0,0
634,1,0,1,1,1,1,0,1,0,0,1,1,0,0,0,1,1,0,0
635,1,0,1,1,1,1,0,1,0,0,1,1,0,0,0,0,1,0,0
636,1,0,1,1,1,1,0,1,0,0,1,1,0,0,0,0,1,0,0
637,1,0,1,1,1,1,0,1,0,0,1,1,0,0,0,0,1,0,0
638,1,0,1,1,0,0,0,1,0,0,1,1,0,0,0,0,1,0,0
639,1,0,1,1,0,0,0,1,0,0,1,1,0,0,0,0,1,0,0
640,1,0,0,1,0,0,0,1,0,0,1,1,0,0,0,1,1,1,0
641,1,0,0,1,1,0,0,1,0,0,1,1,0,0,0,1,0,1,1
642,1,0,0,1,1,0,1,1,0,0,1,1,0,0,0,1,1,1,1
643,1,0,0,1,1,0,1,1,0,0,1,1,0,0,0,1,1,1,1
644,0,0,0,1,1,0,1,1,0,0,1,1,0,0,0,1,1,1,1
645,0,0,0,1,1,0,1,1,0,0,1,1,0,0,0,1,1,1,1
646,0,0,0,1,1,1,1,1,0,1,1,1,0,0,0,1,1,1,1
647,0,0,0,1,1,1,1,1,0,1,0,1,0,0,0,1,1,1,1
648,0,0,0,1,1,1,1,1,0,1,0,1,0,0,0,0,1,1,1
649,1,0,0,1,1,1,1,1,0,1,0,1,0,0,0,1,1,1,1
650,1,0,0,1,1,1,0,1,0,1,0,1,0,0,0,1,1,1,1
651,1,0,0,1,1,1,0,1,0,1,0,1,0,0,0,1,1,1,1
652,1,0,0,1,1,1,0,1,0,1,0,1,0,0,0,1,1,1,1
653,1,0,0,1,1,1,0,0,0,1,0,1,0,0,0,1,1,1,1
654,1,0,0,1,1,1,0,0,0,1,0,1,0,0,0,1,1,1,1
655,1,0,0,1,1,1,0,0,0,1,1,1,0,0,0,1,1,1,1
656,1,0,0,1,1,0,0,1,0,0,1,1,0,0,0,1,1,1,0
657,0,0,0,1,1,0,0,1,0,0,1,1,0,0,0,1,0,1,0
658,0,0,0,1,1,0,0,1,0,0,1,1,0,0,0,1,0,1,0
659,0,0,0,1,1,0,0,1,0,0,1,1,0,0,0,1,0,1,0
660,0,0,0,1,1,0,0,1,0,1,1,1,0,0,0,1,0,1,0
661,0,0,0,1,1,0,0,1,0,1,1,1,0,0,0,0,0,1,0
662,0,0,0,1,1,0,0,1,0,1,1,1,0,0,0,0,0,1,0
663,0,0,0,1,1,0,0,1,0,1,1,1,0,0,0,1,0,1,0
664,0,0,0,1,1,0,0,1,0,1,1,1,0,0,0,1,0,1,0
665,1,0,0,1,1,0,0,1,0,1,0,1,0,0,0,1,0,1,0
666,1,0,0,1,1,0,0,1,0,1,0,1,0,0,0,1,0,1,0
667,1,0,0,1,1,0,0,1,0,1,1,1,0,0,0,1,0,1,0
668,1,0,0,1,1,0,0,1,0,1,1,1,0,0,0,1,0,1,0
669,1,0,0,1,1,1,0,1,0,1,1,1,0,0,0,0,0,1,0
670,1,0,0,1,1,1,0,1,0,1,1,1,0,1,0,0,0,1,0
671,1,0,0,1,1,1,0,1,0,1,1,1,0,1,0,0,0,1,0
672,1,0,0,1,1,1,0,1,0,1,1,1,0,1,0,0,0,1,0
673,1,0,0,1,1,1,0,1,0,1,1,1,0,1,0,0,0,1,0
674,1,0,0,1,1,1,0,0,0,0,1,1,0,1,0,0,1,1,0
675,0,0,0,1,1,1,0,0,0,0,0,1,0,1,0,0,1,1,0
676,0,0,0,1,1,1,0,0,0,1,0,1,0,1,0,0,1,1,1
677,0,0,0,1,1,1,0,0,0,1,0,1,0,1,0,0,1,1,1
678,0,0,0,1,1,1,0,0,0,1,1,1,0,0,0,1,1,1,1
679,0,0,0,1,1,1,0,0,0,1,1,1,0,0,0,1,1,1,1
680,0,0,1,1,1,1,0,0,0,1,1,1,0,0,0,1,1,1,1
681,0,0,1,1,1,1,0,0,0,1,1,1,0,0,0,1,1,1,1
682,0,0,1,1,1,1,0,0,0,1,1,1,0,0,0,1,1,1,1
683,0,0,1,1,1,1,0,0,0,1,1,1,0,0,0,1,1,1,1
684,1,0,1,1,1,1,0,0,0,1,1,1,0,0,0,1,1,1,1
685,1,0,1,1,1,1,0,0,0,1,1,1,0,0,0,1,1,1,1
686,1,0,1,1,1,1,0,1,0,1,1,1,0,0,0,1,1,1,1
687,1,0,1,1,1,1,0,1,0,1,1,1,0,0,0,1,1,1,1
688,1,0,1,1,1,1,0,1,0,1,1,1,0,0,0,1,1,1,1
689,1,0,1,1,1,1,0,1,0,1,1,1,0,0,0,1,1,1,1
690,1,0,1,1,1,1,0,1,0,1,1,1,0,0,0,1,1,1,0
691,1,0,1,1,1,0,0,1,0,1,1,1,0,0,0,1,1,1,0
692,1,0,1,1,1,0,0,1,0,1,0,1,0,0,0,1,1,1,0
693,1,0,0,1,1,0,0,1,0,1,0,1,0,0,0,1,1,1,0
694,1,0,0,1,1,0,0,1,0,1,1,1,0,0,0,0,1,1,0
695,1,0,0,1,1,0,0,1,0,1,1,1,0,0,0,0,1,0,0
696,1,0,0,1,1,0,0,1,0,1,1,1,0,0,0,0,1,0,0
697,1,0,0,1,1,0,0,1,0,1,1,1,0,0,0,0,1,1,0
698,1,0,0,1,1,0,0,1,0,1,1,1,0,0,0,0,1,1,0
699,1,0,0,1,1,0,0,1,0,1,1,1,0,0,0,0,1,1,0
700,1,0,0,1,1,0,0,1,0,1,1,1,0,0,0,0,1,1,0
701,1,0,0,1,1,0,0,1,0,1,1,1,0,0,0,0,1,1,0
702,0,0,0,1,1,0,0,1,0,1,1,1,0,0,0,0,1,1,0
703,0,0,0,1,1,0,0,0,0,1,1,1,0,0,0,0,0,1,0
704,0,0,0,1,1,0,0,1,0,1,1,1,0,0,0,0,0,1,0
705,0,0,0,1,1,0,0,1,0,1,1,1,0,0,0,0,0,1,0
706,0,0,0,1,1,0,0,1,0,1,1,1,0,0,0,0,0,1,0
707,0,0,0,1,1,0,1,1,0,1,1,1,0,0,0,0,1,1,0
708,0,0,0,1,1,0,1,1,0,1,1,1,0,0,0,0,1,1,0
709,0,0,0,1,1,0,1,1,0,1,1,1,0,0,0,1,1,1,0
710,0,0,0,1,1,1,1,1,0,1,1,1,0,0,0,1,1,1,0
711,0,0,0,1,1,1,1,1,0,1,1,1,0,0,0,1,1,1,0
712,0,0,0,1,0,1,1,0,0,1,1,1,0,0,0,1,1,1,0
713,0,0,1,1,0,1,1,0,0,1,1,1,0,0,0,1,1,1,0
714,0,0,1,1,0,1,1,0,0,1,1,1,0,0,0,1,1,1,0
715,0,0,1,1,0,1,0,0,0,1,1,1,0,0,0,1,0,1,0
716,0,0,1,1,0,1,0,0,0,0,1,1,0,0,0,1,0,1,0
717,0,0,1,1,0,1,0,0,0,0,1,1,0,0,0,1,0,1,0
718,0,0,1,1,1,1,0,0,0,0,1,1,0,0,0,1,1,1,0
719,0,0,1,1,1,1,0,0,0,1,1,1,0,0,0,1,1,1,0
720,0,0,1,1,1,1,0,0,0,1,1,1,0,0,0,1,1,1,0
721,0,0,1,1,1,1,0,0,0,1,1,1,0,0,0,0,1,1,0
722,0,0,1,1,1,1,0,0,0,1,0,1,0,0,0,0,1,1,0
723,0,0,0,1,1,1,0,0,0,1,1,1,0,0,0,1,1,1,0
724,0,0,1,1,1,1,0,1,0,1,1,1,0,0,0,1,1,1,0
725,0,0,1,1,1,1,0,1,0,1,1,1,0,0,0,1,1,1,0
726,0,0,1,1,1,1,0,1,0,1,1,1,0,0,0,1,1,1,0
727,0,0,1,1,1,1,0,1,0,1,1,1,0,0,0,1,1,1,0
728,0,0,1,1,1,1,0,1,0,1,1,0,0,0,0,1,1,1,0
729,0,0,1,1,1,1,0,1,0,1,1,0,0,0,0,1,1,1,0
730,0,0,1,1,1,1,0,1,0,1,1,0,0,0,0,1,1,1,0
731,0,0,1,1,1,1,0,1,0,1,1,0,0,0,0,0,1,1,0
732,1,0,0,1,1,1,0,1,0,1,1,0,0,0,0,0,1,1,0
733,1,0,0,1,1,1,0,1,0,1,1,0,0,0,0,0,1,1,0
734,1,0,0,1,1,1,0,1,0,1,1,0,0,0,0,0,1,1,0
735,1,0,0,1,1,1,0,0,0,1,1,0,0,0,0,0,1,1,0
736,1,0,0,1,1,0,0,0,0,1,1,0,0,0,0,0,1,1,0
737,1,0,0,1,1,0,0,0,0,1,1,0,0,0,0,0,1,1,0
738,0,0,0,1,1,0,0,0,0,1,1,0,0,0,0,0,1,1,0
739,1,0,0,1,1,0,0,0,0,1,1,0,0,0,0,0,1,1,0
740,1,0,0,1,1,0,0,0,0,1,1,0,0,0,0,0,1,1,0
741,1,0,0,1,1,1,0,0,0,1,1,0,0,0,0,1,1,1,0
742,1,0,0,1,1,1,0,0,0,1,1,1,0,0,0,1,1,1,0
743,1,0,0,0,1,1,0,0,0,1,1,1,0,0,0,1,1,1,0
744,1,0,0,0,1,1,0,0,0,1,1,1,0,0,0,1,1,1,0
745,0,0,1,0,1,1,0,0,0,0,1,1,0,0,0,1,1,1,0
746,0,0,1,0,1,1,0,1,0,0,1,1,0,0,0,1,1,1,0
747,1,0,1,0,1,1,0,1,0,0,1,1,0,0,0,1,1,1,0
748,1,0,1,0,1,1,0,1,0,0,1,1,0,0,0,1,1,1,0
749,1,0,1,0,1,1,0,1,0,0,1,1,0,0,0,0,1,1,0
750,1,0,1,0,1,1,0,1,0,0,1,0,0,0,0,1,1,1,0
751,1,0,1,0,1,1,0,1,0,0,1,0,0,1,0,1,1,1,0
752,1,0,1,0,1,1,1,1,0,0,1,0,0,1,0,1,1,1,0
753,1,0,1,0,1,1,1,1,0,0,1,0,0,1,1,1,1,1,0
754,1,0,1,0,1,1,1,1,0,1,1,0,0,1,1,1,1,1,0
755,1,0,1,0,1,1,1,1,0,1,1,0,0,1,1,1,1,1,0
756,1,0,1,0,1,1,1,0,0,1,1,0,0,1,1,1,1,1,0
757,1,0,1,0,1,1,1,0,0,1,1,0,0,1,1,1,1,1,0
758,1,0,1,1,1,1,1,0,0,1,1,0,0,1,1,1,1,1,0
759,1,0,1,1,1,1,1,0,0,1,1,0,0,0,1,1,1,1,0
760,1,0,1,1,1,1,0,0,0,1,1,0,0,0,1,1,1,1,0
761,1,0,0,1,1,1,0,0,0,1,1,0,0,0,0,1,1,1,0
762,1,0,0,1,1,1,0,0,0,1,1,0,0,0,0,0,1,1,0
763,1,0,0,1,1,1,0,0,0,1,1,0,0,0,0,0,1,1,0
764,1,0,0,1,1,1,0,0,0,1,1,1,0,0,0,0,1,1,0
765,1,0,0,1,1,1,0,0,0,1,1,1,0,0,0,0,1,1,0
766,1,0,0,1,1,1,0,0,0,1,1,1,0,0,0,0,1,1,0
767,1,0,0,1,1,1,0,0,0,1,1,1,0,0,0,0,1,1,0
768,1,0,0,1,1,1,0,0,0,1,1,1,0,0,0,0,0,1,0
769,1,0,0,1,1,1,0,0,0,1,1,1,0,0,0,0,0,1,0
770,1,0,0,1,1,1,0,0,0,1,1,1,0,0,0,0,1,1,1
771,1,0,0,0,1,1,0,0,0,0,1,1,0,0,0,0,1,0,1
772,1,0,0,1,1,1,0,0,0,0,1,1,0,0,0,0,1,0,1
773,1,0,0,1,1,1,0,0,0,0,1,1,0,0,0,0,1,0,1
774,1,0,0,1,1,1,0,0,0,0,1,1,0,0,0,0,1,0,1
775,1,0,0,1,1,1,0,0,0,0,0,1,0,0,0,0,1,0,1
776,1,0,0,1,1,1,0,0,0,0,0,1,0,0,0,0,1,1,1
777,1,1,0,1,1,1,0,0,0,0,1,1,0,0,0,0,1,1,1
778,1,1,0,1,1,1,0,0,0,0,1,1,1,0,0,0,1,1,0
779,1,1,1,1,1,1,0,0,0,1,1,1,1,0,0,0,1,1,1
780,1,1,1,1,1,1,0,0,0,1,1,1,1,0,1,0,1,1,1
781,1,1,1,1,1,1,0,0,0,1,1,1,1,0,1,1,1,1,1
782,1,1,1,1,1,1,0,0,0,1,1,1,1,0,1,1,1,1,1
783,1,1,1,1,1,1,0,0,0,1,1,1,1,0,1,1,1,1,1
784,1,1,1,1,1,1,0,0,0,1,1,1,1,0,1,1,1,1,1
785,1,1,1,1,1,1,0,0,0,1,1,1,1,0,1,1,0,1,1
786,0,1,1,1,1,1,0,0,0,1,1,1,0,0,1,1,0,1,1
787,0,1,1,1,1,1,0,0,0,0,1,1,0,0,1,1,0,1,1
788,0,1,1,0,1,1,0,1,0,0,1,1,0,0,0,1,0,1,0
789,0,1,1,1,1,1,0,1,0,0,1,1,0,0,0,0,0,1,1
790,0,1,0,1,1,1,0,1,0,0,1,1,0,0,0,0,1,1,1
791,0,1,0,1,1,1,0,1,0,0,1,1,0,0,0,0,1,1,1
792,0,1,0,1,1,1,0,1,0,0,1,1,0,0,0,0,1,1,1
793,0,1,0,1,1,0,0,1,0,0,1,1,0,0,0,1,1,1,1
794,0,1,0,1,1,0,0,1,0,0,1,1,0,0,0,1,1,1,1
795,0,1,0,1,1,1,0,1,0,1,1,1,0,0,0,1,1,1,1
796,0,1,0,1,1,1,0,1,0,1,1,1,0,0,0,1,1,1,1
797,0,1,0,1,1,1,0,1,0,1,1,1,0,1,0,1,1,1,0
798,1,1,0,1,1,1,0,1,0,1,1,1,0,1,0,1,1,1,0
799,1,1,0,1,1,1,0,1,0,1,1,1,0,1,0,1,1,1,0
800,1,1,0,1,1,1,0,1,0,1,1,1,0,1,0,1,1,1,0
801,1,1,0,1,1,1,0,1,0,1,0,1,0,1,0,1,1,1,0
802,1,1,0,1,1,1,0,1,0,1,0,0,0,1,0,1,1,1,0
803,1,1,1,1,1,1,0,1,0,1,0,0,0,1,0,1,1,1,0
804,1,1,1,1,1,1,0,1,0,0,0,0,0,1,0,1,1,1,0
805,1,1,1,1,1,1,0,1,0,0,0,0,0,0,0,0,1,1,0
806,1,0,1,1,1,1,0,1,0,0,1,0,0,0,0,0,1,1,0
807,1,0,1,1,1,1,0,1,0,0,1,0,0,0,0,0,1,1,0
808,1,0,1,1,1,1,0,1,0,1,1,0,0,0,0,0,1,1,0
809,1,0,1,1,1,1,0,1,0,1,1,0,0,0,0,0,1,1,0
810,1,0,1,1,1,1,0,1,0,1,1,0,0,0,0,0,1,1,0
811,1,0,1,1,1,1,0,1,0,1,1,0,0,0,0,0,1,1,0
812,1,0,1,1,1,1,1,1,0,1,1,0,0,0,0,0,1,1,0
813,1,0,1,1,1,0,1,1,0,1,1,0,0,0,0,0,1,1,1
814,1,0,1,1,1,1,1,1,0,1,1,0,0,0,0,1,1,1,1
815,1,0,1,1,1,1,1,1,0,1,1,0,0,0,0,1,1,1,1
816,1,0,1,1,1,1,1,1,0,1,1,0,0,0,0,1,1,1,1
817,1,0,1,1,1,1,1,1,0,1,1,0,0,0,0,1,1,1,1
818,1,0,1,1,1,1,1,1,0,1,1,0,0,0,0,1,1,1,1
819,1,0,1,1,1,1,1,1,0,0,1,0,0,0,0,1,1,1,1
820,1,0,1,1,1,1,1,1,0,0,1,0,0,0,0,1,1,1,1
821,1,0,1,1,1,1,1,1,0,0,1,0,0,0,0,1,1,1,0
822,1,0,1,1,1,1,1,0,0,0,1,0,0,0,0,1,1,1,0
823,1,0,1,1,1,1,1,0,0,0,1,0,0,0,0,0,1,0,0
824,0,0,0,1,1,0,1,1,0,0,1,0,0,0,0,0,1,0,0
825,0,0,0,1,1,0,1,1,0,0,1,0,0,0,0,0,1,1,0
826,0,0,0,1,1,0,1,1,0,0,1,0,0,0,0,0,1,1,0
827,0,0,0,1,1,0,1,1,0,0,1,0,0,0,0,0,1,1,0
828,0,0,0,1,1,0,0,1,0,0,1,1,0,0,0,0,1,1,0
829,1,0,1,1,1,0,0,1,0,0,1,1,0,0,0,0,1,1,0
830,1,0,1,1,1,0,0,1,0,0,1,1,0,0,0,0,1,1,0
831,1,0,1,1,1,0,0,1,0,1,1,1,0,0,0,0,1,1,0
832,1,0,1,1,1,1,0,1,0,1,1,1,0,0,0,0,1,1,0
833,1,0,1,1,1,1,0,1,0,1,1,1,0,1,0,0,1,0,0
834,1,0,1,1,1,1,0,1,0,1,1,1,0,1,0,0,1,0,0
835,1,0,1,1,1,1,0,1,0,1,1,1,0,1,0,0,1,0,0
836,1,0,1,1,1,1,0,1,0,1,1,1,0,1,0,0,0,0,0
837,0,0,1,1,1,1,0,1,0,1,1,1,0,1,0,0,0,0,0
838,0,0,1,1,1,1,0,1,0,1,1,1,0,1,0,0,0,0,0
839,0,0,1,1,1,1,0,1,0,0,1,1,0,1,0,0,0,1,0
840,0,0,1,1,1,1,0,1,0,1,1,1,0,1,0,0,0,1,1
841,1,0,1,1,1,0,0,1,0,1,1,1,0,0,0,0,1,1,1
842,1,0,1,1,1,0,0,1,0,1,1,1,0,0,0,0,1,1,1
843,1,0,1,1,1,0,0,1,0,1,1,0,0,1,0,0,1,1,1
844,1,0,1,1,1,0,0,1,0,1,1,0,0,1,0,0,1,1,1
845,1,0,1,1,1,0,0,1,0,1,1,1,0,1,0,0,1,1,1
846,1,0,0,1,1,0,0,1,0,1,1,1,0,1,0,0,1,1,1
847,1,0,0,1,1,0,0,1,0,1,1,1,0,1,0,0,1,1,1
848,1,0,0,1,1,0,0,1,0,0,1,1,0,1,0,1,1,1,0
849,0,0,0,1,1,0,0,1,0,0,1,1,0,1,0,1,1,1,0
850,0,0,0,1,1,0,0,0,0,0,1,1,0,1,0,1,1,1,0
851,0,0,1,1,1,0,0,0,0,0,1,1,0,1,0,1,1,1,0
852,0,0,1,1,1,0,0,0,0,0,1,1,0,1,0,1,1,1,0
853,0,0,1,1,1,0,0,0,0,0,1,1,0,1,0,1,1,1,0
854,1,0,1,1,1,0,0,0,0,0,1,1,0,1,0,1,1,0,0
855,1,1,1,1,1,0,0,0,0,0,1,1,0,1,0,1,1,0,0
856,1,1,1,1,1,0,0,0,0,0,1,1,0,1,0,0,1,0,0
857,1,1,1,1,1,0,0,0,0,0,1,1,0,1,0,0,1,0,0
858,1,1,1,1,1,1,0,0,0,0,1,1,0,0,0,0,1,0,0
859,1,1,1,1,1,1,0,0,0,0,1,1,0,0,0,0,1,0,1
860,1,1,1,1,1,1,0,0,0,0,1,1,0,0,0,0,1,0,1
861,1,1,1,1,1,1,0,0,0,0,1,0,0,0,0,0,1,0,1
862,0,0,1,1,1,1,0,0,0,0,1,0,0,0,0,0,1,0,1
863,0,0,1,1,1,1,0,0,0,0,1,0,0,0,0,0,1,0,1
864,0,0,1,1,1,1,0,0,0,0,1,0,0,0,0,0,1,1,1
865,0,0,1,1,1,1,0,0,0,0,1,0,0,0,0,0,1,1,1
866,1,1,1,1,0,1,0,1,0,0,1,0,0,0,0,0,1,1,1
867,1,1,0,1,0,1,0,1,0,0,1,0,0,0,0,0,1,1,1
868,1,1,0,1,0,0,0,1,0,0,1,1,0,0,0,0,1,1,1
869,1,1,0,1,1,0,0,1,0,1,1,1,0,0,0,0,1,1,1
870,1,1,0,1,1,0,0,1,0,1,1,1,0,0,0,0,0,1,1
871,1,1,0,1,1,0,0,1,0,1,1,1,0,0,0,0,1,1,1
872,1,1,0,1,1,0,0,1,0,1,1,1,0,0,0,0,1,1,1
873,1,1,0,0,1,0,0,1,0,1,1,1,0,0,0,0,1,1,1
874,1,1,0,0,1,0,0,0,0,1,1,1,0,0,0,0,1,1,1
875,1,0,0,0,1,0,0,0,0,1,1,1,0,0,0,0,1,1,1
876,1,0,0,1,1,0,0,0,0,1,1,1,0,0,0,0,1,1,0
877,1,1,0,1,0,0,0,1,0,1,1,1,0,0,0,0,1,1,0
878,1,1,0,1,1,0,0,1,0,1,1,1,0,0,0,0,1,1,0
879,1,1,0,1,1,0,0,1,0,0,1,1,0,0,0,0,1,1,0
880,1,1,0,1,1,0,0,1,0,0,1,1,0,0,0,0,1,1,1
881,0,1,0,1,1,0,0,1,0,0,1,1,0,0,0,0,1,1,1
882,0,1,0,1,1,0,0,1,0,0,1,0,0,0,0,1,1,1,1
883,0,1,0,1,1,0,0,1,0,0,1,0,0,0,0,1,1,1,1
884,1,1,0,0,1,0,0,1,0,0,1,0,0,0,0,1,1,1,1
885,1,1,0,0,1,0,0,0,0,0,1,0,0,0,0,1,1,1,1
886,1,0,0,0,1,0,0,0,0,0,1,0,0,0,0,1,1,1,1
887,1,0,0,0,1,0,0,0,0,1,1,0,0,0,0,1,1,1,1
888,1,0,0,0,1,0,0,0,0,1,1,0,0,0,0,1,1,1,0
889,1,0,0,0,1,0,0,0,0,1,0,0,0,0,0,1,1,1,0
890,1,0,0,0,1,0,0,0,0,1,0,0,0,0,0,1,1,1,0
891,1,0,0,0,1,0,0,0,0,1,0,0,0,0,0,1,1,1,0
892,1,0,0,0,1,0,0,1,0,1,1,0,0,0,0,1,1,0,0
893,1,0,0,0,1,0,0,1,0,1,1,0,0,0,0,1,1,1,0
894,1,0,0,0,1,0,0,1,0,1,1,0,0,0,0,1,1,1,0
895,1,0,0,0,1,0,0,1,0,1,1,0,0,0,0,1,1,1,0
896,1,0,0,0,1,0,0,1,0,1,1,0,0,0,0,1,1,1,0
897,1,0,0,0,1,0,0,1,0,1,1,0,0,0,0,1,1,1,0
898,1,0,0,0,1,0,0,1,0,1,1,0,0,0,0,0,1,1,1
899,1,0,0,0,1,0,0,1,0,1,1,0,0,0,0,0,1,1,1
900,1,0,0,0,1,0,0,0,0,1,1,0,0,0,0,0,1,1,1
901,1,0,0,0,1,0,0,0,0,1,0,0,0,0,0,0,1,1,1
902,1,0,0,1,1,0,0,0,0,1,0,0,0,0,0,0,1,1,1
903,1,0,0,1,1,0,0,0,0,0,0,0,0,0,0,0,1,1,1
904,1,0,0,1,1,0,0,0,0,0,1,0,0,0,0,0,1,1,1
905,0,0,0,1,1,0,0,0,0,0,1,0,0,0,0,0,1,1,1
906,0,0,0,1,1,0,0,0,0,0,1,1,0,0,0,0,1,1,1
907,0,0,0,1,1,0,0,0,0,0,1,1,0,0,0,0,1,1,1
908,0,0,0,1,1,0,0,0,0,0,1,1,0,0,0,0,1,1,1
909,0,1,1,1,1,0,0,0,0,1,1,1,0,0,0,0,1,1,1
910,1,1,1,0,1,0,0,0,0,1,1,1,0,0,0,1,1,1,1
911,1,1,1,0,1,0,0,0,0,1,1,1,0,0,0,1,1,1,1
912,1,1,1,0,1,0,0,1,0,1,1,1,0,0,0,1,1,1,1
913,1,1,1,1,1,0,0,1,0,1,1,1,0,0,0,1,1,1,1
914,1,1,1,1,1,0,0,1,0,1,1,1,0,0,0,1,1,1,1
915,1,1,1,1,1,0,0,1,0,1,1,1,0,0,1,1,1,1,1
916,1,1,1,1,1,0,0,1,0,1,1,1,0,0,1,1,1,1,1
917,1,1,1,1,1,0,0,1,0,1,0,1,0,0,1,1,1,1,1
918,1,0,1,1,1,0,0,1,0,1,0,1,0,0,1,1,1,1,1
919,1,0,1,1,1,0,0,1,0,1,0,0,0,0,1,1,1,1,1
920,1,0,1,1,1,0,0,1,0,1,0,0,0,0,1,0,1,0,0
921,0,0,1,0,1,0,0,1,0,0,0,0,0,0,1,0,1,0,0
922,1,0,1,0,1,0,0,1,0,0,0,1,0,0,1,0,1,0,0
923,1,1,1,0,1,0,0,1,0,0,0,1,0,0,1,1,1,0,0
924,1,1,1,0,1,0,0,1,0,0,0,1,0,0,1,1,1,0,0
925,1,1,1,0,1,0,0,1,0,0,0,1,0,0,1,1,1,0,0
926,1,1,1,0,1,0,0,1,0,0,0,1,0,0,1,1,1,0,0
927,1,1,0,0,1,0,0,1,0,0,0,1,0,0,1,1,1,1,0
928,1,1,0,0,0,0,0,1,0,0,0,1,0,0,0,1,1,1,1
929,1,1,1,0,1,0,1,1,0,0,0,1,0,0,0,1,1,1,1
930,1,0,1,0,1,0,1,0,0,0,0,0,0,0,1,1,1,1,1
931,1,0,1,0,1,0,1,0,0,0,0,0,0,0,1,1,1,1,1
932,1,0,1,0,1,0,1,0,0,0,0,0,0,0,1,1,1,1,1
933,1,0,1,0,1,0,1,0,0,0,0,0,0,0,1,1,1,1,1
934,1,0,1,0,1,0,1,1,0,0,0,0,0,0,1,0,1,1,1
935,1,0,1,0,1,0,1,1,0,0,0,0,0,0,1,0,0,1,1
936,1,0,1,0,1,0,1,1,0,1,0,0,0,0,1,0,1,1,0
937,1,0,1,0,0,0,1,1,0,1,0,0,0,0,0,0,1,1,1
938,1,0,1,0,0,0,1,1,0,1,0,1,0,0,0,0,1,1,1
939,1,0,1,0,0,0,1,1,0,1,0,1,0,0,0,0,1,1,1
940,0,0,1,1,0,0,0,1,0,1,1,1,0,0,0,0,1,1,1
941,0,0,1,1,0,0,0,1,0,1,1,1,0,0,0,0,1,1,1
942,0,1,1,1,0,0,0,1,0,1,1,1,0,0,0,0,1,1,1
943,0,1,1,1,0,0,0,1,0,1,1,1,0,0,0,0,1,1,1
944,0,1,1,1,0,0,1,1,0,1,1,1,0,0,0,0,0,0,1
945,0,1,1,1,0,0,1,1,0,1,1,1,0,0,0,0,1,0,0
946,0,1,1,1,0,0,1,1,0,1,1,1,0,0,0,0,1,0,0
947,0,1,1,1,0,0,1,0,0,1,1,1,0,0,0,0,1,0,0
948,0,1,1,0,0,0,1,0,0,1,1,1,0,0,0,0,1,0,0
949,0,1,1,1,1,0,1,0,0,1,1,1,0,0,0,1,1,0,0
950,1,1,1,1,1,0,1,1,0,1,1,1,0,0,0,1,1,1,0
951,1,1,1,1,1,0,1,1,0,1,1,1,0,0,0,1,1,1,0
952,1,1,1,1,1,0,0,1,0,1,1,1,0,0,0,1,1,1,0
953,1,1,1,1,1,0,0,1,0,1,1,1,0,0,0,1,1,1,0
954,1,1,1,1,1,0,0,1,0,1,1,1,0,0,0,1,1,1,1
955,1,1,1,1,1,0,0,1,0,1,1,1,0,1,0,1,1,1,1
956,1,1,1,1,1,0,0,1,0,0,1,1,0,1,0,1,1,1,1
957,1,1,1,0,1,0,0,1,0,0,1,1,0,1,0,1,1,1,1
958,1,1,1,0,1,0,0,1,0,0,1,0,0,1,0,1,1,1,1
959,1,0,1,0,1,0,0,1,0,0,1,0,0,1,0,1,1,1,1
960,1,0,1,0,1,0,0,1,0,0,0,0,0,1,0,1,1,1,1
961,1,0,1,0,1,0,0,1,0,0,0,0,0,1,0,1,1,1,1
962,1,0,1,0,1,0,0,1,0,0,0,0,0,1,0,1,1,1,0
963,1,0,1,0,1,0,0,1,0,0,0,0,0,0,0,1,1,1,0
964,1,0,1,0,1,0,0,1,0,0,1,0,0,0,0,0,1,1,0
965,1,0,1,0,1,0,0,1,0,0,1,0,0,0,0,0,1,1,1
966,1,0,0,0,1,0,0,1,0,0,1,0,0,0,0,0,1,1,1
967,1,0,0,0,1,0,0,1,0,0,1,0,0,0,0,0,1,1,1
968,1,0,0,0,1,0,0,1,0,1,1,0,0,0,0,0,1,1,1
969,1,0,1,0,1,0,0,1,0,1,1,0,0,0,0,0,1,1,1
970,1,0,1,0,1,0,0,1,0,1,1,0,0,0,0,0,1,1,1
971,1,0,1,0,1,0,0,1,0,1,1,0,0,0,0,0,1,1,1
972,1,0,1,0,1,0,0,1,0,1,1,0,0,0,0,0,1,1,1
973,1,0,1,0,1,0,0,1,0,1,1,0,0,1,0,0,1,1,1
974,1,0,1,0,1,0,0,1,0,1,1,0,0,1,0,0,0,1,1
975,0,0,1,0,1,0,0,1,0,1,1,1,0,1,0,0,0,1,1
976,1,0,1,0,1,0,0,1,0,0,1,1,0,1,0,0,1,1,1
977,1,0,1,0,1,0,0,1,0,0,1,1,0,1,0,0,1,1,1
978,1,0,1,0,1,0,0,1,0,0,1,1,0,1,0,0,1,1,1
979,1,0,1,0,1,0,0,1,0,0,1,1,0,1,0,0,1,1,1
980,1,0,1,0,1,0,0,0,0,1,0,1,0,1,0,0,1,1,1
981,1,0,1,0,1,0,0,0,0,1,0,1,0,1,0,0,1,1,1
982,1,0,1,0,1,0,0,0,0,1,0,1,0,1,0,0,1,1,1
983,1,0,1,0,1,0,0,0,0,1,1,0,0,1,0,0,1,1,1
984,1,0,1,0,1,0,0,0,0,1,1,0,0,1,0,0,1,1,1
985,0,0,1,0,1,0,0,0,0,1,1,0,0,0,0,0,1,1,1
986,0,0,1,0,1,0,0,0,0,1,1,0,0,0,0,0,1,1,1
987,0,0,1,1,1,0,0,0,0,1,1,0,0,0,0,1,1,1,1
988,0,0,1,1,1,0,0,0,0,1,1,0,0,0,0,1,1,1,1
989,0,0,0,1,1,0,0,1,0,1,1,0,0,0,0,1,1,1,1
990,0,0,0,1,1,0,0,1,0,1,1,1,0,0,0,1,1,1,1
991,0,0,0,1,1,0,0,1,0,1,1,1,0,0,0,1,1,1,1
992,0,0,0,1,1,0,0,1,0,0,1,1,0,0,0,1,1,1,1
993,0,0,0,1,1,0,0,1,0,0,1,1,0,0,0,1,1,1,1
994,0,0,1,1,1,0,0,1,0,0,1,1,0,0,0,1,1,1,1
995,0,0,1,1,1,0,0,1,0,0,1,1,0,0,0,1,1,1,1
996,0,0,1,1,0,1,0,1,0,0,1,1,0,0,0,1,1,1,1
997,0,0,1,1,0,1,0,0,0,0,1,1,0,0,0,1,1,1,1
998,0,0,1,1,0,1,0,0,0,0,0,0,0,0,0,1,1,1,1
999,0,0,1,1,0,1,0,0,0,0,0,0,0,0,0,1,1,1,0
